league,game_id,decision_hours,schema_version,season,week,home_team,away_team,kickoff,prediction_id,model_version,projection_generated_at,graded_at,matchup_group,actual_margin,actual_total,confidence,out_of_distribution,actual_horizon_hours,margin_interval_80_covered,model_spread,market_spread,spread_result,reference_movement_spread,same_book_line_clv_spread,close_spread,close_book_spread,close_observed_at_spread,model_total,market_total,total_result,reference_movement_total,same_book_line_clv_total,close_total,close_book_total,close_observed_at_total,shadow_spec_version,shadow_model_version,shadow_market_total,shadow_bias_total,shadow_bias_result,shadow_tempo_total,shadow_tempo_result
ncaa,401856766,24,2,2026,1,TCU,North Carolina,2026-08-29T16:00:00+00:00,664e6612a768634c3b5f93bd,ncaa-669bbfbc23152108,2026-08-28T11:25:51.738192Z,2026-09-09T15:41:05.062091+00:00,unknown,-5.0,25.0,preseason,False,28.56896161333333,True,13.514131895694325,9.0,LOSS,-1.0,,,,,52.64583234315639,46.5,LOSS,-0.5,,,,,,,,,,,
ncaa,401856766,1,2,2026,1,TCU,North Carolina,2026-08-29T16:00:00+00:00,7ca11446a39209bc6d475d0b,ncaa-669bbfbc23152108,2026-08-29T13:51:33.853599Z,2026-09-09T15:41:05.062091+00:00,unknown,-5.0,25.0,preseason,False,2.1405962225,True,13.499388231384218,8.0,LOSS,0.0,,,,,52.8237882595959,46.0,LOSS,0.0,,,,,,,,,,,
ncaa,401864494,1,2,2026,1,USC,San José State,2026-08-29T19:00:00+00:00,a6ef97e7177eeb22101d1904,ncaa-669bbfbc23152108,2026-08-29T13:51:33.853599Z,2026-09-09T15:41:05.062091+00:00,unknown,16.0,68.0,preseason,False,5.1405962225,True,30.551158568536444,38.5,WIN,0.0,,,,,52.70816008129864,61.5,LOSS,0.0,,,,,,,,,,,
ncaa,401858202,1,2,2026,1,Virginia,NC State,2026-08-29T19:30:00+00:00,1ee68ed161d1ad2b61225988,ncaa-669bbfbc23152108,2026-08-29T13:51:33.853599Z,2026-09-09T15:41:05.062091+00:00,unknown,26.0,42.0,preseason,False,5.6405962225,True,6.111349074146808,4.0,WIN,0.0,,,,,58.71654274157683,51.0,LOSS,-0.5,,,,,,,,,,,
ncaa,401864577,1,2,2026,1,North Dakota State,Jacksonville State,2026-08-29T21:30:00+00:00,13deec2da8df85edfbaf124f,ncaa-669bbfbc23152108,2026-08-29T19:25:38.901245Z,2026-09-09T15:41:05.062091+00:00,unknown,26.0,40.0,incomplete,False,2.072527431944444,True,14.944627955885268,7.0,WIN,0.0,,,,,58.329862038361775,46.5,LOSS,0.0,,,,,,,,,,,
ncaa,401866408,24,2,2026,1,Eastern Michigan,Sacramento State,2026-08-29T22:30:00+00:00,1d68151a1b6aba5d015dcf60,ncaa-669bbfbc23152108,2026-08-28T22:22:33.928528Z,2026-09-09T15:41:05.062091+00:00,unknown,11.0,45.0,incomplete,False,24.12390874222222,True,4.579728125039985,9.0,LOSS,0.5,,,,,57.64830042781154,53.0,LOSS,0.0,,,,,,,,,,,
ncaa,401866408,1,2,2026,1,Eastern Michigan,Sacramento State,2026-08-29T22:30:00+00:00,dd2ee43e6727bc3a05986731,ncaa-669bbfbc23152108,2026-08-29T19:25:38.901245Z,2026-09-09T15:41:05.062091+00:00,unknown,11.0,45.0,incomplete,False,3.0725274319444447,True,4.342685320724804,8.5,LOSS,0.0,,,,,57.636226413479584,53.0,LOSS,0.0,,,,,,,,,,,
ncaa,401858201,24,2,2026,1,Stanford,Hawai'i,2026-08-29T23:00:00+00:00,6808edd81a59b72366c7bc04,ncaa-669bbfbc23152108,2026-08-28T22:22:33.928528Z,2026-09-09T15:41:05.062091+00:00,unknown,10.0,64.0,preseason,False,24.62390874222222,True,3.585358079036981,4.0,LOSS,-0.5,,,,,50.27958285399561,48.5,WIN,0.0,,,,,,,,,,,
ncaa,401858201,1,2,2026,1,Stanford,Hawai'i,2026-08-29T23:00:00+00:00,3d605cdd6438bf14efa1e99b,ncaa-669bbfbc23152108,2026-08-29T19:25:38.901245Z,2026-09-09T15:41:05.062091+00:00,unknown,10.0,64.0,preseason,False,3.5725274319444447,True,3.416684387292144,5.0,LOSS,0.5,,,,,50.19755736821301,48.5,WIN,0.0,,,,,,,,,,,
ncaa,401864570,24,2,2026,1,Florida State,New Mexico State,2026-08-29T23:00:00+00:00,c05676a16ed7496a220d1b36,ncaa-669bbfbc23152108,2026-08-28T22:22:33.928528Z,2026-09-09T15:41:05.062091+00:00,unknown,17.0,51.0,preseason,False,24.62390874222222,True,17.684898876540593,31.0,WIN,0.0,,,,,51.199297658899184,53.5,WIN,0.0,,,,,,,,,,,
ncaa,401864570,1,2,2026,1,Florida State,New Mexico State,2026-08-29T23:00:00+00:00,d3d88f1f57de6f8c1a5661bd,ncaa-669bbfbc23152108,2026-08-29T19:25:38.901245Z,2026-09-09T15:41:05.062091+00:00,unknown,17.0,51.0,preseason,False,3.5725274319444447,True,17.64571655976783,31.0,WIN,0.0,,,,,51.36446262132606,53.5,WIN,0.0,,,,,,,,,,,
ncaa,401862693,24,2,2026,1,UNLV,Memphis,2026-08-30T02:00:00+00:00,ac69c5b0e7c14feff163cb96,ncaa-669bbfbc23152108,2026-08-28T22:22:33.928528Z,2026-09-09T15:41:05.062091+00:00,unknown,-6.0,48.0,preseason,False,27.62390874222222,True,15.268394758725988,4.0,LOSS,0.0,,,,,60.89441266592939,56.5,LOSS,-0.5,,,,,,,,,,,
ncaa,401862693,1,2,2026,1,UNLV,Memphis,2026-08-30T02:00:00+00:00,1abe8f9597c35ced9bd7ae04,ncaa-669bbfbc23152108,2026-08-29T22:40:59.489944Z,2026-09-09T15:41:05.062091+00:00,unknown,-6.0,48.0,preseason,False,3.316808348888889,True,15.100732805681968,4.0,LOSS,0.0,,,,,60.92427049693853,56.0,LOSS,0.0,,,,,,,,,,,
ncaa,401868129,1,2,2026,1,Northern Colorado,Weber State,2026-08-29T01:00:00+00:00,f638c14bc655a67c6c3472ec,ncaa-669bbfbc23152108,2026-08-28T22:22:33.928528Z,2026-09-09T15:41:05.062091+00:00,unknown,-1.0,59.0,incomplete,False,2.623908742222222,True,4.99980774558909,3.0,LOSS,0.0,,,,,48.96091034696077,50.5,LOSS,0.0,,,,,,,,,,,
ncaa,401868073,1,2,2026,1,Cal Poly,Idaho,2026-08-29T02:00:00+00:00,fd375379c845375b221e989b,ncaa-669bbfbc23152108,2026-08-28T22:22:33.928528Z,2026-09-09T15:41:05.062091+00:00,unknown,4.0,72.0,incomplete,False,3.623908742222222,True,2.9515912956850165,-4.5,WIN,0.0,,,,,55.46779012631677,53.5,WIN,0.0,,,,,,,,,,,
ncaa,401867916,24,2,2026,1,Wagner,Robert Morris,2026-08-29T16:00:00+00:00,ad6bff7612b03ef699983631,ncaa-669bbfbc23152108,2026-08-28T11:25:51.738192Z,2026-09-09T15:41:05.062091+00:00,unknown,-21.0,35.0,incomplete,False,28.56896161333333,False,15.840897302048926,5.5,LOSS,0.0,,,,,42.71307359325276,39.5,LOSS,0.0,,,,,,,,,,,
ncaa,401867916,1,2,2026,1,Wagner,Robert Morris,2026-08-29T16:00:00+00:00,469512ca5e31fcc21e43ee7a,ncaa-669bbfbc23152108,2026-08-29T13:51:33.853599Z,2026-09-09T15:41:05.062091+00:00,unknown,-21.0,35.0,incomplete,False,2.1405962225,False,15.606275314373796,5.5,LOSS,0.0,,,,,42.57522959346808,39.5,LOSS,0.0,,,,,,,,,,,
ncaa,401867882,1,2,2026,1,South Dakota,Central Connecticut,2026-08-29T18:00:00+00:00,b778026e4364833989b5a1c1,ncaa-669bbfbc23152108,2026-08-29T13:51:33.853599Z,2026-09-09T15:41:05.062091+00:00,unknown,39.0,79.0,incomplete,False,4.1405962225,True,19.287926095483687,23.5,LOSS,0.0,,,,,54.3499823427973,51.5,WIN,0.0,,,,,,,,,,,
ncaa,401868154,1,2,2026,1,Portland State,UC Davis,2026-08-29T19:00:00+00:00,f65321e7414d000f596569e9,ncaa-669bbfbc23152108,2026-08-29T13:51:33.853599Z,2026-09-09T15:41:05.062091+00:00,unknown,-7.0,55.0,incomplete,False,5.1405962225,True,-5.756169179816927,-24.5,WIN,0.0,,,,,56.64409742446666,62.5,WIN,0.0,,,,,,,,,,,
ncaa,401868324,1,2,2026,1,Alabama State,Southern,2026-08-29T19:00:00+00:00,9b4c632c48d9c44491b2c215,ncaa-669bbfbc23152108,2026-08-29T13:51:33.853599Z,2026-09-09T15:41:05.062091+00:00,unknown,-13.0,47.0,incomplete,False,5.1405962225,True,13.048642213647838,19.5,WIN,0.0,,,,,56.72133096064996,56.5,LOSS,0.0,,,,,,,,,,,
ncaa,401868022,1,2,2026,1,Holy Cross,Lehigh,2026-08-29T19:30:00+00:00,816bac9a574997cf8b8e2a04,ncaa-669bbfbc23152108,2026-08-29T13:51:33.853599Z,2026-09-09T15:41:05.062091+00:00,unknown,-25.0,45.0,incomplete,True,5.6405962225,False,9.6028919381105,-14.0,LOSS,0.0,,,,,48.67903083931802,47.5,LOSS,0.0,,,,,,,,,,,
ncaa,401868084,1,2,2026,1,Northern Arizona,Eastern Washington,2026-08-29T21:00:00+00:00,24e17123e7d5d3ff96a5cc8d,ncaa-669bbfbc23152108,2026-08-29T19:25:38.901245Z,2026-09-09T15:41:05.062091+00:00,unknown,7.0,61.0,incomplete,False,1.5725274319444444,True,15.329451927385223,5.5,WIN,0.0,,,,,56.29556988888676,55.5,WIN,0.0,,,,,,,,,,,
ncaa,401866620,1,2,2026,1,East Tennessee State,Campbell,2026-08-29T21:30:00+00:00,22ca4e7cdb7221feec5031d2,ncaa-669bbfbc23152108,2026-08-29T19:25:38.901245Z,2026-09-09T15:41:05.062091+00:00,unknown,-12.0,86.0,incomplete,False,2.072527431944444,False,20.453406846474216,7.0,LOSS,0.0,,,,,55.05494750941167,56.5,LOSS,0.0,,,,,,,,,,,
ncaa,401866618,1,2,2026,1,North Carolina A&T,Morgan State,2026-08-29T22:00:00+00:00,b2e8424286538060de896d8f,ncaa-669bbfbc23152108,2026-08-29T19:25:38.901245Z,2026-09-09T15:41:05.062091+00:00,unknown,-10.0,24.0,incomplete,True,2.5725274319444447,True,14.345076934187018,-7.5,LOSS,0.0,,,,,51.3811446319226,49.5,LOSS,0.0,,,,,,,,,,,
ncaa,401866619,1,2,2026,1,Stonehill,Bryant,2026-08-29T22:00:00+00:00,e2fe644c25349341232189df,ncaa-669bbfbc23152108,2026-08-29T19:25:38.901245Z,2026-09-09T15:41:05.062091+00:00,unknown,-18.0,30.0,incomplete,True,2.5725274319444447,False,16.33661064882767,-4.5,LOSS,0.0,,,,,45.61431962561727,45.5,LOSS,0.0,,,,,,,,,,,
ncaa,401867855,1,2,2026,1,Indiana State,Southeast Missouri State,2026-08-29T22:00:00+00:00,5bc3855f72f7b2bf69c40d2b,ncaa-669bbfbc23152108,2026-08-29T19:25:38.901245Z,2026-09-09T15:41:05.062091+00:00,unknown,-2.0,44.0,incomplete,False,2.5725274319444447,True,13.340658582786345,2.5,LOSS,0.0,,,,,56.93848863671655,52.5,LOSS,0.0,,,,,,,,,,,
ncaa,401867988,1,2,2026,1,Richmond,Bucknell,2026-08-29T22:00:00+00:00,78cd830a2f36a85c240923c8,ncaa-669bbfbc23152108,2026-08-29T19:25:38.901245Z,2026-09-09T15:41:05.062091+00:00,unknown,21.0,49.0,incomplete,False,2.5725274319444447,True,18.3318175763724,10.5,WIN,0.0,,,,,51.95326755662811,48.5,WIN,0.0,,,,,,,,,,,
ncaa,401868101,1,2,2026,1,Idaho State,VMI,2026-08-29T22:00:00+00:00,543d2a105509225c541ed46c,ncaa-669bbfbc23152108,2026-08-29T19:25:38.901245Z,2026-09-09T15:41:05.062091+00:00,unknown,28.0,48.0,incomplete,False,2.5725274319444447,True,22.52976389515547,34.5,WIN,0.0,,,,,55.93649917793434,53.5,LOSS,0.0,,,,,,,,,,,
ncaa,401868394,1,2,2026,1,Wofford,The Citadel,2026-08-29T22:00:00+00:00,acfb056417a56bc44a7d7f1d,ncaa-669bbfbc23152108,2026-08-29T19:25:38.901245Z,2026-09-09T15:41:05.062091+00:00,unknown,28.0,56.0,incomplete,False,2.5725274319444447,True,18.43622435056573,7.5,WIN,0.0,,,,,45.70956136864903,45.5,WIN,0.0,,,,,,,,,,,
ncaa,401866621,24,2,2026,1,Tennessee Tech,Monmouth,2026-08-29T23:00:00+00:00,8a4b7520eb05a027a4e4c3d5,ncaa-669bbfbc23152108,2026-08-28T22:22:33.928528Z,2026-09-09T15:41:05.062091+00:00,unknown,24.0,52.0,incomplete,False,24.62390874222222,True,15.078619835268547,8.5,WIN,0.0,,,,,57.54579750960243,58.5,WIN,0.0,,,,,,,,,,,
ncaa,401866621,1,2,2026,1,Tennessee Tech,Monmouth,2026-08-29T23:00:00+00:00,76337f4383594857fe780e4c,ncaa-669bbfbc23152108,2026-08-29T19:25:38.901245Z,2026-09-09T15:41:05.062091+00:00,unknown,24.0,52.0,incomplete,False,3.5725274319444447,True,14.850801876260276,8.5,WIN,0.0,,,,,57.61730482874794,58.5,WIN,0.0,,,,,,,,,,,
ncaa,401867977,24,2,2026,1,Texas Southern,North Carolina Central,2026-08-29T23:00:00+00:00,db1beb88a8700051a4f1e57a,ncaa-669bbfbc23152108,2026-08-28T22:22:33.928528Z,2026-09-09T15:41:05.062091+00:00,unknown,12.0,72.0,incomplete,True,24.62390874222222,True,10.392257131822925,-11.5,WIN,1.0,,,,,51.70863438390448,51.5,WIN,0.0,,,,,,,,,,,
ncaa,401867977,1,2,2026,1,Texas Southern,North Carolina Central,2026-08-29T23:00:00+00:00,c40529296995dfaaefe16349,ncaa-669bbfbc23152108,2026-08-29T19:25:38.901245Z,2026-09-09T15:41:05.062091+00:00,unknown,12.0,72.0,incomplete,True,3.5725274319444447,True,10.134717775610314,-11.5,WIN,1.0,1.0,-10.5,DraftKings,2026-08-29T22:40:46.892682+00:00,51.84093078610053,51.5,WIN,0.0,0.0,51.5,DraftKings,2026-08-29T22:40:46.892682+00:00,,,,,,,
ncaa,401868049,24,2,2026,1,Lamar,Abilene Christian,2026-08-29T23:00:00+00:00,f973618bc90381b88d08f4d0,ncaa-669bbfbc23152108,2026-08-28T22:22:33.928528Z,2026-09-09T15:41:05.062091+00:00,unknown,7.0,35.0,incomplete,False,24.62390874222222,True,5.508725337089928,-7.5,WIN,0.0,,,,,47.861608413564525,49.5,WIN,0.0,,,,,,,,,,,
ncaa,401868049,1,2,2026,1,Lamar,Abilene Christian,2026-08-29T23:00:00+00:00,9f82edaa0c1a1e78b17e33e2,ncaa-669bbfbc23152108,2026-08-29T19:25:38.901245Z,2026-09-09T15:41:05.062091+00:00,unknown,7.0,35.0,incomplete,False,3.5725274319444447,True,5.275571094425691,-7.5,WIN,0.0,,,,,47.79089265995108,49.5,WIN,0.0,,,,,,,,,,,
ncaa,401868139,24,2,2026,1,Western Carolina,Eastern Kentucky,2026-08-29T23:00:00+00:00,f12f3fa6a7f0eb1b9d6a0b47,ncaa-669bbfbc23152108,2026-08-28T22:22:33.928528Z,2026-09-09T15:41:05.062091+00:00,unknown,24.0,66.0,incomplete,False,24.62390874222222,True,13.74351751211255,4.5,WIN,-1.5,,,,,56.02265284944087,50.5,WIN,4.0,,,,,,,,,,,
ncaa,401868139,1,2,2026,1,Western Carolina,Eastern Kentucky,2026-08-29T23:00:00+00:00,906fc677ef05902e849f11fa,ncaa-669bbfbc23152108,2026-08-29T19:25:38.901245Z,2026-09-09T15:41:05.062091+00:00,unknown,24.0,66.0,incomplete,False,3.5725274319444447,True,13.599987713403534,3.0,WIN,0.0,,,,,56.15201427194901,54.5,WIN,0.0,,,,,,,,,,,
ncaa,401868149,24,2,2026,1,North Alabama,Samford,2026-08-29T23:00:00+00:00,074a36a75f3cef9776780471,ncaa-669bbfbc23152108,2026-08-28T22:22:33.928528Z,2026-09-09T15:41:05.062091+00:00,unknown,12.0,32.0,incomplete,False,24.62390874222222,True,8.573589472112321,7.5,WIN,-0.5,,,,,55.99121583538511,55.5,LOSS,0.0,,,,,,,,,,,
ncaa,401868149,1,2,2026,1,North Alabama,Samford,2026-08-29T23:00:00+00:00,1e41bbef085f56b6e96464ff,ncaa-669bbfbc23152108,2026-08-29T19:25:38.901245Z,2026-09-09T15:41:05.062091+00:00,unknown,12.0,32.0,incomplete,False,3.5725274319444447,True,8.508250986677579,7.0,WIN,0.0,,,,,55.82894016532755,55.5,LOSS,0.0,,,,,,,,,,,
ncaa,401868305,24,2,2026,1,McNeese,Stephen F. Austin,2026-08-29T23:00:00+00:00,1bcb6739f66d01e80ff4954d,ncaa-669bbfbc23152108,2026-08-28T22:22:33.928528Z,2026-09-09T15:41:05.062091+00:00,unknown,-11.0,65.0,incomplete,False,24.62390874222222,True,1.4687569015728217,-13.5,WIN,1.0,,,,,51.88444184555107,49.5,WIN,0.0,,,,,,,,,,,
ncaa,401868305,1,2,2026,1,McNeese,Stephen F. Austin,2026-08-29T23:00:00+00:00,08f9bd7434aaf75ce9ee59cf,ncaa-669bbfbc23152108,2026-08-29T19:25:38.901245Z,2026-09-09T15:41:05.062091+00:00,unknown,-11.0,65.0,incomplete,False,3.5725274319444447,True,1.2275442447253109,-12.5,WIN,0.0,,,,,51.93651647089868,48.5,WIN,1.0,,,,,,,,,,,
ncaa,401872615,24,2,2026,1,South Dakota State,Stetson,2026-08-29T23:00:00+00:00,ffe50a13ce6d9e67148c8f53,ncaa-669bbfbc23152108,2026-08-28T22:22:33.928528Z,2026-09-09T15:41:05.062091+00:00,unknown,63.0,77.0,incomplete,False,24.62390874222222,False,27.94133368226827,47.5,LOSS,-3.0,,,,,52.35068988314393,56.5,LOSS,-2.0,,,,,,,,,,,
ncaa,401872615,1,2,2026,1,South Dakota State,Stetson,2026-08-29T23:00:00+00:00,b230d302ddd2140fe6387b5a,ncaa-669bbfbc23152108,2026-08-29T19:25:38.901245Z,2026-09-09T15:41:05.062091+00:00,unknown,63.0,77.0,incomplete,True,3.5725274319444447,False,27.81459582256516,50.5,LOSS,0.0,,,,,52.36355948513688,58.5,LOSS,0.0,,,,,,,,,,,
ncaa,401874042,24,2,2026,1,Mercer,East Texas A&M,2026-08-29T23:00:00+00:00,d085f86bf93950b4c7557e65,ncaa-669bbfbc23152108,2026-08-28T22:22:33.928528Z,2026-09-09T15:41:05.062091+00:00,unknown,8.0,38.0,incomplete,False,24.62390874222222,True,23.042899027761987,23.5,WIN,1.0,,,,,59.349108126580575,60.5,WIN,3.0,,,,,,,,,,,
ncaa,401874042,1,2,2026,1,Mercer,East Texas A&M,2026-08-29T23:00:00+00:00,3211e7affb9bb3280ffb1e84,ncaa-669bbfbc23152108,2026-08-29T19:25:38.901245Z,2026-09-09T15:41:05.062091+00:00,unknown,8.0,38.0,incomplete,False,3.5725274319444447,True,22.88410003007652,22.5,LOSS,0.0,,,,,59.426754652488434,57.5,LOSS,0.0,,,,,,,,,,,
ncaa,401867935,24,2,2026,1,Howard,Alabama A&M,2026-08-29T23:30:00+00:00,3382e54893e9db398d30be27,ncaa-669bbfbc23152108,2026-08-28T22:22:33.928528Z,2026-09-09T15:41:05.062091+00:00,unknown,-7.0,55.0,incomplete,False,25.12390874222222,True,11.8813004381848,2.5,LOSS,-1.0,,,,,49.5042091649408,46.5,WIN,0.0,,,,,,,,,,,
ncaa,401867935,1,2,2026,1,Howard,Alabama A&M,2026-08-29T23:30:00+00:00,6504368c6bc726ac08e3b77f,ncaa-669bbfbc23152108,2026-08-29T19:25:38.901245Z,2026-09-09T15:41:05.062091+00:00,unknown,-7.0,55.0,incomplete,False,4.072527431944445,True,11.870929271620517,1.5,LOSS,0.0,,,,,49.4745525580632,46.5,WIN,0.0,,,,,,,,,,,
ncaa,401868110,24,2,2026,1,Montana,Southern Utah,2026-08-30T01:00:00+00:00,6ed2a510faf0cc64bf43c691,ncaa-669bbfbc23152108,2026-08-28T22:22:33.928528Z,2026-09-09T15:41:05.062091+00:00,unknown,7.0,49.0,incomplete,False,26.62390874222222,True,15.746102229076191,15.5,LOSS,0.0,,,,,58.07703066517532,58.5,WIN,-1.0,,,,,,,,,,,
ncaa,401868110,1,2,2026,1,Montana,Southern Utah,2026-08-30T01:00:00+00:00,886b4c89dc7f68f86646a82d,ncaa-669bbfbc23152108,2026-08-29T22:40:59.489944Z,2026-09-09T15:41:05.062091+00:00,unknown,7.0,49.0,incomplete,False,2.316808348888889,True,15.53003366730483,15.5,LOSS,0.0,,,,,58.343239717672354,59.5,WIN,0.0,,,,,,,,,,,
ncaa,401868235,24,2,2026,1,Tarleton State,Prairie View A&M,2026-08-30T01:00:00+00:00,27d6d8fbe7288199cc0f79ac,ncaa-669bbfbc23152108,2026-08-28T22:22:33.928528Z,2026-09-09T15:41:05.062091+00:00,unknown,19.0,79.0,incomplete,False,26.62390874222222,True,10.99786266945331,21.5,WIN,2.0,,,,,56.93308424770562,54.5,WIN,0.0,,,,,,,,,,,
ncaa,401868235,1,2,2026,1,Tarleton State,Prairie View A&M,2026-08-30T01:00:00+00:00,8b7d94694369bd091eb9df27,ncaa-669bbfbc23152108,2026-08-29T22:40:59.489944Z,2026-09-09T15:41:05.062091+00:00,unknown,19.0,79.0,incomplete,False,2.316808348888889,True,10.72233450572471,19.5,WIN,0.0,,,,,56.77503704013457,54.5,WIN,0.0,,,,,,,,,,,
ncaa,401868118,24,2,2026,1,Utah Tech,Montana State,2026-08-30T02:00:00+00:00,b2c37089d3ee2672972401b6,ncaa-669bbfbc23152108,2026-08-28T22:22:33.928528Z,2026-09-09T15:41:05.062091+00:00,unknown,-54.0,54.0,incomplete,True,27.62390874222222,False,-8.565382762419109,-31.5,LOSS,-1.0,,,,,49.31752735237935,56.5,WIN,-1.0,,,,,,,,,,,
ncaa,401868118,1,2,2026,1,Utah Tech,Montana State,2026-08-30T02:00:00+00:00,959184636357bb3874a7b1e2,ncaa-669bbfbc23152108,2026-08-29T22:40:59.489944Z,2026-09-09T15:41:05.062091+00:00,unknown,-54.0,54.0,incomplete,True,3.316808348888889,False,-8.896368153169183,-32.5,LOSS,0.0,,,,,49.39659232896274,57.5,WIN,0.0,,,,,,,,,,,
ncaa,401868194,1,2,2026,1,Tennessee State,Jackson State,2026-08-30T00:30:00+00:00,2b28b60c70069e7567700c6e,ncaa-669bbfbc23152108,2026-08-29T22:40:59.489944Z,2026-09-09T15:41:05.062091+00:00,unknown,-2.0,50.0,incomplete,False,1.8168083488888889,True,-5.874543911395993,-12.5,WIN,0.0,,,,,49.16132531301314,49.5,LOSS,0.0,,,,,,,,,,,
ncaa,401858423,24,2,2026,1,Rutgers,Massachusetts,2026-09-03T22:00:00+00:00,5b31f3f2cd8be00474074378,ncaa-669bbfbc23152108,2026-09-02T19:24:16.923104Z,2026-09-09T19:46:44.280278+00:00,unknown,-16.0,58.0,preseason,False,26.595299137777776,False,20.589218007926394,29.0,WIN,0.0,,,,,51.69766345350809,52.5,LOSS,-1.0,,,,,,,,,,,
ncaa,401858423,1,2,2026,1,Rutgers,Massachusetts,2026-09-03T22:00:00+00:00,7e4d4e08c1c04cbfbc4bc5e1,ncaa-669bbfbc23152108,2026-09-03T19:18:57.871137Z,2026-09-09T19:46:44.280278+00:00,unknown,-16.0,58.0,preseason,False,2.683924684166666,False,20.589218007926394,29.0,WIN,0.0,,,,,51.69766345350809,53.5,LOSS,0.0,,,,,,,,,,,
ncaa,401858204,24,2,2026,1,Wake Forest,Akron,2026-09-03T23:00:00+00:00,c2d61a5127afb023797b56ae,ncaa-669bbfbc23152108,2026-09-02T22:40:23.772554Z,2026-09-09T19:46:44.280278+00:00,unknown,22.0,54.0,preseason,False,24.32672984611112,True,19.0652274379234,25.0,WIN,-2.5,,,,,51.62163907304781,48.5,WIN,2.0,,,,,,,,,,,
ncaa,401858204,1,2,2026,1,Wake Forest,Akron,2026-09-03T23:00:00+00:00,322762be1bd1b7fe29fc519b,ncaa-669bbfbc23152108,2026-09-03T19:18:57.871137Z,2026-09-09T19:46:44.280278+00:00,unknown,22.0,54.0,preseason,False,3.683924684166666,True,19.0652274379234,27.5,WIN,0.0,,,,,51.62163907304781,50.0,WIN,0.5,,,,,,,,,,,
ncaa,401856776,24,2,2026,1,Georgia Tech,Colorado,2026-09-04T00:00:00+00:00,e73bf55298049659163cf155,ncaa-669bbfbc23152108,2026-09-02T22:40:23.772554Z,2026-09-09T19:46:44.280278+00:00,unknown,-1.0,27.0,preseason,False,25.32672984611112,True,16.950562506738624,6.5,LOSS,0.0,,,,,55.82812269194476,51.0,LOSS,1.5,,,,,,,,,,,
ncaa,401856776,1,2,2026,1,Georgia Tech,Colorado,2026-09-04T00:00:00+00:00,edf2719788969f14e46d6203,ncaa-669bbfbc23152108,2026-09-03T22:37:07.022403Z,2026-09-09T19:46:44.280278+00:00,unknown,-1.0,27.0,preseason,False,1.3813826658333332,True,16.950562506738624,6.5,LOSS,0.0,,,,,55.82812269194476,52.5,LOSS,0.0,,,,,,,,,,,
ncaa,401858424,24,2,2026,1,Illinois,UAB,2026-09-04T01:00:00+00:00,6c0844cc46ac0149136e5fce,ncaa-669bbfbc23152108,2026-09-02T22:40:23.772554Z,2026-09-09T19:46:44.280278+00:00,unknown,19.0,65.0,preseason,False,26.32672984611112,True,12.327262774191018,27.5,WIN,1.0,,,,,52.28776915042722,54.5,LOSS,0.0,,,,,,,,,,,
ncaa,401858424,1,2,2026,1,Illinois,UAB,2026-09-04T01:00:00+00:00,3e4df0c4afbcbd098dbb4708,ncaa-669bbfbc23152108,2026-09-03T22:37:07.022403Z,2026-09-09T19:46:44.280278+00:00,unknown,19.0,65.0,preseason,False,2.381382665833333,True,12.327262774191018,26.5,WIN,0.0,,,,,52.28776915042722,54.5,LOSS,0.0,,,,,,,,,,,
ncaa,401864495,24,2,2026,1,Eastern Michigan,San José State,2026-09-04T22:30:00+00:00,5c78dbdd2e274e3e1724a1cb,ncaa-669bbfbc23152108,2026-09-03T19:18:57.871137Z,2026-09-09T19:46:44.280278+00:00,unknown,-6.0,48.0,preseason,False,27.18392468416667,True,13.679565896113944,3.0,LOSS,-1.5,,,,,53.427722029516616,56.0,WIN,1.0,,,,,,,,,,,
ncaa,401864495,1,2,2026,1,Eastern Michigan,San José State,2026-09-04T22:30:00+00:00,520be96bd9721605801049c2,ncaa-669bbfbc23152108,2026-09-04T19:00:57.849330Z,2026-09-09T19:46:44.280278+00:00,unknown,-6.0,48.0,preseason,False,3.4839307416666667,True,13.057857671522966,3.0,LOSS,-1.5,,,,,53.50278765202985,56.0,WIN,1.0,,,,,,,,,,,
ncaa,401858429,24,2,2026,1,Michigan State,Toledo,2026-09-05T00:00:00+00:00,b96b7855df4ad69f0edcc60b,ncaa-669bbfbc23152108,2026-09-03T22:37:07.022403Z,2026-09-09T19:46:44.280278+00:00,unknown,10.0,50.0,preseason,False,25.38138266583333,True,-0.4904146563571869,10.0,PUSH,-0.5,,,,,51.98719867561811,46.5,WIN,2.0,,,,,,,,,,,
ncaa,401858429,1,2,2026,1,Michigan State,Toledo,2026-09-05T00:00:00+00:00,f746d57374cb3e3be9179b42,ncaa-669bbfbc23152108,2026-09-04T22:22:40.936302Z,2026-09-09T19:46:44.280278+00:00,unknown,10.0,50.0,preseason,False,1.6219621383333334,True,-0.6659425709882435,10.5,WIN,0.0,,,,,51.90947481660744,48.5,WIN,0.0,,,,,,,,,,,
ncaa,401856664,24,2,2026,1,Oklahoma,UTEP,2026-09-05T00:00:00+00:00,f9f48e188b1723d43c49bdae,ncaa-669bbfbc23152108,2026-09-03T22:37:07.022403Z,2026-09-09T19:46:44.280278+00:00,unknown,51.0,51.0,preseason,False,25.38138266583333,True,23.304787625818864,41.5,LOSS,0.5,,,,,48.480035239798426,51.5,WIN,1.5,,,,,,,,,,,
ncaa,401856664,1,2,2026,1,Oklahoma,UTEP,2026-09-05T00:00:00+00:00,edb0f8153a1fc409c1f3de02,ncaa-669bbfbc23152108,2026-09-04T22:22:40.936302Z,2026-09-09T19:46:44.280278+00:00,unknown,51.0,51.0,preseason,False,1.6219621383333334,True,22.29622123923201,41.0,LOSS,0.0,,,,,48.27100254043257,50.0,LOSS,0.0,,,,,,,,,,,
ncaa,401858436,24,2,2026,1,USC,Fresno State,2026-09-05T01:00:00+00:00,ebfdf50a381648e2541e16bc,ncaa-669bbfbc23152108,2026-09-03T22:37:07.022403Z,2026-09-09T19:46:44.280278+00:00,unknown,39.0,39.0,preseason,False,26.38138266583333,True,25.077037332644725,21.5,WIN,0.0,,,,,51.69893994937624,51.5,LOSS,-0.5,,,,,,,,,,,
ncaa,401858436,1,2,2026,1,USC,Fresno State,2026-09-05T01:00:00+00:00,2507c9d094210fa62ced2401,ncaa-669bbfbc23152108,2026-09-04T22:22:40.936302Z,2026-09-09T19:46:44.280278+00:00,unknown,39.0,39.0,preseason,False,2.621962138333333,True,24.5275875485912,21.5,WIN,0.0,,,,,51.85269415831035,51.0,LOSS,0.0,,,,,,,,,,,
ncaa,401858206,24,2,2026,1,Stanford,Miami,2026-09-05T01:00:00+00:00,fb9125f46d99e469f03c99bd,ncaa-669bbfbc23152108,2026-09-03T22:37:07.022403Z,2026-09-09T19:46:44.280278+00:00,unknown,-39.0,51.0,preseason,False,26.38138266583333,True,-12.489902928886243,-24.0,LOSS,-0.5,,,,,51.15928213495573,48.0,WIN,-1.5,,,,,,,,,,,
ncaa,401858206,1,2,2026,1,Stanford,Miami,2026-09-05T01:00:00+00:00,994fcc9bb00b5c68ebba4cb6,ncaa-669bbfbc23152108,2026-09-04T22:22:40.936302Z,2026-09-09T19:46:44.280278+00:00,unknown,-39.0,51.0,preseason,False,2.621962138333333,True,-12.593477932486111,-24.5,LOSS,0.0,,,,,51.36844675958196,46.5,WIN,0.0,,,,,,,,,,,
ncaa,401869960,24,2,2026,1,James Madison,Liberty,2026-09-05T16:00:00+00:00,7665ee0c9ed011ebc345cc14,ncaa-669bbfbc23152108,2026-09-04T15:35:39.527780Z,2026-09-09T19:46:44.280278+00:00,unknown,7.0,33.0,preseason,False,24.405686727777777,True,16.223345198349687,6.5,WIN,-0.5,,,,,52.926490479417225,50.5,LOSS,0.0,,,,,,,,,,,
ncaa,401869960,1,2,2026,1,James Madison,Liberty,2026-09-05T16:00:00+00:00,096203c443f05cb9c409988f,ncaa-669bbfbc23152108,2026-09-05T11:52:00.600717Z,2026-09-09T19:46:44.280278+00:00,unknown,7.0,33.0,preseason,False,4.133166467500001,True,15.86582277586329,6.0,WIN,0.0,,,,,52.93029917380477,50.5,LOSS,0.0,,,,,,,,,,,
ncaa,401858425,24,2,2026,1,Indiana,North Texas,2026-09-05T16:00:00+00:00,deab3b2d5eac093def1ae9ea,ncaa-669bbfbc23152108,2026-09-04T15:35:39.527780Z,2026-09-09T19:46:44.280278+00:00,unknown,36.0,68.0,preseason,False,24.405686727777777,True,27.940733150260733,41.0,WIN,0.5,,,,,59.56298839130664,57.0,WIN,-1.0,,,,,,,,,,,
ncaa,401858425,1,2,2026,1,Indiana,North Texas,2026-09-05T16:00:00+00:00,56f19294b7b135a1e26a5463,ncaa-669bbfbc23152108,2026-09-05T11:52:00.600717Z,2026-09-09T19:46:44.280278+00:00,unknown,36.0,68.0,preseason,False,4.133166467500001,True,29.16950955597704,41.0,WIN,0.5,,,,,59.60653048810235,57.0,WIN,-1.0,,,,,,,,,,,
ncaa,401856634,24,2,2026,1,Alabama,East Carolina,2026-09-05T16:00:00+00:00,24d03d11ce92697a10442fc7,ncaa-669bbfbc23152108,2026-09-04T15:35:39.527780Z,2026-09-09T19:46:44.280278+00:00,unknown,38.0,58.0,preseason,False,24.405686727777777,True,24.20376620615121,28.0,LOSS,0.0,,,,,54.09821783714903,52.5,WIN,0.0,,,,,,,,,,,
ncaa,401856634,1,2,2026,1,Alabama,East Carolina,2026-09-05T16:00:00+00:00,1ef60c21ded1943b5f8105bd,ncaa-669bbfbc23152108,2026-09-05T11:52:00.600717Z,2026-09-09T19:46:44.280278+00:00,unknown,38.0,58.0,preseason,False,4.133166467500001,True,25.084007616185552,28.0,LOSS,0.0,,,,,54.09872117018086,52.5,WIN,0.0,,,,,,,,,,,
ncaa,401858430,24,2,2026,1,Nebraska,Ohio,2026-09-05T16:00:00+00:00,663e3932584765d5f762c052,ncaa-669bbfbc23152108,2026-09-04T15:35:39.527780Z,2026-09-09T19:46:44.280278+00:00,unknown,28.0,70.0,preseason,False,24.405686727777777,True,6.36608862914685,23.5,LOSS,-0.5,,,,,51.71599421312564,46.0,WIN,0.5,,,,,,,,,,,
ncaa,401858430,1,2,2026,1,Nebraska,Ohio,2026-09-05T16:00:00+00:00,b03362611832c75128d7b1ed,ncaa-669bbfbc23152108,2026-09-05T11:52:00.600717Z,2026-09-09T19:46:44.280278+00:00,unknown,28.0,70.0,preseason,False,4.133166467500001,True,6.431685658355657,23.5,LOSS,-0.5,,,,,51.73670392429736,46.0,WIN,0.5,,,,,,,,,,,
ncaa,401856778,24,2,2026,1,Houston,Oregon State,2026-09-05T16:00:00+00:00,be01e0b1dc0cc3304b789d8b,ncaa-669bbfbc23152108,2026-09-04T15:35:39.527780Z,2026-09-09T19:46:44.280278+00:00,unknown,13.0,53.0,preseason,False,24.405686727777777,True,25.55902838167939,21.0,LOSS,-0.5,,,,,46.637038313811736,49.5,LOSS,-1.0,,,,,,,,,,,
ncaa,401856778,1,2,2026,1,Houston,Oregon State,2026-09-05T16:00:00+00:00,f56eee3129e981521a36049a,ncaa-669bbfbc23152108,2026-09-05T11:52:00.600717Z,2026-09-09T19:46:44.280278+00:00,unknown,13.0,53.0,preseason,False,4.133166467500001,True,25.66150593029995,20.5,LOSS,0.0,,,,,46.60732168190655,50.5,LOSS,0.0,,,,,,,,,,,
ncaa,401856780,24,2,2026,1,West Virginia,Coastal Carolina,2026-09-05T16:00:00+00:00,7588c48e352898b2321f026d,ncaa-669bbfbc23152108,2026-09-04T15:35:39.527780Z,2026-09-09T19:46:44.280278+00:00,unknown,7.0,55.0,preseason,False,24.405686727777777,True,15.810245490692914,21.0,WIN,0.0,,,,,53.52466219353901,56.0,WIN,1.5,,,,,,,,,,,
ncaa,401856780,1,2,2026,1,West Virginia,Coastal Carolina,2026-09-05T16:00:00+00:00,34a66768a4c862a619ba47d0,ncaa-669bbfbc23152108,2026-09-05T11:52:00.600717Z,2026-09-09T19:46:44.280278+00:00,unknown,7.0,55.0,preseason,False,4.133166467500001,True,16.033046592852443,21.0,WIN,0.0,,,,,53.510911694820194,55.0,PUSH,0.5,,,,,,,,,,,
ncaa,401858207,24,2,2026,1,Pittsburgh,Miami (OH),2026-09-05T16:30:00+00:00,ce7f36f40243c3b2653801b3,ncaa-669bbfbc23152108,2026-09-04T15:35:39.527780Z,2026-09-09T19:46:44.280278+00:00,unknown,45.0,73.0,preseason,False,24.905686727777777,True,13.003431227744413,16.0,LOSS,0.0,,,,,51.26212068951879,47.0,WIN,0.0,,,,,,,,,,,
ncaa,401858207,1,2,2026,1,Pittsburgh,Miami (OH),2026-09-05T16:30:00+00:00,127a6003980bcd0b7a07c6d9,ncaa-669bbfbc23152108,2026-09-05T15:16:38.162944Z,2026-09-09T19:46:44.280278+00:00,unknown,45.0,73.0,preseason,False,1.2227325155555555,True,13.1613882094053,16.0,LOSS,0.0,,,,,51.23804847163103,47.0,WIN,0.0,,,,,,,,,,,
ncaa,401858432,24,2,2026,1,Ohio State,Ball State,2026-09-05T16:30:00+00:00,df6aac6696a10f4847f9eee2,ncaa-669bbfbc23152108,2026-09-04T15:35:39.527780Z,2026-09-09T19:46:44.280278+00:00,unknown,53.0,59.0,preseason,False,24.905686727777777,True,34.31690085788035,51.0,LOSS,0.0,,,,,48.36339213959129,56.5,LOSS,0.0,,,,,,,,,,,
ncaa,401858432,1,2,2026,1,Ohio State,Ball State,2026-09-05T16:30:00+00:00,7968451818643a7d3465a61d,ncaa-669bbfbc23152108,2026-09-05T15:16:38.162944Z,2026-09-09T19:46:44.280278+00:00,unknown,53.0,59.0,preseason,False,1.2227325155555555,True,36.11765818551566,51.0,LOSS,0.0,,,,,48.36310621132455,56.5,LOSS,0.0,,,,,,,,,,,
ncaa,401856665,24,2,2026,1,South Carolina,Kent State,2026-09-05T16:45:00+00:00,56f7e799b16805c4dfca3761,ncaa-669bbfbc23152108,2026-09-04T15:35:39.527780Z,2026-09-09T19:46:44.280278+00:00,unknown,57.0,57.0,preseason,False,25.155686727777777,False,27.46224931620448,36.5,LOSS,0.0,,,,,52.2463506355993,53.5,LOSS,0.0,,,,,,,,,,,
ncaa,401856665,1,2,2026,1,South Carolina,Kent State,2026-09-05T16:45:00+00:00,947810fbb23409b75a2a0ff8,ncaa-669bbfbc23152108,2026-09-05T15:16:38.162944Z,2026-09-09T19:46:44.280278+00:00,unknown,57.0,57.0,preseason,False,1.4727325155555555,False,27.396134663928823,36.5,LOSS,0.0,,,,,52.23965738140271,53.5,LOSS,0.0,,,,,,,,,,,
ncaa,401856777,24,2,2026,1,Cincinnati,Boston College,2026-09-05T19:30:00+00:00,4692602497e03b2aeb2c6d90,ncaa-669bbfbc23152108,2026-09-04T19:00:57.849330Z,2026-09-09T19:46:44.280278+00:00,unknown,19.0,49.0,preseason,False,24.48393074166667,True,13.68332633412968,7.5,WIN,-0.5,,,,,56.15076110415782,50.0,LOSS,1.0,,,,,,,,,,,
ncaa,401856777,1,2,2026,1,Cincinnati,Boston College,2026-09-05T19:30:00+00:00,79f66fe5fd2ad22dfa7982be,ncaa-669bbfbc23152108,2026-09-05T18:20:42.878824Z,2026-09-09T19:46:44.280278+00:00,unknown,19.0,49.0,preseason,False,1.154755882222222,True,13.702608466080324,7.0,WIN,0.0,,,,,56.147260544802094,51.0,LOSS,0.0,,,,,,,,,,,
ncaa,401856667,24,2,2026,1,Texas,Texas State,2026-09-05T19:30:00+00:00,667d4cd3912b3f793342a9a1,ncaa-669bbfbc23152108,2026-09-04T19:00:57.849330Z,2026-09-09T19:46:44.280278+00:00,unknown,52.0,66.0,preseason,False,24.48393074166667,False,16.648048304432834,29.5,LOSS,0.0,,,,,56.82239982337446,60.0,LOSS,0.0,,,,,,,,,,,
ncaa,401856667,1,2,2026,1,Texas,Texas State,2026-09-05T19:30:00+00:00,2654a4463aaa852ae476e7a7,ncaa-669bbfbc23152108,2026-09-05T18:20:42.878824Z,2026-09-09T19:46:44.280278+00:00,unknown,52.0,66.0,preseason,False,1.154755882222222,False,17.944436100039965,29.5,LOSS,0.0,,,,,56.8333280010261,60.0,LOSS,0.0,,,,,,,,,,,
ncaa,401858209,24,2,2026,1,Duke,Tulane,2026-09-05T19:30:00+00:00,0b1f3d4d0d41c481f3d330e0,ncaa-669bbfbc23152108,2026-09-04T19:00:57.849330Z,2026-09-09T19:46:44.280278+00:00,unknown,14.0,20.0,preseason,False,24.48393074166667,True,12.162722450800684,7.5,WIN,0.5,,,,,55.58129347511039,50.5,LOSS,0.0,,,,,,,,,,,
ncaa,401858209,1,2,2026,1,Duke,Tulane,2026-09-05T19:30:00+00:00,cec466e10b3416bab2b56773,ncaa-669bbfbc23152108,2026-09-05T18:20:42.878824Z,2026-09-09T19:46:44.280278+00:00,unknown,14.0,20.0,preseason,False,1.154755882222222,True,11.977977315457291,8.0,WIN,0.0,,,,,55.58638682693037,50.5,LOSS,0.0,,,,,,,,,,,
ncaa,401856636,24,2,2026,1,Auburn,Baylor,2026-09-05T19:30:00+00:00,0f69b229f9b183d83e4a17ae,ncaa-669bbfbc23152108,2026-09-04T19:00:57.849330Z,2026-09-09T19:46:44.280278+00:00,unknown,1.0,33.0,preseason,False,24.48393074166667,True,11.689612769637732,7.5,LOSS,-1.0,,,,,53.367312119158896,59.5,WIN,1.0,,,,,,,,,,,
ncaa,401856636,1,2,2026,1,Auburn,Baylor,2026-09-05T19:30:00+00:00,2825f8d4d1825c2525acc2ad,ncaa-669bbfbc23152108,2026-09-05T18:20:42.878824Z,2026-09-09T19:46:44.280278+00:00,unknown,1.0,33.0,preseason,False,1.154755882222222,True,11.317094319624458,6.5,LOSS,0.0,,,,,53.383555783213325,58.5,WIN,0.0,,,,,,,,,,,
ncaa,401858433,24,2,2026,1,Oregon,Boise State,2026-09-05T19:30:00+00:00,1d8f5b429b23e3a2e326e92d,ncaa-669bbfbc23152108,2026-09-04T19:00:57.849330Z,2026-09-09T19:46:44.280278+00:00,unknown,7.0,61.0,preseason,False,24.48393074166667,True,25.240563800332737,25.0,LOSS,0.0,,,,,55.38352427964786,51.5,WIN,0.0,,,,,,,,,,,
ncaa,401858433,1,2,2026,1,Oregon,Boise State,2026-09-05T19:30:00+00:00,b7326894e8fa8e42053a007e,ncaa-669bbfbc23152108,2026-09-05T18:20:42.878824Z,2026-09-09T19:46:44.280278+00:00,unknown,7.0,61.0,preseason,False,1.154755882222222,True,26.76010090572949,25.0,LOSS,0.0,,,,,55.3926134010831,51.5,WIN,0.0,,,,,,,,,,,
ncaa,401858434,24,2,2026,1,Penn State,Marshall,2026-09-05T19:30:00+00:00,afb253a5acc28227166a9f8e,ncaa-669bbfbc23152108,2026-09-04T19:00:57.849330Z,2026-09-09T19:46:44.280278+00:00,unknown,45.0,45.0,preseason,False,24.48393074166667,True,10.75835850683921,23.5,LOSS,0.5,,,,,54.60309254168305,52.0,LOSS,0.0,,,,,,,,,,,
ncaa,401858434,1,2,2026,1,Penn State,Marshall,2026-09-05T19:30:00+00:00,2191a2f4f145c070f293c191,ncaa-669bbfbc23152108,2026-09-05T18:20:42.878824Z,2026-09-09T19:46:44.280278+00:00,unknown,45.0,45.0,preseason,False,1.154755882222222,True,11.013553271604488,23.0,LOSS,0.0,,,,,54.61240444394227,52.0,LOSS,0.0,,,,,,,,,,,
ncaa,401856772,24,2,2026,1,Tulsa,Oklahoma State,2026-09-05T19:45:00+00:00,09e53795a5140cf45974d38e,ncaa-669bbfbc23152108,2026-09-04T19:00:57.849330Z,2026-09-09T19:46:44.280278+00:00,unknown,14.0,34.0,preseason,True,24.73393074166667,True,19.583718334710422,-13.5,WIN,0.5,,,,,53.11991721702836,59.0,WIN,1.5,,,,,,,,,,,
ncaa,401856772,1,2,2026,1,Tulsa,Oklahoma State,2026-09-05T19:45:00+00:00,f7387877863fa84d953e66e6,ncaa-669bbfbc23152108,2026-09-05T18:20:42.878824Z,2026-09-09T19:46:44.280278+00:00,unknown,14.0,34.0,preseason,True,1.404755882222222,True,19.48699782288012,-13.0,WIN,0.0,,,,,53.15977424113298,57.5,WIN,0.0,,,,,,,,,,,
ncaa,401858426,24,2,2026,1,Iowa,Northern Illinois,2026-09-05T20:15:00+00:00,ce33ab70818f797bd552cf4e,ncaa-669bbfbc23152108,2026-09-04T19:00:57.849330Z,2026-09-09T19:46:44.280278+00:00,unknown,40.0,40.0,preseason,False,25.23393074166667,True,24.82963722320212,32.0,LOSS,0.0,,,,,48.24522724075314,44.5,LOSS,0.0,,,,,,,,,,,
ncaa,401858426,1,2,2026,1,Iowa,Northern Illinois,2026-09-05T20:15:00+00:00,26304344c5eaa4bae923646f,ncaa-669bbfbc23152108,2026-09-05T18:20:42.878824Z,2026-09-09T19:46:44.280278+00:00,unknown,40.0,40.0,preseason,False,1.904755882222222,True,24.939077666370142,32.0,LOSS,0.0,,,,,48.261018673607175,44.5,LOSS,0.0,,,,,,,,,,,
ncaa,401860878,24,2,2026,1,Colorado State,Wyoming,2026-09-05T22:00:00+00:00,69dc7da59e1b7cdf31beb82b,ncaa-669bbfbc23152108,2026-09-04T19:00:57.849330Z,2026-09-09T19:46:44.280278+00:00,unknown,22.0,48.0,preseason,False,26.98393074166667,True,11.09965665911394,3.0,WIN,0.0,,,,,49.20389257621499,46.5,WIN,0.0,,,,,,,,,,,
ncaa,401860878,1,2,2026,1,Colorado State,Wyoming,2026-09-05T22:00:00+00:00,895da95ae9b30d745402821c,ncaa-669bbfbc23152108,2026-09-05T18:20:42.878824Z,2026-09-09T19:46:44.280278+00:00,unknown,22.0,48.0,preseason,False,3.654755882222223,True,10.97462323568233,3.0,WIN,0.0,,,,,49.23208999316871,46.5,WIN,0.0,,,,,,,,,,,
ncaa,401862699,24,2,2026,1,South Florida,Florida International,2026-09-05T23:00:00+00:00,16b3b7827517e48ddd7d9179,ncaa-669bbfbc23152108,2026-09-04T22:22:40.936302Z,2026-09-09T19:46:44.280278+00:00,unknown,10.0,28.0,preseason,False,24.62196213833333,True,17.277679348993345,14.5,LOSS,0.0,,,,,60.1429030360364,52.0,LOSS,1.0,,,,,,,,,,,
ncaa,401862699,1,2,2026,1,South Florida,Florida International,2026-09-05T23:00:00+00:00,5cc086252fd2b2b4ebe3d584,ncaa-669bbfbc23152108,2026-09-05T18:20:42.878824Z,2026-09-09T19:46:44.280278+00:00,unknown,10.0,28.0,preseason,False,4.654755882222222,True,16.97834916052162,14.5,LOSS,0.0,,,,,60.18355672607476,53.0,LOSS,0.0,,,,,,,,,,,
ncaa,401870763,24,2,2026,1,Troy,Sam Houston,2026-09-05T23:00:00+00:00,465ed0c3e7f5d331ce58d2cf,ncaa-669bbfbc23152108,2026-09-04T22:22:40.936302Z,2026-09-09T19:46:44.280278+00:00,unknown,3.0,45.0,preseason,False,24.62196213833333,True,12.099467718649525,17.0,WIN,0.5,,,,,50.3583422378922,55.0,WIN,2.0,,,,,,,,,,,
ncaa,401870763,1,2,2026,1,Troy,Sam Houston,2026-09-05T23:00:00+00:00,475cc01b409b789cfeec8259,ncaa-669bbfbc23152108,2026-09-05T18:20:42.878824Z,2026-09-09T19:46:44.280278+00:00,unknown,3.0,45.0,preseason,False,4.654755882222222,True,12.202140123487212,16.5,WIN,0.0,,,,,50.39413593224613,53.0,WIN,0.0,,,,,,,,,,,
ncaa,401862695,24,2,2026,1,Memphis,Arkansas State,2026-09-05T23:00:00+00:00,be1dde08de1e71a9c1693a0f,ncaa-669bbfbc23152108,2026-09-04T22:22:40.936302Z,2026-09-09T19:46:44.280278+00:00,unknown,18.0,66.0,preseason,False,24.62196213833333,True,13.211709570977108,10.5,WIN,0.0,,,,,55.60285921201306,51.5,WIN,0.5,,,,,,,,,,,
ncaa,401862695,1,2,2026,1,Memphis,Arkansas State,2026-09-05T23:00:00+00:00,c5eaf689f93dbe10abee4e96,ncaa-669bbfbc23152108,2026-09-05T18:20:42.878824Z,2026-09-09T19:46:44.280278+00:00,unknown,18.0,66.0,preseason,False,4.654755882222222,True,13.101009244128338,10.5,WIN,0.0,,,,,55.62248176844492,52.0,WIN,0.0,,,,,,,,,,,
ncaa,401856668,24,2,2026,1,Texas A&M,Missouri State,2026-09-05T23:00:00+00:00,bafcb56c3da0e3b55c5d2ea8,ncaa-669bbfbc23152108,2026-09-04T22:22:40.936302Z,2026-09-09T19:46:44.280278+00:00,unknown,50.0,50.0,preseason,False,24.62196213833333,True,30.40079142045444,40.5,LOSS,0.0,,,,,57.99390359979248,53.5,LOSS,0.0,,,,,,,,,,,
ncaa,401856668,1,2,2026,1,Texas A&M,Missouri State,2026-09-05T23:00:00+00:00,31554e36eb627f066450c0a0,ncaa-669bbfbc23152108,2026-09-05T18:20:42.878824Z,2026-09-09T19:46:44.280278+00:00,unknown,50.0,50.0,preseason,False,4.654755882222222,True,31.65634556401162,40.5,LOSS,0.0,,,,,58.00529228823556,53.5,LOSS,0.0,,,,,,,,,,,
ncaa,401856662,24,2,2026,1,Mississippi State,UL Monroe,2026-09-05T23:30:00+00:00,77cba916268bb7ae10deb45c,ncaa-669bbfbc23152108,2026-09-04T22:22:40.936302Z,2026-09-09T19:46:44.280278+00:00,unknown,49.0,75.0,preseason,False,25.12196213833333,False,11.414540675224382,28.5,LOSS,0.0,,,,,51.94238868207066,55.0,LOSS,0.0,,,,,,,,,,,
ncaa,401856662,1,2,2026,1,Mississippi State,UL Monroe,2026-09-05T23:30:00+00:00,ee0e71fc5950952f8def70c1,ncaa-669bbfbc23152108,2026-09-05T22:04:49.204713Z,2026-09-09T19:46:44.280278+00:00,unknown,49.0,75.0,preseason,False,1.4196653575,False,11.7132143755762,28.5,LOSS,0.0,,,,,51.96840761311235,55.0,LOSS,0.0,,,,,,,,,,,
ncaa,401858428,24,2,2026,1,Michigan,Western Michigan,2026-09-05T23:30:00+00:00,5680d28d6bed6fbe1e72ded7,ncaa-669bbfbc23152108,2026-09-04T22:22:40.936302Z,2026-09-09T19:46:44.280278+00:00,unknown,1.0,25.0,preseason,False,25.12196213833333,True,14.468327358363172,27.5,WIN,0.0,,,,,49.7319767231088,49.5,LOSS,0.0,,,,,,,,,,,
ncaa,401858428,1,2,2026,1,Michigan,Western Michigan,2026-09-05T23:30:00+00:00,8382336f8595c8653dddb359,ncaa-669bbfbc23152108,2026-09-05T22:04:49.204713Z,2026-09-09T19:46:44.280278+00:00,unknown,1.0,25.0,preseason,False,1.4196653575,True,15.21640374478244,27.5,WIN,0.0,,,,,49.74386744954393,49.5,LOSS,0.0,,,,,,,,,,,
ncaa,401856660,24,2,2026,1,LSU,Clemson,2026-09-05T23:30:00+00:00,5daf2546fc84571d20116365,ncaa-669bbfbc23152108,2026-09-04T22:22:40.936302Z,2026-09-09T19:46:44.280278+00:00,unknown,41.0,61.0,preseason,False,25.12196213833333,True,11.478834508216572,10.0,WIN,0.0,,,,,50.79308138211055,50.5,WIN,-0.5,,,,,,,,,,,
ncaa,401856660,1,2,2026,1,LSU,Clemson,2026-09-05T23:30:00+00:00,6484864a6d57eebd87962a09,ncaa-669bbfbc23152108,2026-09-05T22:04:49.204713Z,2026-09-09T19:46:44.280278+00:00,unknown,41.0,61.0,preseason,False,1.4196653575,True,11.666562509080189,10.0,WIN,0.0,,,,,50.8239709329272,50.0,WIN,0.0,,,,,,,,,,,
ncaa,401856637,24,2,2026,1,Florida,Florida Atlantic,2026-09-05T23:45:00+00:00,b9ed0e6a5266b7ec3d5af433,ncaa-669bbfbc23152108,2026-09-04T22:22:40.936302Z,2026-09-09T19:46:44.280278+00:00,unknown,45.0,87.0,preseason,False,25.37196213833333,True,17.3333655885748,26.5,LOSS,0.0,,,,,55.32101350491463,59.5,LOSS,0.0,,,,,,,,,,,
ncaa,401856637,1,2,2026,1,Florida,Florida Atlantic,2026-09-05T23:45:00+00:00,3e3eab7345f12e25bb1bd2b9,ncaa-669bbfbc23152108,2026-09-05T22:04:49.204713Z,2026-09-09T19:46:44.280278+00:00,unknown,45.0,87.0,preseason,False,1.6696653575,True,17.3355532193953,26.5,LOSS,0.0,,,,,55.3280857523994,59.5,LOSS,0.0,,,,,,,,,,,
ncaa,401864498,24,2,2026,1,New Mexico,Central Michigan,2026-09-06T02:00:00+00:00,78dac2c834cfdba56df55ace,ncaa-669bbfbc23152108,2026-09-04T22:22:40.936302Z,2026-09-09T19:46:44.280278+00:00,unknown,31.0,45.0,preseason,False,27.62196213833333,True,12.902656431620748,10.0,WIN,1.0,,,,,49.95017839484377,46.5,LOSS,0.5,,,,,,,,,,,
ncaa,401864498,1,2,2026,1,New Mexico,Central Michigan,2026-09-06T02:00:00+00:00,1391d61868d607cac654d3fc,ncaa-669bbfbc23152108,2026-09-05T22:04:49.204713Z,2026-09-09T19:46:44.280278+00:00,unknown,31.0,45.0,preseason,False,3.9196653575,True,12.75931027588716,11.0,WIN,0.0,,,,,49.95337191032003,47.0,LOSS,0.0,,,,,,,,,,,
ncaa,401864497,24,2,2026,1,Hawai'i,UNLV,2026-09-06T02:00:00+00:00,15a060f2476e849753c61c8e,ncaa-669bbfbc23152108,2026-09-04T22:22:40.936302Z,2026-09-09T19:46:44.280278+00:00,unknown,-15.0,27.0,preseason,False,27.62196213833333,True,5.907633864592005,-3.0,LOSS,0.0,,,,,57.92943416539927,55.5,LOSS,0.0,,,,,,,,,,,
ncaa,401864497,1,2,2026,1,Hawai'i,UNLV,2026-09-06T02:00:00+00:00,0f36dc31eab4e54152972b5a,ncaa-669bbfbc23152108,2026-09-05T22:04:49.204713Z,2026-09-09T19:46:44.280278+00:00,unknown,-15.0,27.0,preseason,False,3.9196653575,True,5.7545573913575385,-3.0,LOSS,0.0,,,,,57.93937944143256,55.5,LOSS,0.0,,,,,,,,,,,
ncaa,401864432,24,2,2026,1,Nevada,Western Kentucky,2026-09-06T02:30:00+00:00,4df02251e42d659b3192c1dd,ncaa-669bbfbc23152108,2026-09-04T22:22:40.936302Z,2026-09-09T19:46:44.280278+00:00,unknown,35.0,63.0,preseason,False,28.12196213833333,False,-1.618252238975506,-1.0,LOSS,-2.0,,,,,49.42168162966118,52.5,LOSS,1.0,,,,,,,,,,,
ncaa,401864432,1,2,2026,1,Nevada,Western Kentucky,2026-09-06T02:30:00+00:00,2da9c4e994f88d0df7e6246a,ncaa-669bbfbc23152108,2026-09-05T22:04:49.204713Z,2026-09-09T19:46:44.280278+00:00,unknown,35.0,63.0,preseason,False,4.4196653575,False,-1.5438208624882743,1.0,LOSS,0.0,,,,,49.44183738548089,51.5,LOSS,0.0,,,,,,,,,,,
ncaa,401858210,24,2,2026,1,California,UCLA,2026-09-06T02:30:00+00:00,894b1184dbbac012ba04ac52,ncaa-669bbfbc23152108,2026-09-04T22:22:40.936302Z,2026-09-09T19:46:44.280278+00:00,unknown,-21.0,69.0,preseason,False,28.12196213833333,False,6.846882561638145,-2.5,LOSS,0.0,,,,,49.18700095882703,53.5,LOSS,0.0,,,,,,,,,,,
ncaa,401858210,1,2,2026,1,California,UCLA,2026-09-06T02:30:00+00:00,02cf2bf623a09e55a6ac5065,ncaa-669bbfbc23152108,2026-09-05T22:04:49.204713Z,2026-09-09T19:46:44.280278+00:00,unknown,-21.0,69.0,preseason,False,4.4196653575,False,6.995042314899759,-2.5,LOSS,0.0,,,,,49.195827444663,53.5,LOSS,0.0,,,,,,,,,,,
ncaa,401858437,24,2,2026,1,Washington,Washington State,2026-09-06T20:00:00+00:00,75bc07dd61dd6378403f1269,ncaa-669bbfbc23152108,2026-09-05T18:20:42.878824Z,2026-09-09T19:46:44.280278+00:00,unknown,14.0,34.0,preseason,False,25.654755882222226,True,20.944156756159547,23.0,WIN,0.0,,,,,49.48385310807812,51.0,WIN,0.0,,,,,,,,,,,
ncaa,401858437,1,2,2026,1,Washington,Washington State,2026-09-06T20:00:00+00:00,da508e4f62b698698caeb2f4,ncaa-669bbfbc23152108,2026-09-06T18:19:46.119654Z,2026-09-09T19:46:44.280278+00:00,unknown,14.0,34.0,preseason,False,1.670522318333333,True,21.457695539999914,23.0,WIN,0.0,,,,,50.5660471517086,51.0,WIN,0.0,,,,,,,,,,,
ncaa,401856661,24,2,2026,1,Ole Miss,Louisville,2026-09-06T23:30:00+00:00,620cdfa47077242c0af13f29,ncaa-669bbfbc23152108,2026-09-05T22:04:49.204713Z,2026-09-09T19:46:44.280278+00:00,unknown,3.0,79.0,preseason,False,25.4196653575,True,18.97746336614317,6.5,LOSS,0.0,,,,,56.63644444604233,55.0,WIN,0.0,,,,,,,,,,,
ncaa,401856661,1,2,2026,1,Ole Miss,Louisville,2026-09-06T23:30:00+00:00,2b2f12270517976e655c7e1c,ncaa-669bbfbc23152108,2026-09-06T22:08:54.169217Z,2026-09-09T19:46:44.280278+00:00,unknown,3.0,79.0,preseason,False,1.3516196619444445,True,19.79375185035252,6.5,LOSS,0.0,,,,,55.64448648654755,55.0,WIN,0.0,,,,,,,,,,,
ncaa,401858438,24,2,2026,1,Notre Dame,Wisconsin,2026-09-06T23:30:00+00:00,7ccd0eff4bac83dff0ecd04b,ncaa-669bbfbc23152108,2026-09-05T22:04:49.204713Z,2026-09-09T19:46:44.280278+00:00,unknown,28.0,54.0,preseason,False,25.4196653575,True,34.35122030430501,20.5,WIN,0.0,,,,,49.29786412553226,46.5,WIN,0.0,,,,,,,,,,,
ncaa,401858438,1,2,2026,1,Notre Dame,Wisconsin,2026-09-06T23:30:00+00:00,4097eb0e87aee57adc73a1e9,ncaa-669bbfbc23152108,2026-09-06T22:08:54.169217Z,2026-09-09T19:46:44.280278+00:00,unknown,28.0,54.0,preseason,False,1.3516196619444445,True,34.283438834840624,20.5,WIN,0.0,,,,,50.25373092397129,46.5,WIN,0.0,,,,,,,,,,,
ncaa,401858212,24,2,2026,1,Florida State,SMU,2026-09-07T23:30:00+00:00,8242a3e7323acd248db7ef16,ncaa-669bbfbc23152108,2026-09-06T22:08:54.169217Z,2026-09-09T19:46:44.280278+00:00,unknown,-3.0,51.0,preseason,False,25.351619661944444,True,-5.485826408789775,-3.0,PUSH,0.0,,,,,54.69051745315474,53.0,LOSS,1.5,,,,,,,,,,,
ncaa,401858212,1,2,2026,1,Florida State,SMU,2026-09-07T23:30:00+00:00,34f264958ae02d5faf816185,ncaa-669bbfbc23152108,2026-09-07T19:59:52.742380Z,2026-09-09T19:46:44.280278+00:00,unknown,-3.0,51.0,preseason,False,3.502016005555556,True,-5.460134257052252,-2.5,WIN,0.5,,,,,54.72953406538479,54.5,LOSS,0.0,,,,,,,,,,,
ncaa,401864424,24,2,2026,1,Delaware,Merrimack,2026-09-03T23:00:00+00:00,75c65598cba9147e4e8af686,ncaa-669bbfbc23152108,2026-09-02T22:40:23.772554Z,2026-09-09T19:46:44.280278+00:00,unknown,35.0,49.0,incomplete,False,24.32672984611112,True,29.12166170241992,28.5,WIN,3.0,,,,,52.46981945392248,55.5,WIN,-1.0,,,,,,,,,,,
ncaa,401864424,1,2,2026,1,Delaware,Merrimack,2026-09-03T23:00:00+00:00,6d4dfb18bbd60640427147d5,ncaa-669bbfbc23152108,2026-09-03T19:18:57.871137Z,2026-09-09T19:46:44.280278+00:00,unknown,35.0,49.0,incomplete,False,3.683924684166666,True,29.12166170241996,31.5,LOSS,0.0,0.0,31.5,DraftKings,2026-09-03T22:36:49.616795+00:00,52.46981945392248,56.5,WIN,0.0,0.0,56.5,DraftKings,2026-09-03T22:36:49.616795+00:00,,,,,,,
ncaa,401864425,24,2,2026,1,Kennesaw State,West Georgia,2026-09-03T23:00:00+00:00,42b561832da75eb9ef4e3ce7,ncaa-669bbfbc23152108,2026-09-02T22:40:23.772554Z,2026-09-09T19:46:44.280278+00:00,unknown,47.0,47.0,incomplete,False,24.32672984611112,True,22.68685748097288,22.5,WIN,0.0,,,,,50.97670733320807,51.5,WIN,1.0,,,,,,,,,,,
ncaa,401864425,1,2,2026,1,Kennesaw State,West Georgia,2026-09-03T23:00:00+00:00,93cbed7ab5b230a128d3f11a,ncaa-669bbfbc23152108,2026-09-03T19:18:57.871137Z,2026-09-09T19:46:44.280278+00:00,unknown,47.0,47.0,incomplete,False,3.683924684166666,True,22.68685748097289,22.5,WIN,0.0,,,,,50.97670733320807,50.5,LOSS,0.0,,,,,,,,,,,
ncaa,401856767,24,2,2026,1,UCF,Bethune-Cookman,2026-09-03T23:00:00+00:00,5d6d231d03c7fac20e75422b,ncaa-669bbfbc23152108,2026-09-02T22:40:23.772554Z,2026-09-09T19:46:44.280278+00:00,unknown,67.0,79.0,incomplete,False,24.32672984611112,False,30.441787934443205,42.5,LOSS,-1.0,-1.0,43.5,DraftKings,2026-09-03T22:36:49.616795+00:00,51.74421664324929,58.5,LOSS,0.0,0.0,58.5,DraftKings,2026-09-03T22:36:49.616795+00:00,,,,,,,
ncaa,401856767,1,2,2026,1,UCF,Bethune-Cookman,2026-09-03T23:00:00+00:00,d3007cf81814452e6b6353d0,ncaa-669bbfbc23152108,2026-09-03T19:18:57.871137Z,2026-09-09T19:46:44.280278+00:00,unknown,67.0,79.0,incomplete,False,3.683924684166666,False,30.441787934443248,42.5,LOSS,-1.0,-1.0,43.5,DraftKings,2026-09-03T22:36:49.616795+00:00,51.74421664324929,58.5,LOSS,0.0,0.0,58.5,DraftKings,2026-09-03T22:36:49.616795+00:00,,,,,,,
ncaa,401866409,24,2,2026,1,Buffalo,UAlbany,2026-09-03T23:00:00+00:00,48ddf89bcaa56bd5884f0af5,ncaa-669bbfbc23152108,2026-09-02T22:40:23.772554Z,2026-09-09T19:46:44.280278+00:00,unknown,4.0,38.0,incomplete,False,24.32672984611112,True,16.085511924015123,18.5,WIN,0.0,,,,,49.23131770611529,48.5,LOSS,-1.0,,,,,,,,,,,
ncaa,401866409,1,2,2026,1,Buffalo,UAlbany,2026-09-03T23:00:00+00:00,b1b923cb666198bf422b5f87,ncaa-669bbfbc23152108,2026-09-03T19:18:57.871137Z,2026-09-09T19:46:44.280278+00:00,unknown,4.0,38.0,incomplete,False,3.683924684166666,True,16.085511924015123,18.5,WIN,0.0,,,,,49.23131770611528,47.5,LOSS,0.0,,,,,,,,,,,
ncaa,401858422,24,2,2026,1,Minnesota,Eastern Illinois,2026-09-04T00:00:00+00:00,c3db9c9a907309318d886875,ncaa-669bbfbc23152108,2026-09-02T22:40:23.772554Z,2026-09-09T19:46:44.280278+00:00,unknown,52.0,66.0,incomplete,True,25.32672984611112,False,21.309843608243497,42.5,LOSS,0.0,,,,,48.8038550731016,51.5,LOSS,-1.0,,,,,,,,,,,
ncaa,401858422,1,2,2026,1,Minnesota,Eastern Illinois,2026-09-04T00:00:00+00:00,6cd3e5857a7711f337e163c3,ncaa-669bbfbc23152108,2026-09-03T22:37:07.022403Z,2026-09-09T19:46:44.280278+00:00,unknown,52.0,66.0,incomplete,True,1.3813826658333332,False,21.309843608243497,42.5,LOSS,0.0,,,,,48.8038550731016,52.5,LOSS,0.0,,,,,,,,,,,
ncaa,401856663,24,2,2026,1,Missouri,Arkansas-Pine Bluff,2026-09-04T00:00:00+00:00,5ed54f0dc98a3c549bf93f7f,ncaa-669bbfbc23152108,2026-09-02T22:40:23.772554Z,2026-09-09T19:46:44.280278+00:00,unknown,40.0,68.0,incomplete,True,25.32672984611112,True,28.09800363867744,54.5,WIN,-1.0,,,,,50.57102190141702,61.5,LOSS,-1.0,,,,,,,,,,,
ncaa,401856663,1,2,2026,1,Missouri,Arkansas-Pine Bluff,2026-09-04T00:00:00+00:00,91780b05f56c83a0f1018b59,ncaa-669bbfbc23152108,2026-09-03T22:37:07.022403Z,2026-09-09T19:46:44.280278+00:00,unknown,40.0,68.0,incomplete,True,1.3813826658333332,True,28.09800363867744,55.5,WIN,0.0,,,,,50.57102190141702,62.5,LOSS,0.0,,,,,,,,,,,
ncaa,401856768,24,2,2026,1,Utah,Idaho,2026-09-04T01:00:00+00:00,ebd04ff81d8d7a1e9e17bccc,ncaa-669bbfbc23152108,2026-09-02T22:40:23.772554Z,2026-09-09T19:46:44.280278+00:00,unknown,52.0,80.0,incomplete,False,26.32672984611112,False,23.422402470830026,35.5,LOSS,-2.0,,,,,56.01128062851264,57.5,LOSS,-2.0,,,,,,,,,,,
ncaa,401856768,1,2,2026,1,Utah,Idaho,2026-09-04T01:00:00+00:00,fddcdca6aa62fe81cb80737c,ncaa-669bbfbc23152108,2026-09-03T22:37:07.022403Z,2026-09-09T19:46:44.280278+00:00,unknown,52.0,80.0,incomplete,False,2.381382665833333,False,23.422402470830026,37.5,LOSS,0.0,,,,,56.01128062851264,59.5,LOSS,0.0,,,,,,,,,,,
ncaa,401858435,24,2,2026,1,Purdue,Indiana State,2026-09-04T23:00:00+00:00,b7490b62f5f3d1e57e2d859c,ncaa-669bbfbc23152108,2026-09-03T22:37:07.022403Z,2026-09-09T19:46:44.280278+00:00,unknown,25.0,63.0,incomplete,False,24.38138266583333,True,20.09338341291458,35.5,WIN,0.0,,,,,54.618690896429904,55.5,LOSS,-0.5,,,,,,,,,,,
ncaa,401858435,1,2,2026,1,Purdue,Indiana State,2026-09-04T23:00:00+00:00,36e7d0357f16757aceaa7b1f,ncaa-669bbfbc23152108,2026-09-04T19:00:57.849330Z,2026-09-09T19:46:44.280278+00:00,unknown,25.0,63.0,incomplete,False,3.9839307416666654,True,20.91018489699984,35.5,WIN,0.0,,,,,54.55070991441732,56.0,LOSS,0.0,,,,,,,,,,,
ncaa,401866623,24,2,2026,1,Georgia State,North Carolina A&T,2026-09-04T23:00:00+00:00,0df4920b114fa2b8a394f692,ncaa-669bbfbc23152108,2026-09-03T22:37:07.022403Z,2026-09-09T19:46:44.280278+00:00,unknown,49.0,69.0,incomplete,False,24.38138266583333,True,30.09933905833579,29.5,WIN,-1.5,,,,,54.112624787072335,62.5,LOSS,1.5,,,,,,,,,,,
ncaa,401866623,1,2,2026,1,Georgia State,North Carolina A&T,2026-09-04T23:00:00+00:00,533ecd41b8c669efb7d2819a,ncaa-669bbfbc23152108,2026-09-04T19:00:57.849330Z,2026-09-09T19:46:44.280278+00:00,unknown,49.0,69.0,incomplete,False,3.9839307416666654,True,30.70492629929937,28.0,WIN,0.0,,,,,54.12039735561424,61.0,LOSS,0.0,,,,,,,,,,,
ncaa,401856769,24,2,2026,1,Kansas,Long Island University,2026-09-05T00:00:00+00:00,0e847a4759d7a42e96ec8184,ncaa-669bbfbc23152108,2026-09-03T22:37:07.022403Z,2026-09-09T19:46:44.280278+00:00,unknown,45.0,57.0,incomplete,True,25.38138266583333,False,12.733905273344195,41.5,LOSS,-0.5,,,,,47.984546770464455,54.5,LOSS,0.0,,,,,,,,,,,
ncaa,401856769,1,2,2026,1,Kansas,Long Island University,2026-09-05T00:00:00+00:00,3a9bfd59da1c8e66ab54ee30,ncaa-669bbfbc23152108,2026-09-04T22:22:40.936302Z,2026-09-09T19:46:44.280278+00:00,unknown,45.0,57.0,incomplete,True,1.6219621383333334,False,12.690064718083924,42.0,LOSS,0.0,,,,,48.358585620636575,54.5,LOSS,0.0,,,,,,,,,,,
ncaa,401866410,24,2,2026,1,Bowling Green,Tarleton State,2026-09-05T16:00:00+00:00,0d6ece08c8363f4302377515,ncaa-669bbfbc23152108,2026-09-04T15:35:39.527780Z,2026-09-09T19:46:44.280278+00:00,unknown,-7.0,33.0,incomplete,False,24.405686727777777,True,10.76006395104884,2.5,LOSS,-0.5,,,,,54.31849782646241,48.5,LOSS,-0.5,,,,,,,,,,,
ncaa,401866410,1,2,2026,1,Bowling Green,Tarleton State,2026-09-05T16:00:00+00:00,d83326e19d92e167be52d9d5,ncaa-669bbfbc23152108,2026-09-05T11:52:00.600717Z,2026-09-09T19:46:44.280278+00:00,unknown,-7.0,33.0,incomplete,False,4.133166467500001,True,10.84632259388667,2.0,LOSS,0.0,,,,,54.30998872228854,48.0,LOSS,0.0,,,,,,,,,,,
ncaa,401861962,24,2,2026,1,UConn,Lafayette,2026-09-05T16:00:00+00:00,1bdfddb90a6265fb4c87800b,ncaa-669bbfbc23152108,2026-09-04T15:35:39.527780Z,2026-09-09T19:46:44.280278+00:00,unknown,49.0,63.0,incomplete,False,24.405686727777777,True,32.14947278643135,19.5,WIN,0.0,2.0,21.5,DraftKings,2026-09-05T15:21:00.871211+00:00,59.109635369908055,51.5,WIN,0.0,1.0,52.5,DraftKings,2026-09-05T15:21:00.871211+00:00,,,,,,,
ncaa,401861962,1,2,2026,1,UConn,Lafayette,2026-09-05T16:00:00+00:00,517cb1331039ed5838ccc967,ncaa-669bbfbc23152108,2026-09-05T11:52:00.600717Z,2026-09-09T19:46:44.280278+00:00,unknown,49.0,63.0,incomplete,False,4.133166467500001,True,32.05191717816458,19.5,WIN,0.0,,,,,59.14088807110224,51.5,WIN,0.0,,,,,,,,,,,
ncaa,401862701,24,2,2026,1,Army,Bryant,2026-09-05T16:00:00+00:00,822f15b10741310537b54b11,ncaa-669bbfbc23152108,2026-09-04T15:35:39.527780Z,2026-09-09T19:46:44.280278+00:00,unknown,56.0,62.0,incomplete,True,24.405686727777777,False,16.473194524301118,36.5,LOSS,-0.5,,,,,46.92173151813581,51.5,LOSS,1.0,,,,,,,,,,,
ncaa,401862701,1,2,2026,1,Army,Bryant,2026-09-05T16:00:00+00:00,c55766eaa9da99bead16981d,ncaa-669bbfbc23152108,2026-09-05T11:52:00.600717Z,2026-09-09T19:46:44.280278+00:00,unknown,56.0,62.0,incomplete,True,4.133166467500001,False,16.462309931303906,37.0,LOSS,0.0,,,,,46.93917488705144,50.5,LOSS,0.0,,,,,,,,,,,
ncaa,401858208,24,2,2026,1,Syracuse,New Hampshire,2026-09-05T16:00:00+00:00,0cb8fa347eb7d02690f872fc,ncaa-669bbfbc23152108,2026-09-04T15:35:39.527780Z,2026-09-09T19:46:44.280278+00:00,unknown,63.0,69.0,incomplete,True,24.405686727777777,False,9.362090242645568,33.5,LOSS,-1.0,,,,,49.44076089896637,54.5,LOSS,-1.0,,,,,,,,,,,
ncaa,401858208,1,2,2026,1,Syracuse,New Hampshire,2026-09-05T16:00:00+00:00,6c9eb93f3abaffad0a6aeea9,ncaa-669bbfbc23152108,2026-09-05T11:52:00.600717Z,2026-09-09T19:46:44.280278+00:00,unknown,63.0,69.0,incomplete,True,4.133166467500001,False,9.375413013369783,34.5,LOSS,0.0,,,,,49.44527862275711,55.0,LOSS,-0.5,,,,,,,,,,,
ncaa,401856659,24,2,2026,1,Kentucky,Youngstown State,2026-09-05T17:00:00+00:00,fb028cc32e54e23674d9a98b,ncaa-669bbfbc23152108,2026-09-04T15:35:39.527780Z,2026-09-09T19:46:44.280278+00:00,unknown,32.0,58.0,incomplete,False,25.405686727777777,True,22.61633116299577,22.5,WIN,-0.5,,,,,56.691183810135406,62.5,WIN,0.0,,,,,,,,,,,
ncaa,401856659,1,2,2026,1,Kentucky,Youngstown State,2026-09-05T17:00:00+00:00,3623a18834460e4cf97b5325,ncaa-669bbfbc23152108,2026-09-05T15:16:38.162944Z,2026-09-09T19:46:44.280278+00:00,unknown,32.0,58.0,incomplete,False,1.7227325155555555,True,22.33920021494153,22.0,WIN,0.0,,,,,56.73519887189451,62.5,WIN,0.0,,,,,,,,,,,
ncaa,401864496,24,2,2026,1,Air Force,Duquesne,2026-09-05T17:00:00+00:00,812cc33aee19cc85702d4585,ncaa-669bbfbc23152108,2026-09-04T15:35:39.527780Z,2026-09-09T19:46:44.280278+00:00,unknown,34.0,34.0,incomplete,False,25.405686727777777,True,13.480613883734618,28.5,LOSS,0.0,,,,,54.19582076016224,57.5,WIN,0.0,,,,,,,,,,,
ncaa,401864496,1,2,2026,1,Air Force,Duquesne,2026-09-05T17:00:00+00:00,d94fa09aff3c17d0ae925f81,ncaa-669bbfbc23152108,2026-09-05T15:16:38.162944Z,2026-09-09T19:46:44.280278+00:00,unknown,34.0,34.0,incomplete,False,1.7227325155555555,True,13.487788793789314,28.5,LOSS,0.0,,,,,54.24653829374178,57.5,WIN,0.0,,,,,,,,,,,
ncaa,401856779,24,2,2026,1,Iowa State,Southeast Missouri State,2026-09-05T17:00:00+00:00,37a220bab392544e9b443d04,ncaa-669bbfbc23152108,2026-09-04T15:35:39.527780Z,2026-09-09T19:46:44.280278+00:00,unknown,28.0,48.0,incomplete,False,25.405686727777777,True,20.13361692260036,29.5,WIN,-1.0,,,,,52.58545123388549,53.5,WIN,0.0,,,,,,,,,,,
ncaa,401856779,1,2,2026,1,Iowa State,Southeast Missouri State,2026-09-05T17:00:00+00:00,18aaf89368c41b6841848488,ncaa-669bbfbc23152108,2026-09-05T15:16:38.162944Z,2026-09-09T19:46:44.280278+00:00,unknown,28.0,48.0,incomplete,False,1.7227325155555555,True,20.0812270286356,30.5,WIN,0.0,,,,,52.56273186311889,53.5,WIN,0.0,,,,,,,,,,,
ncaa,401862698,24,2,2026,1,Temple,Rhode Island,2026-09-05T18:00:00+00:00,468aae8614a14231b5366fb0,ncaa-669bbfbc23152108,2026-09-04T15:35:39.527780Z,2026-09-09T19:46:44.280278+00:00,unknown,24.0,52.0,incomplete,False,26.405686727777777,True,14.727580326085985,14.5,WIN,0.0,,,,,54.7359735296967,51.5,WIN,-0.5,,,,,,,,,,,
ncaa,401862698,1,2,2026,1,Temple,Rhode Island,2026-09-05T18:00:00+00:00,258d9018e0f0c9f4e245a33b,ncaa-669bbfbc23152108,2026-09-05T15:16:38.162944Z,2026-09-09T19:46:44.280278+00:00,unknown,24.0,52.0,incomplete,False,2.722732515555556,True,14.479489152940506,14.5,LOSS,0.0,,,,,54.75682453776243,51.0,WIN,0.0,,,,,,,,,,,
ncaa,401856658,24,2,2026,1,Georgia,Tennessee State,2026-09-05T19:00:00+00:00,32a807ebf72c0075ab155ffb,ncaa-669bbfbc23152108,2026-09-04T15:35:39.527780Z,2026-09-09T19:46:44.280278+00:00,unknown,60.0,66.0,incomplete,True,27.405686727777777,False,17.332049999999988,46.5,LOSS,-2.5,,,,,43.89365000000001,55.5,LOSS,0.5,,,,,,,,,,,
ncaa,401856658,1,2,2026,1,Georgia,Tennessee State,2026-09-05T19:00:00+00:00,66e0f48a38ce305b20c49717,ncaa-669bbfbc23152108,2026-09-05T15:16:38.162944Z,2026-09-09T19:46:44.280278+00:00,unknown,60.0,66.0,incomplete,True,3.722732515555556,False,17.321499999999986,46.5,LOSS,-2.5,,,,,43.8905,54.5,LOSS,-0.5,,,,,,,,,,,
ncaa,401862700,24,2,2026,1,UTSA,UT Rio Grande Valley,2026-09-05T19:30:00+00:00,a28dad84aac09c18d39b38ec,ncaa-669bbfbc23152108,2026-09-04T19:00:57.849330Z,2026-09-09T19:46:44.280278+00:00,unknown,29.0,61.0,incomplete,False,24.48393074166667,True,13.68121290785367,28.5,LOSS,0.0,,,,,55.838029576034806,59.5,LOSS,0.0,,,,,,,,,,,
ncaa,401862700,1,2,2026,1,UTSA,UT Rio Grande Valley,2026-09-05T19:30:00+00:00,22598feb269ef361d81c03aa,ncaa-669bbfbc23152108,2026-09-05T18:20:42.878824Z,2026-09-09T19:46:44.280278+00:00,unknown,29.0,61.0,incomplete,False,1.154755882222222,True,13.752817306934697,28.5,LOSS,0.0,,,,,55.85737306065329,59.5,LOSS,0.0,,,,,,,,,,,
ncaa,401862696,24,2,2026,1,Navy,Towson,2026-09-05T19:30:00+00:00,416733249b82e13261a2dbe3,ncaa-669bbfbc23152108,2026-09-04T19:00:57.849330Z,2026-09-09T19:46:44.280278+00:00,unknown,27.0,57.0,incomplete,False,24.48393074166667,True,18.861477431516885,30.5,WIN,0.0,,,,,53.42052190288785,49.5,WIN,1.0,,,,,,,,,,,
ncaa,401862696,1,2,2026,1,Navy,Towson,2026-09-05T19:30:00+00:00,10418817ab53815088e13541,ncaa-669bbfbc23152108,2026-09-05T18:20:42.878824Z,2026-09-09T19:46:44.280278+00:00,unknown,27.0,57.0,incomplete,False,1.154755882222222,True,18.89098486863569,30.5,WIN,0.0,,,,,53.41470085362818,50.5,WIN,0.0,,,,,,,,,,,
ncaa,401866627,24,2,2026,1,App State,Maine,2026-09-05T19:30:00+00:00,3c0902858c269c11a6afca25,ncaa-669bbfbc23152108,2026-09-04T19:00:57.849330Z,2026-09-09T19:46:44.280278+00:00,unknown,52.0,58.0,incomplete,False,24.48393074166667,False,12.777294486618825,19.5,LOSS,-1.5,,,,,52.93200925954906,53.5,LOSS,-0.5,,,,,,,,,,,
ncaa,401866627,1,2,2026,1,App State,Maine,2026-09-05T19:30:00+00:00,74e908bd19db30bb06bd778b,ncaa-669bbfbc23152108,2026-09-05T18:20:42.878824Z,2026-09-09T19:46:44.280278+00:00,unknown,52.0,58.0,incomplete,False,1.154755882222222,False,12.754774000715956,21.0,LOSS,0.0,,,,,52.94652215871388,54.0,LOSS,0.0,,,,,,,,,,,
ncaa,401864499,24,2,2026,1,North Dakota State,Fordham,2026-09-05T19:30:00+00:00,91d5196583e45bae636c8247,ncaa-669bbfbc23152108,2026-09-04T19:00:57.849330Z,2026-09-09T19:46:44.280278+00:00,unknown,38.0,38.0,incomplete,False,24.48393074166667,True,36.81198227516718,41.5,WIN,0.0,,,,,52.39004176769398,56.5,WIN,2.5,,,,,,,,,,,
ncaa,401864499,1,2,2026,1,North Dakota State,Fordham,2026-09-05T19:30:00+00:00,a2f1310ea93afd1c46370bab,ncaa-669bbfbc23152108,2026-09-05T18:20:42.878824Z,2026-09-09T19:46:44.280278+00:00,unknown,38.0,38.0,incomplete,False,1.154755882222222,True,37.14477597193955,41.5,WIN,0.0,,,,,52.42046339754663,54.0,WIN,0.0,,,,,,,,,,,
ncaa,401856666,24,2,2026,1,Tennessee,Furman,2026-09-05T19:30:00+00:00,aaaca883a1cf00dc50034022,ncaa-669bbfbc23152108,2026-09-04T19:00:57.849330Z,2026-09-09T19:46:44.280278+00:00,unknown,47.0,65.0,incomplete,False,24.48393074166667,True,42.02113673383439,47.5,WIN,-1.5,,,,,56.41247533210143,66.5,WIN,0.0,,,,,,,,,,,
ncaa,401856666,1,2,2026,1,Tennessee,Furman,2026-09-05T19:30:00+00:00,ac05b7e7ae72b127fc949b7f,ncaa-669bbfbc23152108,2026-09-05T18:20:42.878824Z,2026-09-09T19:46:44.280278+00:00,unknown,47.0,65.0,incomplete,False,1.154755882222222,True,42.77811433456797,49.0,WIN,0.0,,,,,56.43553274698391,66.5,WIN,0.0,,,,,,,,,,,
ncaa,401862694,24,2,2026,1,Charlotte,The Citadel,2026-09-05T19:30:00+00:00,8081f79045b578f3734a2f12,ncaa-669bbfbc23152108,2026-09-04T19:00:57.849330Z,2026-09-09T19:46:44.280278+00:00,unknown,-2.0,84.0,incomplete,False,24.48393074166667,True,12.841568541347655,20.5,WIN,0.0,,,,,48.72653282988581,46.5,WIN,2.5,,,,,,,,,,,
ncaa,401862694,1,2,2026,1,Charlotte,The Citadel,2026-09-05T19:30:00+00:00,c87a2df25574a0d4a1595207,ncaa-669bbfbc23152108,2026-09-05T18:20:42.878824Z,2026-09-09T19:46:44.280278+00:00,unknown,-2.0,84.0,incomplete,False,1.154755882222222,True,12.797782863992213,20.5,WIN,0.0,,,,,48.73786508877807,49.0,LOSS,0.0,,,,,,,,,,,
ncaa,401856635,24,2,2026,1,Arkansas,North Alabama,2026-09-05T20:15:00+00:00,660f1f6bc374830b0bde92a2,ncaa-669bbfbc23152108,2026-09-04T19:00:57.849330Z,2026-09-09T19:46:44.280278+00:00,unknown,17.0,45.0,incomplete,False,25.23393074166667,True,41.18608944968656,40.5,LOSS,0.0,,,,,58.94431380777609,63.5,WIN,0.5,,,,,,,,,,,
ncaa,401856635,1,2,2026,1,Arkansas,North Alabama,2026-09-05T20:15:00+00:00,6bc8b12c358afc830bb8e0e8,ncaa-669bbfbc23152108,2026-09-05T18:20:42.878824Z,2026-09-09T19:46:44.280278+00:00,unknown,17.0,45.0,incomplete,False,1.904755882222222,True,41.281404158706096,40.5,LOSS,0.0,,,,,58.9653209780669,63.0,WIN,0.0,,,,,,,,,,,
ncaa,401868356,24,2,2026,1,Southern Miss,Alcorn State,2026-09-05T21:00:00+00:00,fd60c0420a86d012c84d83a3,ncaa-669bbfbc23152108,2026-09-04T19:00:57.849330Z,2026-09-09T19:46:44.280278+00:00,unknown,46.0,52.0,incomplete,False,25.98393074166667,True,21.590032672501447,20.5,WIN,-1.0,,,,,50.4390354731193,50.5,LOSS,-0.5,,,,,,,,,,,
ncaa,401868356,1,2,2026,1,Southern Miss,Alcorn State,2026-09-05T21:00:00+00:00,18728910db085fdb836f935a,ncaa-669bbfbc23152108,2026-09-05T18:20:42.878824Z,2026-09-09T19:46:44.280278+00:00,unknown,46.0,52.0,incomplete,False,2.6547558822222226,True,21.317420993413123,19.5,WIN,0.0,,,,,50.47064149717036,51.0,LOSS,0.0,,,,,,,,,,,
ncaa,401867973,24,2,2026,1,Old Dominion,Norfolk State,2026-09-05T22:00:00+00:00,7f818d830fe07fc754a7b9fe,ncaa-669bbfbc23152108,2026-09-04T19:00:57.849330Z,2026-09-09T19:46:44.280278+00:00,unknown,21.0,41.0,incomplete,False,26.98393074166667,True,21.130864971808208,40.5,WIN,-0.5,,,,,54.183070408472496,52.5,LOSS,-0.5,,,,,,,,,,,
ncaa,401867973,1,2,2026,1,Old Dominion,Norfolk State,2026-09-05T22:00:00+00:00,a9c7a6d081493bc2073a3f9e,ncaa-669bbfbc23152108,2026-09-05T18:20:42.878824Z,2026-09-09T19:46:44.280278+00:00,unknown,21.0,41.0,incomplete,False,3.654755882222223,True,21.18454844660141,41.0,WIN,0.0,,,,,54.20753267566888,52.0,LOSS,0.0,,,,,,,,,,,
ncaa,401868140,24,2,2026,1,Jacksonville State,Eastern Kentucky,2026-09-05T23:00:00+00:00,357ac98d9ea5128427fd7edd,ncaa-669bbfbc23152108,2026-09-04T22:22:40.936302Z,2026-09-09T19:46:44.280278+00:00,unknown,42.0,56.0,incomplete,False,24.62196213833333,True,28.844216716996502,20.5,WIN,1.5,2.0,22.5,DraftKings,2026-09-05T22:04:29.397716+00:00,50.73838128836105,53.5,LOSS,0.5,2.0,51.5,DraftKings,2026-09-05T22:04:29.397716+00:00,,,,,,,
ncaa,401868140,1,2,2026,1,Jacksonville State,Eastern Kentucky,2026-09-05T23:00:00+00:00,5e42810af832b6dd92de0a99,ncaa-669bbfbc23152108,2026-09-05T18:20:42.878824Z,2026-09-09T19:46:44.280278+00:00,unknown,42.0,56.0,incomplete,False,4.654755882222222,True,29.06285664106824,22.0,WIN,0.0,,,,,50.75408829461568,53.0,LOSS,0.0,,,,,,,,,,,
ncaa,401867866,24,2,2026,1,Middle Tennessee,Murray State,2026-09-05T23:00:00+00:00,9617915ae25d66361a343662,ncaa-669bbfbc23152108,2026-09-04T22:22:40.936302Z,2026-09-09T19:46:44.280278+00:00,unknown,24.0,52.0,incomplete,False,24.62196213833333,True,28.30142006808031,20.5,WIN,2.0,,,,,54.95259611465712,57.5,WIN,1.5,,,,,,,,,,,
ncaa,401867866,1,2,2026,1,Middle Tennessee,Murray State,2026-09-05T23:00:00+00:00,45f488ec89d9533066640005,ncaa-669bbfbc23152108,2026-09-05T18:20:42.878824Z,2026-09-09T19:46:44.280278+00:00,unknown,24.0,52.0,incomplete,False,4.654755882222222,True,28.296393262897126,22.5,WIN,0.0,,,,,54.97075934079794,56.0,WIN,0.0,,,,,,,,,,,
ncaa,401856770,24,2,2026,1,Texas Tech,Abilene Christian,2026-09-05T23:00:00+00:00,16d9bcb7d1309a2d5ae576cc,ncaa-669bbfbc23152108,2026-09-04T22:22:40.936302Z,2026-09-09T19:46:44.280278+00:00,unknown,23.0,43.0,incomplete,False,24.62196213833333,True,41.30005021789145,42.5,WIN,-2.0,,,,,55.26272488226257,59.5,WIN,-1.0,,,,,,,,,,,
ncaa,401856770,1,2,2026,1,Texas Tech,Abilene Christian,2026-09-05T23:00:00+00:00,122e283803634644dfc76a06,ncaa-669bbfbc23152108,2026-09-05T18:20:42.878824Z,2026-09-09T19:46:44.280278+00:00,unknown,23.0,43.0,incomplete,False,4.654755882222222,True,41.91263580309106,44.5,WIN,0.0,,,,,55.298077009747786,60.5,WIN,0.0,,,,,,,,,,,
ncaa,401868316,24,2,2026,1,South Alabama,SE Louisiana,2026-09-05T23:00:00+00:00,1d7714e60fb4bdf339fa3ebc,ncaa-669bbfbc23152108,2026-09-04T22:22:40.936302Z,2026-09-09T19:46:44.280278+00:00,unknown,25.0,53.0,incomplete,False,24.62196213833333,True,9.828030870909728,13.5,LOSS,-0.5,,,,,51.62888522100668,52.5,LOSS,-1.0,,,,,,,,,,,
ncaa,401868316,1,2,2026,1,South Alabama,SE Louisiana,2026-09-05T23:00:00+00:00,44d65701bc255722aae9a00d,ncaa-669bbfbc23152108,2026-09-05T18:20:42.878824Z,2026-09-09T19:46:44.280278+00:00,unknown,25.0,53.0,incomplete,False,4.654755882222222,True,9.949292285913565,14.0,LOSS,0.0,,,,,51.643967907325305,53.5,WIN,0.0,,,,,,,,,,,
ncaa,401856771,24,2,2026,1,Kansas State,Nicholls,2026-09-05T23:00:00+00:00,7deb72f7fcd674b8aa696fd5,ncaa-669bbfbc23152108,2026-09-04T22:22:40.936302Z,2026-09-09T19:46:44.280278+00:00,unknown,68.0,74.0,incomplete,False,24.62196213833333,False,32.934310924787525,40.5,LOSS,-0.5,,,,,51.806688022177696,54.5,LOSS,-0.5,,,,,,,,,,,
ncaa,401856771,1,2,2026,1,Kansas State,Nicholls,2026-09-05T23:00:00+00:00,82ab78ce635958dbc4c2c0ea,ncaa-669bbfbc23152108,2026-09-05T18:20:42.878824Z,2026-09-09T19:46:44.280278+00:00,unknown,68.0,74.0,incomplete,False,4.654755882222222,False,33.09066314598184,41.0,LOSS,0.0,,,,,51.82826024146866,55.0,LOSS,0.0,,,,,,,,,,,
ncaa,401860880,24,2,2026,1,Utah State,Idaho State,2026-09-05T23:00:00+00:00,a66b128dbce027585de52acd,ncaa-669bbfbc23152108,2026-09-04T22:22:40.936302Z,2026-09-09T19:46:44.280278+00:00,unknown,-12.0,46.0,incomplete,False,24.62196213833333,False,32.59147894107667,14.0,LOSS,0.5,,,,,59.55297795163639,62.5,WIN,2.5,,,,,,,,,,,
ncaa,401860880,1,2,2026,1,Utah State,Idaho State,2026-09-05T23:00:00+00:00,7e237248068662c361fb1008,ncaa-669bbfbc23152108,2026-09-05T18:20:42.878824Z,2026-09-09T19:46:44.280278+00:00,unknown,-12.0,46.0,incomplete,False,4.654755882222222,False,32.38111003339693,14.5,LOSS,0.0,,,,,59.57150860956168,60.0,WIN,0.0,,,,,,,,,,,
ncaa,401868170,24,2,2026,1,Georgia Southern,Charleston Southern,2026-09-05T23:00:00+00:00,1ab5d669fc5a592edd32dfde,ncaa-669bbfbc23152108,2026-09-04T22:22:40.936302Z,2026-09-09T19:46:44.280278+00:00,unknown,31.0,31.0,incomplete,False,24.62196213833333,True,20.75865809756412,25.5,LOSS,-2.5,,,,,53.028559356137,51.5,LOSS,1.0,,,,,,,,,,,
ncaa,401868170,1,2,2026,1,Georgia Southern,Charleston Southern,2026-09-05T23:00:00+00:00,8aab857f15fea3fdc34b71bc,ncaa-669bbfbc23152108,2026-09-05T18:20:42.878824Z,2026-09-09T19:46:44.280278+00:00,unknown,31.0,31.0,incomplete,False,4.654755882222222,True,20.6709360970562,28.0,LOSS,0.0,,,,,53.04248172260584,52.5,LOSS,0.0,,,,,,,,,,,
ncaa,401856669,24,2,2026,1,Vanderbilt,Austin Peay,2026-09-05T23:00:00+00:00,09f91137c0fff6c54f162669,ncaa-669bbfbc23152108,2026-09-04T22:22:40.936302Z,2026-09-09T19:46:44.280278+00:00,unknown,19.0,37.0,incomplete,False,24.62196213833333,True,30.199576846211585,28.5,LOSS,0.5,,,,,60.72295293417624,60.5,LOSS,-1.5,,,,,,,,,,,
ncaa,401856669,1,2,2026,1,Vanderbilt,Austin Peay,2026-09-05T23:00:00+00:00,cb57bc47f1ee2cfbbda1235e,ncaa-669bbfbc23152108,2026-09-05T18:20:42.878824Z,2026-09-09T19:46:44.280278+00:00,unknown,19.0,37.0,incomplete,False,4.654755882222222,True,30.43464483808449,29.0,LOSS,0.0,,,,,60.724273477012,59.0,LOSS,0.0,,,,,,,,,,,
ncaa,401862697,24,2,2026,1,Rice,Houston Christian,2026-09-05T23:00:00+00:00,5e11af8b1eb4e3fb17add50c,ncaa-669bbfbc23152108,2026-09-04T22:22:40.936302Z,2026-09-09T19:46:44.280278+00:00,unknown,28.0,34.0,incomplete,False,24.62196213833333,True,19.666386494390444,22.5,LOSS,-0.5,,,,,50.787862413931855,47.5,LOSS,0.0,,,,,,,,,,,
ncaa,401862697,1,2,2026,1,Rice,Houston Christian,2026-09-05T23:00:00+00:00,4ef806655203aa7bb12f9529,ncaa-669bbfbc23152108,2026-09-05T18:20:42.878824Z,2026-09-09T19:46:44.280278+00:00,unknown,28.0,34.0,incomplete,False,4.654755882222222,True,19.504547763283632,23.0,LOSS,0.0,,,,,50.822937986113885,47.5,LOSS,0.0,,,,,,,,,,,
ncaa,401858211,24,2,2026,1,Virginia Tech,VMI,2026-09-05T23:30:00+00:00,96089871ebdc25be32ff1723,ncaa-669bbfbc23152108,2026-09-04T22:22:40.936302Z,2026-09-09T19:46:44.280278+00:00,unknown,70.0,76.0,incomplete,True,25.12196213833333,False,28.04003442018403,55.5,LOSS,1.0,,,,,53.804905946899616,62.5,LOSS,0.5,,,,,,,,,,,
ncaa,401858211,1,2,2026,1,Virginia Tech,VMI,2026-09-05T23:30:00+00:00,46feeaefbefac3c3b3ab00ad,ncaa-669bbfbc23152108,2026-09-05T22:04:49.204713Z,2026-09-09T19:46:44.280278+00:00,unknown,70.0,76.0,incomplete,True,1.4196653575,False,27.784104704892545,54.5,LOSS,0.0,,,,,53.82738462286149,62.0,LOSS,0.0,,,,,,,,,,,
ncaa,401869129,24,2,2026,1,Louisiana Tech,Northwestern State,2026-09-05T23:30:00+00:00,ff8872f8adede21b8a964c5c,ncaa-669bbfbc23152108,2026-09-04T22:22:40.936302Z,2026-09-09T19:46:44.280278+00:00,unknown,74.0,86.0,incomplete,False,25.12196213833333,False,37.36048313301967,44.5,LOSS,0.0,,,,,51.08808310106828,55.5,LOSS,-1.0,,,,,,,,,,,
ncaa,401869129,1,2,2026,1,Louisiana Tech,Northwestern State,2026-09-05T23:30:00+00:00,6fbc7f900f37592da78a5495,ncaa-669bbfbc23152108,2026-09-05T22:04:49.204713Z,2026-09-09T19:46:44.280278+00:00,unknown,74.0,86.0,incomplete,False,1.4196653575,False,37.49862709376658,44.5,LOSS,0.0,,,,,51.11520538501046,56.5,LOSS,0.0,,,,,,,,,,,
ncaa,401858431,24,2,2026,1,Northwestern,South Dakota State,2026-09-06T00:00:00+00:00,b37ecf18977b2f543f6e3b07,ncaa-669bbfbc23152108,2026-09-04T22:22:40.936302Z,2026-09-09T19:46:44.280278+00:00,unknown,16.0,52.0,incomplete,False,25.62196213833333,True,18.259232326669206,12.5,WIN,0.0,,,,,50.073450855913975,46.5,WIN,2.0,,,,,,,,,,,
ncaa,401858431,1,2,2026,1,Northwestern,South Dakota State,2026-09-06T00:00:00+00:00,65857e4d4dd19645b1e2733b,ncaa-669bbfbc23152108,2026-09-05T22:04:49.204713Z,2026-09-09T19:46:44.280278+00:00,unknown,16.0,52.0,incomplete,False,1.9196653575,True,17.897163422789944,12.5,WIN,0.0,,,,,50.08203409628958,48.5,WIN,0.0,,,,,,,,,,,
ncaa,401869142,24,2,2026,1,Louisiana,Lamar,2026-09-06T00:00:00+00:00,fe213fd7b5e8298698abc706,ncaa-669bbfbc23152108,2026-09-04T22:22:40.936302Z,2026-09-09T19:46:44.280278+00:00,unknown,31.0,45.0,incomplete,False,25.62196213833333,True,22.80938058218249,20.5,WIN,-0.5,,,,,48.39582204244063,48.5,WIN,0.0,,,,,,,,,,,
ncaa,401869142,1,2,2026,1,Louisiana,Lamar,2026-09-06T00:00:00+00:00,f715b267c96114ad7c874254,ncaa-669bbfbc23152108,2026-09-05T22:04:49.204713Z,2026-09-09T19:46:44.280278+00:00,unknown,31.0,45.0,incomplete,False,1.9196653575,True,22.96554315635447,20.0,WIN,0.0,,,,,48.41450267581613,48.5,WIN,0.0,,,,,,,,,,,
ncaa,401856775,24,2,2026,1,BYU,Utah Tech,2026-09-06T00:00:00+00:00,9fc27dc4ef66171b47566f7a,ncaa-669bbfbc23152108,2026-09-04T22:22:40.936302Z,2026-09-09T19:46:44.280278+00:00,unknown,56.0,70.0,incomplete,False,25.62196213833333,True,37.324308344263216,51.5,LOSS,2.0,,,,,49.6128440127879,61.5,LOSS,0.5,,,,,,,,,,,
ncaa,401856775,1,2,2026,1,BYU,Utah Tech,2026-09-06T00:00:00+00:00,f24c8b23a7e165837b672555,ncaa-669bbfbc23152108,2026-09-05T22:04:49.204713Z,2026-09-09T19:46:44.280278+00:00,unknown,56.0,70.0,incomplete,False,1.9196653575,True,38.0291210219168,49.5,LOSS,0.0,,,,,49.62944834272905,61.0,LOSS,0.0,,,,,,,,,,,
ncaa,401858427,24,2,2026,1,Maryland,Hampton,2026-09-06T00:00:00+00:00,bce1951c6676551474893f64,ncaa-669bbfbc23152108,2026-09-04T22:22:40.936302Z,2026-09-09T19:46:44.280278+00:00,unknown,62.0,62.0,incomplete,False,25.62196213833333,False,31.19042227669265,45.5,LOSS,0.0,,,,,51.939369813884376,55.5,LOSS,-0.5,,,,,,,,,,,
ncaa,401858427,1,2,2026,1,Maryland,Hampton,2026-09-06T00:00:00+00:00,369b580937e3cc06c8f84160,ncaa-669bbfbc23152108,2026-09-05T22:04:49.204713Z,2026-09-09T19:46:44.280278+00:00,unknown,62.0,62.0,incomplete,False,1.9196653575,True,31.47397758896424,45.5,LOSS,0.0,,,,,51.96343598233529,56.0,LOSS,0.0,,,,,,,,,,,
ncaa,401870790,24,2,2026,1,New Mexico State,Mercyhurst,2026-09-06T01:00:00+00:00,35a08d59041821c514fcf090,ncaa-669bbfbc23152108,2026-09-04T22:22:40.936302Z,2026-09-09T19:46:44.280278+00:00,unknown,37.0,65.0,incomplete,False,26.62196213833333,True,14.987233714914709,28.5,LOSS,0.0,,,,,48.29133096550048,52.5,LOSS,0.5,,,,,,,,,,,
ncaa,401870790,1,2,2026,1,New Mexico State,Mercyhurst,2026-09-06T01:00:00+00:00,12d63fbb9cd0879a2b0b6ee9,ncaa-669bbfbc23152108,2026-09-05T22:04:49.204713Z,2026-09-09T19:46:44.280278+00:00,unknown,37.0,65.0,incomplete,False,2.9196653575000004,True,14.89421093823108,28.5,LOSS,0.0,,,,,48.30693002055627,52.0,LOSS,0.0,,,,,,,,,,,
ncaa,401856774,24,2,2026,1,Arizona State,Morgan State,2026-09-06T02:00:00+00:00,4712971235b1e61b6ed12c37,ncaa-669bbfbc23152108,2026-09-04T22:22:40.936302Z,2026-09-09T19:46:44.280278+00:00,unknown,63.0,77.0,incomplete,False,27.62196213833333,False,28.327856692922232,44.5,LOSS,-0.5,,,,,50.630834281363406,52.5,LOSS,0.0,,,,,,,,,,,
ncaa,401856774,1,2,2026,1,Arizona State,Morgan State,2026-09-06T02:00:00+00:00,6bfa43a3e6f6e004aaaf6acb,ncaa-669bbfbc23152108,2026-09-05T22:04:49.204713Z,2026-09-09T19:46:44.280278+00:00,unknown,63.0,77.0,incomplete,False,3.9196653575,False,28.114231248608625,45.0,LOSS,0.0,,,,,50.66317472748335,52.5,LOSS,0.0,,,,,,,,,,,
ncaa,401860879,24,2,2026,1,San Diego State,Portland State,2026-09-06T01:30:00+00:00,021b33c30861a788fd5fbf57,ncaa-669bbfbc23152108,2026-09-04T22:22:40.936302Z,2026-09-09T19:46:44.280278+00:00,unknown,33.0,73.0,incomplete,False,27.12196213833333,True,30.843896232641907,40.5,WIN,0.0,,,,,51.2834151184502,61.5,LOSS,-0.5,,,,,,,,,,,
ncaa,401860879,1,2,2026,1,San Diego State,Portland State,2026-09-06T01:30:00+00:00,19d7a9069f1149a489ea7ea1,ncaa-669bbfbc23152108,2026-09-05T22:04:49.204713Z,2026-09-09T19:46:44.280278+00:00,unknown,33.0,73.0,incomplete,False,3.4196653575000004,True,30.695830959382807,40.5,WIN,0.0,,,,,51.31200005353216,62.0,LOSS,0.0,,,,,,,,,,,
ncaa,401856773,24,2,2026,1,Arizona,Northern Arizona,2026-09-06T01:30:00+00:00,757e9a473a612375ddee62ff,ncaa-669bbfbc23152108,2026-09-04T22:22:40.936302Z,2026-09-09T19:46:44.280278+00:00,unknown,28.0,42.0,incomplete,False,27.12196213833333,True,22.936087197832133,31.5,WIN,0.0,,,,,54.76053245509741,58.5,WIN,0.0,,,,,,,,,,,
ncaa,401856773,1,2,2026,1,Arizona,Northern Arizona,2026-09-06T01:30:00+00:00,c61be65a2f3d0ed4d2596473,ncaa-669bbfbc23152108,2026-09-05T22:04:49.204713Z,2026-09-09T19:46:44.280278+00:00,unknown,28.0,42.0,incomplete,False,3.4196653575000004,True,22.82538838867345,31.5,WIN,0.0,,,,,54.77437660279894,58.5,WIN,0.0,,,,,,,,,,,
ncaa,401866411,24,2,2026,1,Sacramento State,Mississippi Valley State,2026-09-06T02:00:00+00:00,48ecdba64432af8c3d96df27,ncaa-669bbfbc23152108,2026-09-04T22:22:40.936302Z,2026-09-09T19:46:44.280278+00:00,unknown,52.0,52.0,incomplete,False,27.62196213833333,True,37.86793576410209,37.5,WIN,0.0,,,,,54.90223364298531,56.5,WIN,0.0,,,,,,,,,,,
ncaa,401866411,1,2,2026,1,Sacramento State,Mississippi Valley State,2026-09-06T02:00:00+00:00,b0a0fcb85550675de74534ef,ncaa-669bbfbc23152108,2026-09-05T22:04:49.204713Z,2026-09-09T19:46:44.280278+00:00,unknown,52.0,52.0,incomplete,False,3.9196653575,True,37.93580823614634,37.5,WIN,0.0,,,,,54.92440228134079,56.5,WIN,0.0,,,,,,,,,,,
ncaa,401866622,24,2,2026,1,Stony Brook,Lindenwood,2026-09-03T23:00:00+00:00,196ea2c5fe2ba69c98d59ebf,ncaa-669bbfbc23152108,2026-09-02T22:40:23.772554Z,2026-09-09T19:46:44.280278+00:00,unknown,4.0,68.0,incomplete,False,24.32672984611112,True,13.753039643859523,4.0,PUSH,0.0,,,,,53.62002801167493,50.5,WIN,0.0,,,,,,,,,,,
ncaa,401866622,1,2,2026,1,Stony Brook,Lindenwood,2026-09-03T23:00:00+00:00,6d83040e07cd572147f054ff,ncaa-669bbfbc23152108,2026-09-03T19:18:57.871137Z,2026-09-09T19:46:44.280278+00:00,unknown,4.0,68.0,incomplete,False,3.683924684166666,True,13.753039643859523,4.0,PUSH,0.0,,,,,53.62002801167493,50.5,WIN,0.0,,,,,,,,,,,
ncaa,401867889,24,2,2026,1,Samford,Southern Illinois,2026-09-03T23:00:00+00:00,eb478556fdecee377ca6d226,ncaa-669bbfbc23152108,2026-09-02T22:40:23.772554Z,2026-09-09T19:46:44.280278+00:00,unknown,-4.0,40.0,incomplete,True,24.32672984611112,True,4.573236917348519,-24.5,WIN,4.0,,,,,57.46715022747048,49.5,LOSS,5.0,,,,,,,,,,,
ncaa,401867889,1,2,2026,1,Samford,Southern Illinois,2026-09-03T23:00:00+00:00,539bd1d2ebc9973c688bbb5f,ncaa-669bbfbc23152108,2026-09-03T19:18:57.871137Z,2026-09-09T19:46:44.280278+00:00,unknown,-4.0,40.0,incomplete,True,3.683924684166666,True,4.573236917348522,-21.5,WIN,1.0,,,,,57.46715022747048,53.5,LOSS,1.0,,,,,,,,,,,
ncaa,401867924,1,2,2026,1,New Haven,Stonehill,2026-09-05T16:00:00+00:00,bbe3a534c31556c70d441887,ncaa-669bbfbc23152108,2026-09-05T11:52:00.600717Z,2026-09-09T19:46:44.280278+00:00,unknown,-18.0,24.0,incomplete,False,4.133166467500001,False,16.95368519004247,7.0,LOSS,-0.5,,,,,49.49905647916815,41.5,LOSS,1.0,,,,,,,,,,,
ncaa,401868017,1,2,2026,1,Georgetown,Lehigh,2026-09-05T16:30:00+00:00,d985987e287ba572f1595cf9,ncaa-669bbfbc23152108,2026-09-05T15:16:38.162944Z,2026-09-09T19:46:44.280278+00:00,unknown,-31.0,59.0,incomplete,True,1.2227325155555555,False,1.9123621230600487,-21.5,LOSS,0.0,,,,,48.26105605887581,46.5,WIN,0.0,,,,,,,,,,,
ncaa,401868000,1,2,2026,1,Colgate,Holy Cross,2026-09-05T17:00:00+00:00,b1b3e6ac9038b182d2cccd41,ncaa-669bbfbc23152108,2026-09-05T15:16:38.162944Z,2026-09-09T19:46:44.280278+00:00,unknown,25.0,45.0,incomplete,False,1.7227325155555555,True,13.9814312312697,4.5,WIN,0.0,,,,,50.23940489334718,49.5,LOSS,0.0,,,,,,,,,,,
ncaa,401868186,1,2,2026,1,Wofford,Gardner-Webb,2026-09-05T17:30:00+00:00,6fefa36b4dc9fe95de45e411,ncaa-669bbfbc23152108,2026-09-05T15:16:38.162944Z,2026-09-09T19:46:44.280278+00:00,unknown,4.0,30.0,incomplete,False,2.222732515555556,True,11.71329433684565,7.5,LOSS,0.0,,,,,50.47710324404657,50.5,WIN,0.0,,,,,,,,,,,
ncaa,401866624,1,2,2026,1,Monmouth,Sacred Heart,2026-09-05T18:00:00+00:00,80568964d9778fb195bd2dab,ncaa-669bbfbc23152108,2026-09-05T15:16:38.162944Z,2026-09-09T19:46:44.280278+00:00,unknown,7.0,55.0,incomplete,False,2.722732515555556,True,19.31041805560788,12.5,LOSS,0.0,,,,,57.24914669963167,58.5,WIN,0.0,,,,,,,,,,,
ncaa,401868111,1,2,2026,1,Montana,Drake,2026-09-05T19:00:00+00:00,e9e007ec0da3ddc76a152ae7,ncaa-669bbfbc23152108,2026-09-05T15:16:38.162944Z,2026-09-09T19:46:44.280278+00:00,unknown,35.0,55.0,incomplete,False,3.722732515555556,True,17.451042870203956,35.5,WIN,0.0,0.0,35.5,DraftKings,2026-09-05T18:20:02.110015+00:00,53.13535859814328,61.5,WIN,1.0,1.0,60.5,DraftKings,2026-09-05T18:20:02.110015+00:00,,,,,,,
ncaa,401866625,24,2,2026,1,Campbell,Western Carolina,2026-09-05T19:30:00+00:00,3c195bf13eed86679aad2ca2,ncaa-669bbfbc23152108,2026-09-04T19:00:57.849330Z,2026-09-09T19:46:44.280278+00:00,unknown,0.0,0.0,incomplete,False,24.48393074166667,True,9.28675435034915,-4.0,WIN,0.0,,,,,58.35725768670088,67.5,WIN,-1.0,,,,,,,,,,,
ncaa,401866625,1,2,2026,1,Campbell,Western Carolina,2026-09-05T19:30:00+00:00,699dd7d3dcd7db94cc2a7abb,ncaa-669bbfbc23152108,2026-09-05T18:20:42.878824Z,2026-09-09T19:46:44.280278+00:00,unknown,0.0,0.0,incomplete,False,1.154755882222222,True,9.24209281189712,-4.0,WIN,0.0,,,,,58.371857964354575,68.5,WIN,0.0,,,,,,,,,,,
ncaa,401867875,24,2,2026,1,North Dakota,St. Thomas (MN),2026-09-05T20:00:00+00:00,1a80bea1dfd0482193d00cff,ncaa-669bbfbc23152108,2026-09-04T19:00:57.849330Z,2026-09-09T19:46:44.280278+00:00,unknown,36.0,88.0,incomplete,False,24.98393074166667,True,17.614793905833615,27.5,LOSS,-1.0,,,,,50.20011170802491,52.5,LOSS,-1.0,,,,,,,,,,,
ncaa,401867875,1,2,2026,1,North Dakota,St. Thomas (MN),2026-09-05T20:00:00+00:00,c159c1ff4f30c1185e90fde5,ncaa-669bbfbc23152108,2026-09-05T18:20:42.878824Z,2026-09-09T19:46:44.280278+00:00,unknown,36.0,88.0,incomplete,False,1.654755882222222,True,17.6445234481334,28.5,LOSS,0.0,,,,,50.22907355383408,53.5,LOSS,0.0,,,,,,,,,,,
ncaa,401868274,24,2,2026,1,Mercer,Presbyterian,2026-09-05T22:00:00+00:00,e459ad7cd3eda7047aee670f,ncaa-669bbfbc23152108,2026-09-04T19:00:57.849330Z,2026-09-09T19:46:44.280278+00:00,unknown,59.0,65.0,incomplete,False,26.98393074166667,False,12.716882903226596,21.5,LOSS,-1.0,,,,,56.07649852721348,56.5,LOSS,2.0,,,,,,,,,,,
ncaa,401868274,1,2,2026,1,Mercer,Presbyterian,2026-09-05T22:00:00+00:00,050b885275d37ba2856561c6,ncaa-669bbfbc23152108,2026-09-05T18:20:42.878824Z,2026-09-09T19:46:44.280278+00:00,unknown,59.0,65.0,incomplete,False,3.654755882222223,False,13.058879692389226,22.5,LOSS,0.0,,,,,56.104666493871335,54.5,WIN,0.0,,,,,,,,,,,
ncaa,401868336,24,2,2026,1,Chattanooga,Tennessee Tech,2026-09-05T22:00:00+00:00,72f3e70e17ca975c06726626,ncaa-669bbfbc23152108,2026-09-04T19:00:57.849330Z,2026-09-09T19:46:44.280278+00:00,unknown,-15.0,33.0,incomplete,False,26.98393074166667,True,7.605165134576719,-10.5,LOSS,0.0,,,,,51.75528199498106,49.5,LOSS,-1.0,,,,,,,,,,,
ncaa,401868336,1,2,2026,1,Chattanooga,Tennessee Tech,2026-09-05T22:00:00+00:00,d480949d5fd66fd93302372c,ncaa-669bbfbc23152108,2026-09-05T18:20:42.878824Z,2026-09-09T19:46:44.280278+00:00,unknown,-15.0,33.0,incomplete,False,3.654755882222223,True,7.853137860462854,-10.5,LOSS,0.0,,,,,51.77861254153662,48.5,LOSS,0.0,,,,,,,,,,,
ncaa,401869127,24,2,2026,1,Howard,Richmond,2026-09-05T22:00:00+00:00,a61f4d590c3e965c433065b2,ncaa-669bbfbc23152108,2026-09-04T19:00:57.849330Z,2026-09-09T19:46:44.280278+00:00,unknown,-7.0,49.0,incomplete,True,26.98393074166667,True,7.1834028337696925,-14.5,WIN,0.0,,,,,46.178058957457765,45.5,WIN,-2.0,,,,,,,,,,,
ncaa,401869127,1,2,2026,1,Howard,Richmond,2026-09-05T22:00:00+00:00,cf0d400cbba40e870f65e858,ncaa-669bbfbc23152108,2026-09-05T18:20:42.878824Z,2026-09-09T19:46:44.280278+00:00,unknown,-7.0,49.0,incomplete,True,3.654755882222223,True,7.282813978565342,-14.5,WIN,0.0,,,,,46.20660446795732,43.5,WIN,0.0,,,,,,,,,,,
ncaa,401866626,24,2,2026,1,Davidson,Elon,2026-09-05T22:00:00+00:00,cb0ee1b14a0fc672ec17cfef,ncaa-669bbfbc23152108,2026-09-04T19:00:57.849330Z,2026-09-09T19:46:44.280278+00:00,unknown,-38.0,38.0,incomplete,True,26.98393074166667,False,8.68227166896008,-32.5,LOSS,0.0,,,,,52.20024010937941,58.5,WIN,0.0,,,,,,,,,,,
ncaa,401866626,1,2,2026,1,Davidson,Elon,2026-09-05T22:00:00+00:00,30fffb777524d58a84cd8656,ncaa-669bbfbc23152108,2026-09-05T18:20:42.878824Z,2026-09-09T19:46:44.280278+00:00,unknown,-38.0,38.0,incomplete,True,3.654755882222223,False,8.790643808881098,-32.5,LOSS,0.0,,,,,52.216473713539216,58.5,WIN,0.0,,,,,,,,,,,
ncaa,401867989,24,2,2026,1,Bucknell,Villanova,2026-09-05T22:00:00+00:00,89887fe09d7315e1a87fef8b,ncaa-669bbfbc23152108,2026-09-04T19:00:57.849330Z,2026-09-09T19:46:44.280278+00:00,unknown,-1.0,33.0,incomplete,True,26.98393074166667,True,6.488709119062576,-26.5,WIN,0.0,,,,,52.65625144367517,56.5,WIN,2.0,,,,,,,,,,,
ncaa,401867989,1,2,2026,1,Bucknell,Villanova,2026-09-05T22:00:00+00:00,ee8fec1cafb5c570ef9c1a06,ncaa-669bbfbc23152108,2026-09-05T18:20:42.878824Z,2026-09-09T19:46:44.280278+00:00,unknown,-1.0,33.0,incomplete,True,3.654755882222223,True,6.546203271472662,-26.5,WIN,0.0,,,,,52.67296550155585,54.5,WIN,0.0,,,,,,,,,,,
ncaa,401867692,24,2,2026,1,William & Mary,Delaware State,2026-09-05T22:00:00+00:00,fab1907709fb6f186daf56e3,ncaa-669bbfbc23152108,2026-09-04T19:00:57.849330Z,2026-09-09T19:46:44.280278+00:00,unknown,7.0,37.0,incomplete,False,26.98393074166667,True,10.70459019509754,10.0,LOSS,-0.5,,,,,52.22175605301302,56.5,WIN,0.0,,,,,,,,,,,
ncaa,401867692,1,2,2026,1,William & Mary,Delaware State,2026-09-05T22:00:00+00:00,0cd3b677e80db2c8e54eabcd,ncaa-669bbfbc23152108,2026-09-05T18:20:42.878824Z,2026-09-09T19:46:44.280278+00:00,unknown,7.0,37.0,incomplete,False,3.654755882222223,True,10.73363999549498,9.5,LOSS,0.0,,,,,52.22226703460872,56.5,WIN,0.0,,,,,,,,,,,
ncaa,401867684,24,2,2026,1,UT Martin,Chicago State,2026-09-05T23:00:00+00:00,cd7276bec8230fdfed322a80,ncaa-669bbfbc23152108,2026-09-04T22:22:40.936302Z,2026-09-09T19:46:44.280278+00:00,unknown,35.0,49.0,incomplete,True,24.62196213833333,True,14.185857755205776,44.5,WIN,-1.0,,,,,50.91664759681302,61.5,WIN,0.0,,,,,,,,,,,
ncaa,401867684,1,2,2026,1,UT Martin,Chicago State,2026-09-05T23:00:00+00:00,013205d7b309157e863147c5,ncaa-669bbfbc23152108,2026-09-05T18:20:42.878824Z,2026-09-09T19:46:44.280278+00:00,unknown,35.0,49.0,incomplete,True,4.654755882222222,True,14.252145140708322,45.5,WIN,0.0,,,,,50.92900161083626,61.5,WIN,0.0,,,,,,,,,,,
ncaa,401868085,24,2,2026,1,Eastern Washington,Northern Iowa,2026-09-05T23:00:00+00:00,8492a3f816b261a09e0dfd32,ncaa-669bbfbc23152108,2026-09-04T22:22:40.936302Z,2026-09-09T19:46:44.280278+00:00,unknown,10.0,58.0,incomplete,False,24.62196213833333,True,13.87304168678324,6.5,WIN,0.5,,,,,52.51259708980631,52.5,WIN,0.0,,,,,,,,,,,
ncaa,401868085,1,2,2026,1,Eastern Washington,Northern Iowa,2026-09-05T23:00:00+00:00,603e6a5e038ea3c6f6bce8ce,ncaa-669bbfbc23152108,2026-09-05T18:20:42.878824Z,2026-09-09T19:46:44.280278+00:00,unknown,10.0,58.0,incomplete,False,4.654755882222222,True,13.970677987065311,7.0,WIN,0.0,,,,,52.53384829583198,52.5,WIN,0.0,,,,,,,,,,,
ncaa,401868071,24,2,2026,1,Central Arkansas,West Florida,2026-09-05T23:00:00+00:00,319dab876a34b1902abf0656,ncaa-669bbfbc23152108,2026-09-04T22:22:40.936302Z,2026-09-09T19:46:44.280278+00:00,unknown,-28.0,56.0,incomplete,False,24.62196213833333,False,13.964600100884978,7.5,LOSS,0.0,,,,,53.64394021160021,55.5,LOSS,0.0,,,,,,,,,,,
ncaa,401868071,1,2,2026,1,Central Arkansas,West Florida,2026-09-05T23:00:00+00:00,48e61bdfa3c824286892104c,ncaa-669bbfbc23152108,2026-09-05T18:20:42.878824Z,2026-09-09T19:46:44.280278+00:00,unknown,-28.0,56.0,incomplete,False,4.654755882222222,False,13.85506716364084,7.5,LOSS,0.0,,,,,53.665218913574726,55.5,LOSS,0.0,,,,,,,,,,,
ncaa,401867845,24,2,2026,1,Western Illinois,Illinois State,2026-09-06T00:00:00+00:00,90208ce77450089d60c40e83,ncaa-669bbfbc23152108,2026-09-04T22:22:40.936302Z,2026-09-09T19:46:44.280278+00:00,unknown,-31.0,51.0,incomplete,False,25.62196213833333,True,-3.787029220741205,-23.5,LOSS,3.0,,,,,53.80838342355684,59.5,WIN,1.0,,,,,,,,,,,
ncaa,401867845,1,2,2026,1,Western Illinois,Illinois State,2026-09-06T00:00:00+00:00,64a6b949de9accb16d7dfa81,ncaa-669bbfbc23152108,2026-09-05T22:04:49.204713Z,2026-09-09T19:46:44.280278+00:00,unknown,-31.0,51.0,incomplete,False,1.9196653575,True,-4.452226846577393,-20.5,LOSS,0.0,,,,,53.828822135039616,58.5,WIN,0.0,,,,,,,,,,,
ncaa,401867883,24,2,2026,1,Northern Colorado,South Dakota,2026-09-06T00:00:00+00:00,51bae1e690fd0ceed3dbe2eb,ncaa-669bbfbc23152108,2026-09-04T22:22:40.936302Z,2026-09-09T19:46:44.280278+00:00,unknown,-15.0,61.0,incomplete,False,25.62196213833333,True,-3.5703449104798413,-20.5,WIN,0.0,,,,,50.6622236137523,56.5,LOSS,0.0,,,,,,,,,,,
ncaa,401867883,1,2,2026,1,Northern Colorado,South Dakota,2026-09-06T00:00:00+00:00,d9b798660c5f16ec10b19de0,ncaa-669bbfbc23152108,2026-09-05T22:04:49.204713Z,2026-09-09T19:46:44.280278+00:00,unknown,-15.0,61.0,incomplete,False,1.9196653575,True,-3.83141456787494,-20.5,WIN,0.0,,,,,50.66265962135175,56.5,LOSS,0.0,,,,,,,,,,,
ncaa,401868158,24,2,2026,1,Southern Utah,Weber State,2026-09-06T00:00:00+00:00,79d948c1d31d156253c4fbf6,ncaa-669bbfbc23152108,2026-09-04T22:22:40.936302Z,2026-09-09T19:46:44.280278+00:00,unknown,5.0,89.0,incomplete,False,25.62196213833333,True,24.43285069262973,14.5,LOSS,0.0,,,,,54.04612966882345,58.5,LOSS,0.0,,,,,,,,,,,
ncaa,401868158,1,2,2026,1,Southern Utah,Weber State,2026-09-06T00:00:00+00:00,28434836a9b16cda6f1fc905,ncaa-669bbfbc23152108,2026-09-05T22:04:49.204713Z,2026-09-09T19:46:44.280278+00:00,unknown,5.0,89.0,incomplete,False,1.9196653575,True,24.43810966484737,14.5,LOSS,0.0,,,,,54.0624336816806,58.5,LOSS,0.0,,,,,,,,,,,
ncaa,401868306,24,2,2026,1,Stephen F. Austin,East Texas A&M,2026-09-06T00:00:00+00:00,741b8f1a370e4bbdf2146895,ncaa-669bbfbc23152108,2026-09-04T22:22:40.936302Z,2026-09-09T19:46:44.280278+00:00,unknown,37.0,51.0,incomplete,False,25.62196213833333,True,25.17932598175954,25.5,LOSS,2.0,,,,,53.35014465049117,56.5,WIN,1.0,,,,,,,,,,,
ncaa,401868306,1,2,2026,1,Stephen F. Austin,East Texas A&M,2026-09-06T00:00:00+00:00,f06cec482f1f4a4e211fb78f,ncaa-669bbfbc23152108,2026-09-05T22:04:49.204713Z,2026-09-09T19:46:44.280278+00:00,unknown,37.0,51.0,incomplete,False,1.9196653575,True,25.125834841218445,23.5,WIN,0.0,,,,,53.386571015763664,55.5,WIN,0.0,,,,,,,,,,,
ncaa,401868119,24,2,2026,1,Montana State,Butler,2026-09-06T00:30:00+00:00,da55a6fc459034efcb945504,ncaa-669bbfbc23152108,2026-09-04T22:22:40.936302Z,2026-09-09T19:46:44.280278+00:00,unknown,27.0,75.0,incomplete,False,26.12196213833333,True,25.88497796646132,45.5,WIN,0.0,,,,,52.02975846030464,59.5,LOSS,0.0,,,,,,,,,,,
ncaa,401868119,1,2,2026,1,Montana State,Butler,2026-09-06T00:30:00+00:00,6f5396e00f7dead86beec0e7,ncaa-669bbfbc23152108,2026-09-05T22:04:49.204713Z,2026-09-09T19:46:44.280278+00:00,unknown,27.0,75.0,incomplete,False,2.4196653575000004,True,25.994867593955032,45.5,WIN,0.0,,,,,52.019021124434325,59.5,LOSS,0.0,,,,,,,,,,,
ncaa,401868163,24,2,2026,1,San Diego,UC Davis,2026-09-06T02:00:00+00:00,c435e33cc8f4b1c89cb5cc9e,ncaa-669bbfbc23152108,2026-09-04T22:22:40.936302Z,2026-09-09T19:46:44.280278+00:00,unknown,-32.0,66.0,incomplete,False,27.62196213833333,False,-2.585592659562219,-15.5,LOSS,1.0,,,,,55.56062855771201,57.5,LOSS,3.0,,,,,,,,,,,
ncaa,401868163,1,2,2026,1,San Diego,UC Davis,2026-09-06T02:00:00+00:00,74a8743381cfc46888daf9fa,ncaa-669bbfbc23152108,2026-09-05T22:04:49.204713Z,2026-09-09T19:46:44.280278+00:00,unknown,-32.0,66.0,incomplete,False,3.9196653575,False,-3.158770564251204,-14.5,LOSS,0.0,,,,,55.57760631055651,54.5,WIN,0.0,,,,,,,,,,,
ncaa,401868967,24,2,2026,1,Prairie View A&M,Texas Southern,2026-09-06T16:00:00+00:00,226e861c2db99d7c232aa734,ncaa-669bbfbc23152108,2026-09-05T15:16:38.162944Z,2026-09-09T19:46:44.280278+00:00,unknown,38.0,66.0,incomplete,False,24.72273251555556,True,21.478248554535043,10.5,WIN,0.0,,,,,48.97078520500702,54.5,LOSS,0.0,,,,,,,,,,,
ncaa,401868967,1,2,2026,1,Prairie View A&M,Texas Southern,2026-09-06T16:00:00+00:00,c3de040c5c3b2aaf6f9af612,ncaa-669bbfbc23152108,2026-09-06T12:10:17.787028Z,2026-09-09T19:46:44.280278+00:00,unknown,38.0,66.0,incomplete,False,3.828392492222222,True,22.00387266616509,10.5,WIN,0.0,,,,,49.95270417396619,54.5,LOSS,0.0,,,,,,,,,,,
ncaa,401867939,24,2,2026,1,Florida A&M,South Carolina State,2026-09-06T19:00:00+00:00,57e98e806cc80d4bfafd8360,ncaa-669bbfbc23152108,2026-09-05T18:20:42.878824Z,2026-09-09T19:46:44.280278+00:00,unknown,-18.0,44.0,incomplete,True,24.654755882222226,True,9.123347323182934,-19.5,WIN,0.0,0.0,-19.5,DraftKings,2026-09-06T18:19:30.089151+00:00,53.15515065855713,55.5,WIN,1.0,1.0,54.5,DraftKings,2026-09-06T18:19:30.089151+00:00,,,,,,,
ncaa,401867939,1,2,2026,1,Florida A&M,South Carolina State,2026-09-06T19:00:00+00:00,3e50b51384bebe9627feab61,ncaa-669bbfbc23152108,2026-09-06T15:29:52.890133Z,2026-09-09T19:46:44.280278+00:00,unknown,-18.0,44.0,incomplete,True,3.5019749630555554,True,8.870248462014693,-19.5,WIN,0.0,,,,,53.08636328938221,55.5,WIN,1.0,,,,,,,,,,,
nfl,2026_01_NE_SEA,24,2,2026,1,SEA,NE,2026-09-09T20:20:00+00:00,41e62c85e3bf25f019c99c6e,nfl-b3ef3a847ffbd327,2026-09-08T19:27:11.120486Z,2026-09-10T16:54:23.243931+00:00,unknown,3.0,23.0,incomplete,False,24.880244309444443,True,-0.5848,3.0,PUSH,0.0,,,,,44.40810000000001,44.5,WIN,0.0,,,,,,,,,,,
nfl,2026_01_NE_SEA,1,2,2026,1,SEA,NE,2026-09-09T20:20:00+00:00,f5063a900f32faf34ba76b34,nfl-71c58de9264243c40cda,2026-09-09T19:18:22.006263Z,2026-09-10T16:54:23.243931+00:00,unknown,3.0,23.0,incomplete,False,1.0272204825,True,-0.5848,3.0,PUSH,0.0,,,,,44.40810000000001,44.5,WIN,0.0,,,,,,,,,,,
nfl,2026_01_SF_LA,24,2,2026,1,LA,SF,2026-09-10T20:35:00+00:00,b90aca8d9e7b1d4962324e76,nfl-71c58de9264243c40cda,2026-09-09T19:18:22.006263Z,2026-09-11T16:56:11.393297+00:00,unknown,-20.0,34.0,incomplete,False,25.2772204825,True,-2.4953000000000007,3.5,WIN,0.0,,,,,55.84710000000001,48.5,LOSS,0.0,,,,,,,,,,,
nfl,2026_01_SF_LA,1,2,2026,1,LA,SF,2026-09-10T20:35:00+00:00,16797f17c0281640c974054a,nfl-14b3efaab04bb7f80073,2026-09-10T17:44:35.852201Z,2026-09-11T16:56:11.393297+00:00,unknown,-20.0,34.0,incomplete,False,2.8400410552777777,True,-2.486700000000001,3.5,WIN,0.0,,,,,55.8654,48.5,LOSS,0.0,,,,,,,,,,,
ncaa,401858213,24,2,2026,2,Miami,Florida A&M,2026-09-11T00:00:00+00:00,8105fe029feb0003ca6e37f6,ncaa-99393cb7a081e195af57,2026-09-09T19:18:22.006263Z,2026-09-11T16:56:11.393297+00:00,unknown,70.0,84.0,incomplete,False,28.693887149166667,True,46.83694930450886,56.5,LOSS,-3.0,,,,,53.44000813791565,62.5,LOSS,-2.5,,,,,T1-shadow-v1,03fbf7ef2f864b52cf2b,62.5,63.22563401292889,WIN,63.05828920888317,WIN
ncaa,401858213,1,2,2026,2,Miami,Florida A&M,2026-09-11T00:00:00+00:00,3b226e95add473e72f202918,ncaa-4b39bcbf190161dc9b98,2026-09-10T20:57:26.776081Z,2026-09-11T16:56:11.393297+00:00,unknown,70.0,84.0,incomplete,False,3.042562199722222,True,46.524682216570895,59.5,LOSS,0.0,,,,,53.4403527382154,65.0,LOSS,0.0,,,,,T1-shadow-v1,a5553352f511af7d5ef5,65.0,65.7256340129289,WIN,65.55606529385855,WIN
ncaa,401858220,24,2,2026,2,Virginia,Norfolk State,2026-09-11T23:00:00+00:00,c01579576ddb050172292b85,ncaa-4b39bcbf190161dc9b98,2026-09-10T20:57:26.776081Z,2026-09-12T16:00:38.139138+00:00,unknown,56.0,62.0,incomplete,True,26.042562199722223,False,22.919048655166925,45.0,LOSS,-1.0,,,,,52.92396960972881,55.0,LOSS,-1.0,,,,,T1-shadow-v1,a5553352f511af7d5ef5,55.0,55.72563401292889,WIN,56.43988729105227,WIN
ncaa,401858220,1,2,2026,2,Virginia,Norfolk State,2026-09-11T23:00:00+00:00,0d80f780adbd276468b85410,ncaa-cee67a34ff5ea75fc787,2026-09-11T21:03:08.886840Z,2026-09-12T16:00:38.139138+00:00,unknown,56.0,62.0,incomplete,True,1.947531433333333,False,22.973722584717965,46.0,LOSS,0.0,,,,,52.95121280551941,56.0,LOSS,0.0,,,,,T1-shadow-v1,a5553352f511af7d5ef5,56.0,56.72563401292889,WIN,57.43988729105227,WIN
ncaa,401858215,24,2,2026,2,Louisville,Villanova,2026-09-11T23:00:00+00:00,4e81fe07fdee93a9bc423bfd,ncaa-4b39bcbf190161dc9b98,2026-09-10T20:57:26.776081Z,2026-09-12T16:00:38.139138+00:00,unknown,46.0,72.0,incomplete,False,26.042562199722223,True,20.37028570848384,36.5,LOSS,-1.0,,,,,54.32037917946094,56.0,LOSS,-0.5,,,,,T1-shadow-v1,a5553352f511af7d5ef5,56.0,56.72563401292889,WIN,57.08972688574,WIN
ncaa,401858215,1,2,2026,2,Louisville,Villanova,2026-09-11T23:00:00+00:00,f53ff81091561c8aff64ad74,ncaa-cee67a34ff5ea75fc787,2026-09-11T21:03:08.886840Z,2026-09-12T16:00:38.139138+00:00,unknown,46.0,72.0,incomplete,False,1.947531433333333,True,20.47967769031521,37.5,LOSS,0.0,,,,,54.33920158409207,56.5,LOSS,0.0,,,,,T1-shadow-v1,a5553352f511af7d5ef5,56.5,57.22563401292889,WIN,57.58972688574,WIN
ncaa,401858222,24,2,2026,2,NC State,Richmond,2026-09-11T23:00:00+00:00,633684b4a5d7dc3b2ce46d0b,ncaa-4b39bcbf190161dc9b98,2026-09-10T20:57:26.776081Z,2026-09-12T16:00:38.139138+00:00,unknown,73.0,73.0,incomplete,False,26.042562199722223,False,27.122811740004167,31.5,LOSS,-1.5,,,,,55.34665956623586,50.0,WIN,0.0,,,,,T1-shadow-v1,a5553352f511af7d5ef5,50.0,50.72563401292889,WIN,50.849439233014536,WIN
ncaa,401858222,1,2,2026,2,NC State,Richmond,2026-09-11T23:00:00+00:00,87a1647fdec6a3f057613890,ncaa-cee67a34ff5ea75fc787,2026-09-11T21:03:08.886840Z,2026-09-12T16:00:38.139138+00:00,unknown,73.0,73.0,incomplete,False,1.947531433333333,False,27.329140989863767,33.0,LOSS,0.0,,,,,55.36164963057953,50.0,WIN,0.0,,,,,T1-shadow-v1,a5553352f511af7d5ef5,50.0,50.72563401292889,WIN,50.849439233014536,WIN
ncaa,401858214,24,2,2026,2,Boston College,Rutgers,2026-09-11T23:30:00+00:00,6015d26ec3c3acc39fe4fec8,ncaa-4b39bcbf190161dc9b98,2026-09-10T20:57:26.776081Z,2026-09-12T16:00:38.139138+00:00,unknown,7.0,49.0,early-season,False,26.542562199722223,True,3.1012211308983773,3.5,LOSS,0.5,,,,,54.67826908447852,54.0,LOSS,-0.5,,,,,T1-shadow-v1,a5553352f511af7d5ef5,54.0,54.72563401292889,LOSS,54.03577505108548,LOSS
ncaa,401858214,1,2,2026,2,Boston College,Rutgers,2026-09-11T23:30:00+00:00,924713e8d93bb16f61fff2d9,ncaa-cee67a34ff5ea75fc787,2026-09-11T21:03:08.886840Z,2026-09-12T16:00:38.139138+00:00,unknown,7.0,49.0,early-season,False,2.4475314333333333,True,3.1139951925050986,3.0,WIN,0.0,,,,,54.75407981942129,53.5,LOSS,0.0,,,,,T1-shadow-v1,a5553352f511af7d5ef5,53.5,54.22563401292889,LOSS,53.53577505108548,LOSS
ncaa,401856678,24,2,2026,2,Kansas,Missouri,2026-09-12T00:00:00+00:00,693a2d79922ec1b0aaa1d79c,ncaa-4b39bcbf190161dc9b98,2026-09-10T20:57:26.776081Z,2026-09-12T16:00:38.139138+00:00,unknown,-17.0,59.0,early-season,False,27.042562199722223,True,-1.280396701450375,-5.5,LOSS,1.0,,,,,52.66879478828725,51.5,WIN,-0.5,,,,,T1-shadow-v1,a5553352f511af7d5ef5,51.5,52.22563401292889,WIN,51.92383895623287,WIN
ncaa,401856678,1,2,2026,2,Kansas,Missouri,2026-09-12T00:00:00+00:00,783abf71f39573f394c574e2,ncaa-cee67a34ff5ea75fc787,2026-09-11T21:03:08.886840Z,2026-09-12T16:00:38.139138+00:00,unknown,-17.0,59.0,early-season,False,2.9475314333333333,True,-1.2758813394530255,-4.5,LOSS,0.0,,,,,52.757059218055495,51.0,WIN,0.0,,,,,T1-shadow-v1,a5553352f511af7d5ef5,51.0,51.72563401292889,WIN,51.42383895623287,WIN
ncaa,401856782,24,2,2026,2,Oklahoma State,Oregon,2026-09-12T16:00:00+00:00,7f446a3c8209a6e07cf6f9f7,ncaa-cee67a34ff5ea75fc787,2026-09-11T11:31:31.723039Z,2026-09-13T16:51:24.608359+00:00,unknown,8.0,70.0,early-season,False,28.47452137805556,False,-40.08954740055486,-23.0,LOSS,0.5,0.5,-23.5,Bovada,2026-09-12T15:37:27.082429+00:00,54.73945834550855,55.5,LOSS,0.5,0.5,55.0,Bovada,2026-09-12T15:37:27.082429+00:00,T1-shadow-v1,a5553352f511af7d5ef5,55.5,56.22563401292889,WIN,56.33560524301472,WIN
ncaa,401856782,1,2,2026,2,Oklahoma State,Oregon,2026-09-12T16:00:00+00:00,c5c96252a322782d5a6c5beb,ncaa-cee67a34ff5ea75fc787,2026-09-12T12:13:57.786852Z,2026-09-13T16:51:24.608359+00:00,unknown,8.0,70.0,early-season,False,3.76728143,False,-39.763661167918336,-23.5,LOSS,0.0,0.0,-23.5,Bovada,2026-09-12T15:37:27.082429+00:00,54.77337610180537,54.5,WIN,0.5,0.5,55.0,Bovada,2026-09-12T15:37:27.082429+00:00,T1-shadow-v1,a5553352f511af7d5ef5,54.5,55.22563401292889,WIN,55.33560524301472,WIN
ncaa,401856679,24,2,2026,2,Michigan,Oklahoma,2026-09-12T16:00:00+00:00,806f726e3e9b36314be40c61,ncaa-cee67a34ff5ea75fc787,2026-09-11T11:31:31.723039Z,2026-09-13T16:51:24.608359+00:00,unknown,7.0,27.0,early-season,False,28.47452137805556,True,5.713995468048839,-5.0,WIN,0.0,,,,,51.06111509557314,43.5,LOSS,0.0,,,,,T1-shadow-v1,a5553352f511af7d5ef5,43.5,44.22563401292889,LOSS,45.72458659068795,LOSS
ncaa,401856679,1,2,2026,2,Michigan,Oklahoma,2026-09-12T16:00:00+00:00,5f6aae144312bac44666b08e,ncaa-cee67a34ff5ea75fc787,2026-09-12T12:13:57.786852Z,2026-09-13T16:51:24.608359+00:00,unknown,7.0,27.0,early-season,False,3.76728143,True,5.941462489930306,-4.5,WIN,-0.5,,,,,51.1160062991675,43.5,LOSS,0.0,,,,,T1-shadow-v1,a5553352f511af7d5ef5,43.5,44.22563401292889,LOSS,45.72458659068795,LOSS
ncaa,401856683,24,2,2026,2,Texas A&M,Arizona State,2026-09-12T16:00:00+00:00,89776c7d27f5488787766373,ncaa-cee67a34ff5ea75fc787,2026-09-11T11:31:31.723039Z,2026-09-13T16:51:24.608359+00:00,unknown,28.0,68.0,early-season,False,28.47452137805556,True,16.52990629977506,14.5,WIN,0.5,0.5,15.0,Bovada,2026-09-12T15:37:27.082429+00:00,57.55326710525089,50.5,WIN,1.0,1.0,51.5,Bovada,2026-09-12T15:37:27.082429+00:00,T1-shadow-v1,a5553352f511af7d5ef5,50.5,51.22563401292889,WIN,50.878442725141696,WIN
ncaa,401856683,1,2,2026,2,Texas A&M,Arizona State,2026-09-12T16:00:00+00:00,4cf7a910322dd70df835a32e,ncaa-cee67a34ff5ea75fc787,2026-09-12T12:13:57.786852Z,2026-09-13T16:51:24.608359+00:00,unknown,28.0,68.0,early-season,False,3.76728143,True,16.34243235638699,14.5,WIN,0.5,,,,,57.58788963911202,50.5,WIN,1.0,,,,,T1-shadow-v1,a5553352f511af7d5ef5,50.5,51.22563401292889,WIN,50.878442725141696,WIN
ncaa,401858221,24,2,2026,2,Virginia Tech,Old Dominion,2026-09-12T16:00:00+00:00,f20bab02ffdd3dbe3b7f6a38,ncaa-cee67a34ff5ea75fc787,2026-09-11T11:31:31.723039Z,2026-09-13T16:51:24.608359+00:00,unknown,23.0,65.0,early-season,False,28.47452137805556,True,7.817008795537898,19.0,LOSS,1.0,,,,,57.55511004072805,48.0,WIN,-0.5,,,,,T1-shadow-v1,a5553352f511af7d5ef5,48.0,48.72563401292889,WIN,48.55788096599236,WIN
ncaa,401858221,1,2,2026,2,Virginia Tech,Old Dominion,2026-09-12T16:00:00+00:00,b89120b76c6ecd74d9910268,ncaa-cee67a34ff5ea75fc787,2026-09-12T12:13:57.786852Z,2026-09-13T16:51:24.608359+00:00,unknown,23.0,65.0,early-season,False,3.76728143,True,8.258620558570733,19.5,LOSS,1.5,,,,,57.59139087263385,48.0,WIN,-0.5,,,,,T1-shadow-v1,a5553352f511af7d5ef5,48.0,48.72563401292889,WIN,48.55788096599236,WIN
ncaa,401858442,24,2,2026,2,Temple,Penn State,2026-09-12T16:00:00+00:00,6f89448a5be5c7a78a327415,ncaa-cee67a34ff5ea75fc787,2026-09-11T11:31:31.723039Z,2026-09-13T16:51:24.608359+00:00,unknown,-18.0,36.0,early-season,False,28.47452137805556,True,-5.863784405102194,-24.0,WIN,0.0,,,,,53.55768353876941,51.0,LOSS,-0.5,,,,,T1-shadow-v1,a5553352f511af7d5ef5,51.0,51.72563401292889,LOSS,51.15588426094604,LOSS
ncaa,401858442,1,2,2026,2,Temple,Penn State,2026-09-12T16:00:00+00:00,4ce99e395626ce6825d3dada,ncaa-cee67a34ff5ea75fc787,2026-09-12T12:13:57.786852Z,2026-09-13T16:51:24.608359+00:00,unknown,-18.0,36.0,early-season,False,3.76728143,True,-5.4847375312276645,-24.0,WIN,0.0,,,,,53.58483812459499,51.0,LOSS,-0.5,,,,,T1-shadow-v1,a5553352f511af7d5ef5,51.0,51.72563401292889,LOSS,51.15588426094604,LOSS
ncaa,401862702,24,2,2026,2,Army,South Florida,2026-09-12T16:00:00+00:00,d9f545eac1f06f9d09cec825,ncaa-cee67a34ff5ea75fc787,2026-09-11T11:31:31.723039Z,2026-09-13T16:51:24.608359+00:00,unknown,-4.0,52.0,early-season,True,28.47452137805556,True,-16.690026996011316,3.5,WIN,0.0,,,,,52.947380535910256,46.0,WIN,-0.5,,,,,T1-shadow-v1,a5553352f511af7d5ef5,46.0,46.72563401292889,WIN,46.3942539155881,WIN
ncaa,401862702,1,2,2026,2,Army,South Florida,2026-09-12T16:00:00+00:00,49d80282f2fdd293f601b0e7,ncaa-cee67a34ff5ea75fc787,2026-09-12T12:13:57.786852Z,2026-09-13T16:51:24.608359+00:00,unknown,-4.0,52.0,early-season,True,3.76728143,True,-17.163477678351953,3.5,WIN,0.0,,,,,52.977813310489424,46.0,WIN,-0.5,,,,,T1-shadow-v1,a5553352f511af7d5ef5,46.0,46.72563401292889,WIN,46.3942539155881,WIN
ncaa,401856781,24,2,2026,2,Kansas State,Washington State,2026-09-12T16:00:00+00:00,3838056077be7fb9507f9ab0,ncaa-cee67a34ff5ea75fc787,2026-09-11T11:31:31.723039Z,2026-09-13T16:51:24.608359+00:00,unknown,27.0,41.0,early-season,False,28.47452137805556,True,17.080259296979936,17.5,LOSS,-0.5,,,,,53.47819083726598,49.0,LOSS,-0.5,,,,,T1-shadow-v1,a5553352f511af7d5ef5,49.0,49.72563401292889,LOSS,50.27287529781634,LOSS
ncaa,401856781,1,2,2026,2,Kansas State,Washington State,2026-09-12T16:00:00+00:00,9fccbd17fa8880844b6647b5,ncaa-cee67a34ff5ea75fc787,2026-09-12T12:13:57.786852Z,2026-09-13T16:51:24.608359+00:00,unknown,27.0,41.0,early-season,False,3.76728143,True,17.19911202056664,17.5,LOSS,-0.5,,,,,53.520662365411525,49.0,LOSS,-0.5,,,,,T1-shadow-v1,a5553352f511af7d5ef5,49.0,49.72563401292889,LOSS,50.27287529781634,LOSS
ncaa,401864571,24,2,2026,2,East Carolina,App State,2026-09-12T16:00:00+00:00,89920d9da16fef1bedd67544,ncaa-cee67a34ff5ea75fc787,2026-09-11T11:31:31.723039Z,2026-09-13T16:51:24.608359+00:00,unknown,-3.0,51.0,early-season,False,28.47452137805556,True,4.447236799830495,6.5,WIN,0.0,,,,,58.628310393997296,56.5,LOSS,-1.5,,,,,T1-shadow-v1,a5553352f511af7d5ef5,56.5,57.22563401292889,LOSS,56.7062969418276,LOSS
ncaa,401864571,1,2,2026,2,East Carolina,App State,2026-09-12T16:00:00+00:00,6b9b5f0dda7d947c6a20d39e,ncaa-cee67a34ff5ea75fc787,2026-09-12T12:13:57.786852Z,2026-09-13T16:51:24.608359+00:00,unknown,-3.0,51.0,early-season,False,3.76728143,True,4.371352442436877,6.5,WIN,0.0,,,,,58.66016262890044,56.5,LOSS,-1.5,,,,,T1-shadow-v1,a5553352f511af7d5ef5,56.5,57.22563401292889,LOSS,56.7062969418276,LOSS
ncaa,401858224,24,2,2026,2,Purdue,Wake Forest,2026-09-12T16:00:00+00:00,b292fadec35ede80acaa9f27,ncaa-cee67a34ff5ea75fc787,2026-09-11T11:31:31.723039Z,2026-09-13T16:51:24.608359+00:00,unknown,-2.0,74.0,early-season,False,28.47452137805556,True,-1.1931871369994207,-3.0,WIN,0.5,,,,,55.04841721725525,50.0,WIN,1.0,,,,,T1-shadow-v1,a5553352f511af7d5ef5,50.0,50.72563401292889,WIN,51.11407152375112,WIN
ncaa,401858224,1,2,2026,2,Purdue,Wake Forest,2026-09-12T16:00:00+00:00,45ca0041489f57ab366d8c44,ncaa-cee67a34ff5ea75fc787,2026-09-12T12:13:57.786852Z,2026-09-13T16:51:24.608359+00:00,unknown,-2.0,74.0,early-season,False,3.76728143,True,-1.032663196104521,-3.0,WIN,0.5,,,,,55.09028570774732,50.0,WIN,1.0,,,,,T1-shadow-v1,a5553352f511af7d5ef5,50.0,50.72563401292889,WIN,51.11407152375112,WIN
ncaa,401856673,24,2,2026,2,Georgia,Western Kentucky,2026-09-12T16:45:00+00:00,8872dfa57db68c636d2e7e05,ncaa-cee67a34ff5ea75fc787,2026-09-11T16:35:06.829598Z,2026-09-13T16:51:24.608359+00:00,unknown,50.0,90.0,early-season,False,24.16476955611111,True,34.28844552418616,40.0,LOSS,0.0,,,,,54.577486327866566,55.0,LOSS,-0.5,,,,,T1-shadow-v1,a5553352f511af7d5ef5,55.0,55.72563401292889,WIN,55.8995529411416,WIN
ncaa,401856673,1,2,2026,2,Georgia,Western Kentucky,2026-09-12T16:45:00+00:00,238ad23e06be6c7fcc4f75e3,ncaa-cee67a34ff5ea75fc787,2026-09-12T15:37:45.880907Z,2026-09-13T16:51:24.608359+00:00,unknown,50.0,90.0,early-season,False,1.1205886369444444,True,34.06964192983822,40.0,LOSS,0.0,0.0,40.0,Bovada,2026-09-12T16:29:26.166389+00:00,54.61494620818469,55.5,LOSS,0.0,-0.5,56.0,Bovada,2026-09-12T16:29:26.166389+00:00,T1-shadow-v1,a5553352f511af7d5ef5,55.5,56.22563401292889,WIN,56.3995529411416,WIN
ncaa,401856810,24,2,2026,2,BYU,Arizona,2026-09-12T19:30:00+00:00,4b2177d6c48947e628816dfd,ncaa-cee67a34ff5ea75fc787,2026-09-11T16:35:06.829598Z,2026-09-13T16:51:24.608359+00:00,unknown,11.0,45.0,early-season,False,26.91476955611111,True,10.217126900594264,7.5,WIN,-0.5,,,,,54.65679825201619,48.0,LOSS,1.0,,,,,T1-shadow-v1,a5553352f511af7d5ef5,48.0,48.72563401292889,LOSS,48.604791417487405,LOSS
ncaa,401856810,1,2,2026,2,BYU,Arizona,2026-09-12T19:30:00+00:00,f011a0d83a22da573b42521e,ncaa-cee67a34ff5ea75fc787,2026-09-12T18:28:34.066908Z,2026-09-13T16:51:24.608359+00:00,unknown,11.0,45.0,early-season,False,1.0238703033333334,True,10.232100283929178,7.0,WIN,0.0,,,,,54.69139216099866,49.0,LOSS,0.0,,,,,T1-shadow-v1,a5553352f511af7d5ef5,49.0,49.72563401292889,LOSS,49.604791417487405,LOSS
ncaa,401856674,24,2,2026,2,Kentucky,Alabama,2026-09-12T19:30:00+00:00,e1f1b78bb45564e4618972cb,ncaa-cee67a34ff5ea75fc787,2026-09-11T16:35:06.829598Z,2026-09-13T16:51:24.608359+00:00,unknown,-28.0,62.0,early-season,False,26.91476955611111,True,-19.848291487347485,-10.0,WIN,-1.5,,,,,50.576596825922906,48.0,WIN,-1.0,,,,,T1-shadow-v1,a5553352f511af7d5ef5,48.0,48.72563401292889,WIN,49.81602848785269,WIN
ncaa,401856674,1,2,2026,2,Kentucky,Alabama,2026-09-12T19:30:00+00:00,97ccb705aed0f88a8e328112,ncaa-cee67a34ff5ea75fc787,2026-09-12T18:28:34.066908Z,2026-09-13T16:51:24.608359+00:00,unknown,-28.0,62.0,early-season,False,1.0238703033333334,True,-19.55451380918729,-8.5,WIN,0.0,,,,,50.6219980948408,47.0,WIN,0.0,,,,,T1-shadow-v1,a5553352f511af7d5ef5,47.0,47.72563401292889,WIN,48.81602848785269,WIN
ncaa,401860884,24,2,2026,2,Texas State,UTSA,2026-09-12T19:30:00+00:00,fc1af9e5af23e7ec3b58d182,ncaa-cee67a34ff5ea75fc787,2026-09-11T16:35:06.829598Z,2026-09-13T16:51:24.608359+00:00,unknown,-5.0,57.0,early-season,False,26.91476955611111,True,8.869134481021096,2.0,LOSS,0.5,,,,,60.18350184878695,66.0,WIN,0.5,,,,,T1-shadow-v1,a5553352f511af7d5ef5,66.0,66.7256340129289,LOSS,65.40446143327637,WIN
ncaa,401860884,1,2,2026,2,Texas State,UTSA,2026-09-12T19:30:00+00:00,01c184e3cd64eff001348230,ncaa-cee67a34ff5ea75fc787,2026-09-12T18:28:34.066908Z,2026-09-13T16:51:24.608359+00:00,unknown,-5.0,57.0,early-season,False,1.0238703033333334,True,9.141531765785516,2.5,LOSS,0.0,,,,,60.2040648444077,65.5,WIN,0.0,,,,,T1-shadow-v1,a5553352f511af7d5ef5,65.5,66.2256340129289,LOSS,64.90446143327637,WIN
ncaa,401858217,24,2,2026,2,Illinois,Duke,2026-09-12T19:30:00+00:00,6862c104c17c656e23ef731b,ncaa-cee67a34ff5ea75fc787,2026-09-11T16:35:06.829598Z,2026-09-13T16:51:24.608359+00:00,unknown,-4.0,58.0,early-season,False,26.91476955611111,True,10.02878684846096,5.5,LOSS,0.5,,,,,54.05696818027716,51.5,WIN,0.0,,,,,T1-shadow-v1,a5553352f511af7d5ef5,51.5,52.22563401292889,WIN,51.61409519983177,WIN
ncaa,401858217,1,2,2026,2,Illinois,Duke,2026-09-12T19:30:00+00:00,737f0f47544af70303631623,ncaa-cee67a34ff5ea75fc787,2026-09-12T18:28:34.066908Z,2026-09-13T16:51:24.608359+00:00,unknown,-4.0,58.0,early-season,False,1.0238703033333334,True,10.030868257563457,6.0,LOSS,0.0,,,,,54.08534541413507,51.5,WIN,0.0,,,,,T1-shadow-v1,a5553352f511af7d5ef5,51.5,52.22563401292889,WIN,51.61409519983177,WIN
ncaa,401856790,24,2,2026,2,Pittsburgh,UCF,2026-09-12T19:30:00+00:00,a8755e8ed54916b369a5544e,ncaa-cee67a34ff5ea75fc787,2026-09-11T16:35:06.829598Z,2026-09-13T16:51:24.608359+00:00,unknown,5.0,19.0,early-season,False,26.91476955611111,True,7.465841536234834,7.5,WIN,0.5,,,,,56.660325538204106,56.5,LOSS,-1.5,,,,,T1-shadow-v1,a5553352f511af7d5ef5,56.5,57.22563401292889,LOSS,57.42666677780893,LOSS
ncaa,401856790,1,2,2026,2,Pittsburgh,UCF,2026-09-12T19:30:00+00:00,56366ffd0fc4873ece2321b4,ncaa-cee67a34ff5ea75fc787,2026-09-12T18:28:34.066908Z,2026-09-13T16:51:24.608359+00:00,unknown,5.0,19.0,early-season,False,1.0238703033333334,True,7.4454890436793475,7.0,LOSS,0.0,,,,,56.70355620600466,55.0,LOSS,0.0,,,,,T1-shadow-v1,a5553352f511af7d5ef5,55.0,55.72563401292889,LOSS,55.92666677780893,LOSS
ncaa,401858216,24,2,2026,2,Syracuse,California,2026-09-12T19:30:00+00:00,0ff1b606a359dd801da45dc4,ncaa-cee67a34ff5ea75fc787,2026-09-11T16:35:06.829598Z,2026-09-13T16:51:24.608359+00:00,unknown,-3.0,39.0,early-season,False,26.91476955611111,True,8.410904620077167,4.0,LOSS,0.0,,,,,55.19637968259736,56.5,WIN,-0.5,,,,,T1-shadow-v1,a5553352f511af7d5ef5,56.5,57.22563401292889,LOSS,57.60838863089006,LOSS
ncaa,401858216,1,2,2026,2,Syracuse,California,2026-09-12T19:30:00+00:00,2e20502b484c53e78091b296,ncaa-cee67a34ff5ea75fc787,2026-09-12T18:28:34.066908Z,2026-09-13T16:51:24.608359+00:00,unknown,-3.0,39.0,early-season,False,1.0238703033333334,True,8.142692886234872,4.0,LOSS,0.0,,,,,55.24028073764832,57.0,WIN,0.0,,,,,T1-shadow-v1,a5553352f511af7d5ef5,57.0,57.72563401292889,LOSS,58.10838863089006,LOSS
ncaa,401858446,24,2,2026,2,Washington,Utah State,2026-09-12T19:30:00+00:00,f4a8be4766310b2e4f32cbe3,ncaa-cee67a34ff5ea75fc787,2026-09-11T16:35:06.829598Z,2026-09-13T16:51:24.608359+00:00,unknown,2.0,30.0,early-season,False,26.91476955611111,True,16.989900794664475,27.5,WIN,-0.5,,,,,56.5138242049597,55.5,LOSS,0.0,,,,,T1-shadow-v1,a5553352f511af7d5ef5,55.5,56.22563401292889,LOSS,56.013620608442245,LOSS
ncaa,401858446,1,2,2026,2,Washington,Utah State,2026-09-12T19:30:00+00:00,d009b7e2db93aa66d8fcecf7,ncaa-cee67a34ff5ea75fc787,2026-09-12T18:28:34.066908Z,2026-09-13T16:51:24.608359+00:00,unknown,2.0,30.0,early-season,False,1.0238703033333334,True,16.45415954960233,28.0,WIN,0.0,,,,,56.54846943644665,55.5,LOSS,0.0,,,,,T1-shadow-v1,a5553352f511af7d5ef5,55.5,56.22563401292889,LOSS,56.013620608442245,LOSS
ncaa,401858440,24,2,2026,2,Michigan State,Eastern Michigan,2026-09-12T19:30:00+00:00,a202e3c227fe49fd376b5765,ncaa-cee67a34ff5ea75fc787,2026-09-11T16:35:06.829598Z,2026-09-13T16:51:24.608359+00:00,unknown,28.0,42.0,early-season,False,26.91476955611111,True,1.5523992430889084,17.5,LOSS,0.0,,,,,54.309133583341776,50.0,LOSS,0.0,,,,,T1-shadow-v1,a5553352f511af7d5ef5,50.0,50.72563401292889,LOSS,51.04311052890797,LOSS
ncaa,401858440,1,2,2026,2,Michigan State,Eastern Michigan,2026-09-12T19:30:00+00:00,55d2ea835bedacb7bcd2b91d,ncaa-cee67a34ff5ea75fc787,2026-09-12T18:28:34.066908Z,2026-09-13T16:51:24.608359+00:00,unknown,28.0,42.0,early-season,False,1.0238703033333334,True,1.3993320559726397,17.5,LOSS,0.0,,,,,54.35026166269146,50.0,LOSS,0.0,,,,,T1-shadow-v1,a5553352f511af7d5ef5,50.0,50.72563401292889,LOSS,51.04311052890797,LOSS
ncaa,401859184,24,2,2026,2,Notre Dame,Rice,2026-09-12T19:30:00+00:00,dc70f675b87d6a4c3909b103,ncaa-cee67a34ff5ea75fc787,2026-09-11T16:35:06.829598Z,2026-09-13T16:51:24.608359+00:00,unknown,52.0,52.0,early-season,False,26.91476955611111,True,43.28011724068179,44.5,LOSS,-0.5,,,,,52.780422707237335,55.0,WIN,0.5,,,,,T1-shadow-v1,a5553352f511af7d5ef5,55.0,55.72563401292889,LOSS,56.23878712997536,LOSS
ncaa,401859184,1,2,2026,2,Notre Dame,Rice,2026-09-12T19:30:00+00:00,e43af3a7d94c4a76790598dc,ncaa-cee67a34ff5ea75fc787,2026-09-12T18:28:34.066908Z,2026-09-13T16:51:24.608359+00:00,unknown,52.0,52.0,early-season,False,1.0238703033333334,True,43.06012384138022,45.0,LOSS,0.0,,,,,52.818656489648674,54.5,WIN,0.0,,,,,T1-shadow-v1,a5553352f511af7d5ef5,54.5,55.22563401292889,LOSS,55.73878712997536,LOSS
ncaa,401862708,24,2,2026,2,UAB,UL Monroe,2026-09-12T19:30:00+00:00,ed3f125ead47efa7592e7ef6,ncaa-cee67a34ff5ea75fc787,2026-09-11T16:35:06.829598Z,2026-09-13T16:51:24.608359+00:00,unknown,6.0,46.0,early-season,False,26.91476955611111,True,13.873057320203683,9.5,LOSS,0.0,,,,,53.153000816357,54.0,WIN,0.0,,,,,T1-shadow-v1,a5553352f511af7d5ef5,54.0,54.72563401292889,LOSS,54.80807824921128,LOSS
ncaa,401862708,1,2,2026,2,UAB,UL Monroe,2026-09-12T19:30:00+00:00,2905a8d839b8c55cd354b6dd,ncaa-cee67a34ff5ea75fc787,2026-09-12T18:28:34.066908Z,2026-09-13T16:51:24.608359+00:00,unknown,6.0,46.0,early-season,False,1.0238703033333334,True,13.982480156634232,9.5,LOSS,0.0,,,,,53.188796276641,54.0,WIN,0.0,,,,,T1-shadow-v1,a5553352f511af7d5ef5,54.0,54.72563401292889,LOSS,54.80807824921128,LOSS
ncaa,401858444,24,2,2026,2,UConn,Maryland,2026-09-12T19:30:00+00:00,ade3c7163c6564713a4147e9,ncaa-cee67a34ff5ea75fc787,2026-09-11T16:35:06.829598Z,2026-09-13T16:51:24.608359+00:00,unknown,-24.0,52.0,early-season,False,26.91476955611111,True,7.307525581324353,-11.5,LOSS,0.0,,,,,60.399047685773375,52.0,PUSH,0.5,,,,,T1-shadow-v1,a5553352f511af7d5ef5,52.0,52.72563401292889,PUSH,51.91014524775251,PUSH
ncaa,401858444,1,2,2026,2,UConn,Maryland,2026-09-12T19:30:00+00:00,99028c58141673c014740fc9,ncaa-cee67a34ff5ea75fc787,2026-09-12T18:28:34.066908Z,2026-09-13T16:51:24.608359+00:00,unknown,-24.0,52.0,early-season,False,1.0238703033333334,False,7.808781374704715,-11.5,LOSS,0.0,,,,,60.42634584442558,52.5,LOSS,0.0,,,,,T1-shadow-v1,a5553352f511af7d5ef5,52.5,53.22563401292889,LOSS,52.41014524775251,WIN
ncaa,401856677,24,2,2026,2,Minnesota,Mississippi State,2026-09-12T19:30:00+00:00,6202ba291248720af1b64768,ncaa-cee67a34ff5ea75fc787,2026-09-11T16:35:06.829598Z,2026-09-13T16:51:24.608359+00:00,unknown,-25.0,51.0,early-season,False,26.91476955611111,False,1.938621858622026,-1.0,LOSS,0.0,,,,,55.260956246279946,55.0,LOSS,0.0,,,,,T1-shadow-v1,a5553352f511af7d5ef5,55.0,55.72563401292889,LOSS,55.64831605033745,LOSS
ncaa,401856677,1,2,2026,2,Minnesota,Mississippi State,2026-09-12T19:30:00+00:00,341259e02dc2ea1bb923474b,ncaa-cee67a34ff5ea75fc787,2026-09-12T18:28:34.066908Z,2026-09-13T16:51:24.608359+00:00,unknown,-25.0,51.0,early-season,False,1.0238703033333334,False,2.165182277854772,-1.0,LOSS,0.0,,,,,55.29701250754045,55.0,LOSS,0.0,,,,,T1-shadow-v1,a5553352f511af7d5ef5,55.0,55.72563401292889,LOSS,55.64831605033745,LOSS
ncaa,401862705,24,2,2026,2,North Texas,UNLV,2026-09-12T19:45:00+00:00,6465e2917bfb6a4ab87848a4,ncaa-cee67a34ff5ea75fc787,2026-09-11T16:35:06.829598Z,2026-09-13T16:51:24.608359+00:00,unknown,38.0,50.0,early-season,False,27.16476955611111,False,-5.762034029786093,-3.0,LOSS,0.0,,,,,61.52798841783713,58.0,LOSS,0.0,,,,,T1-shadow-v1,a5553352f511af7d5ef5,58.0,58.72563401292889,LOSS,56.53842246631153,WIN
ncaa,401862705,1,2,2026,2,North Texas,UNLV,2026-09-12T19:45:00+00:00,44b9200aad6dbcb4e48c908e,ncaa-cee67a34ff5ea75fc787,2026-09-12T18:28:34.066908Z,2026-09-13T16:51:24.608359+00:00,unknown,38.0,50.0,early-season,False,1.2738703033333334,False,-5.941248804404364,-3.0,LOSS,0.0,,,,,61.53794268838117,58.0,LOSS,0.0,,,,,T1-shadow-v1,a5553352f511af7d5ef5,58.0,58.72563401292889,LOSS,56.53842246631153,WIN
ncaa,401856684,24,2,2026,2,Vanderbilt,Delaware,2026-09-12T20:15:00+00:00,8c1fd06abc8ae9c1a074d018,ncaa-cee67a34ff5ea75fc787,2026-09-11T16:35:06.829598Z,2026-09-13T16:51:24.608359+00:00,unknown,9.0,61.0,early-season,False,27.66476955611111,True,22.37164572615253,21.0,LOSS,0.0,,,,,57.33423273679988,54.5,WIN,0.5,,,,,T1-shadow-v1,a5553352f511af7d5ef5,54.5,55.22563401292889,WIN,53.60178101115153,LOSS
ncaa,401856684,1,2,2026,2,Vanderbilt,Delaware,2026-09-12T20:15:00+00:00,44fdde8c4cc2894f4be39aa8,ncaa-cee67a34ff5ea75fc787,2026-09-12T18:28:34.066908Z,2026-09-13T16:51:24.608359+00:00,unknown,9.0,61.0,early-season,False,1.7738703033333334,True,22.425666083154784,21.0,LOSS,0.0,,,,,57.3509618853366,55.0,WIN,0.0,,,,,T1-shadow-v1,a5553352f511af7d5ef5,55.0,55.72563401292889,WIN,54.10178101115153,LOSS
ncaa,401860881,24,2,2026,2,Boise State,Memphis,2026-09-12T22:00:00+00:00,f2c546cc9beed3fa3ad1fc0d,ncaa-cee67a34ff5ea75fc787,2026-09-11T21:03:08.886840Z,2026-09-13T16:51:24.608359+00:00,unknown,18.0,58.0,early-season,False,24.94753143333333,True,6.105742191929111,8.5,LOSS,-0.5,,,,,59.440263311670336,56.0,WIN,-1.0,,,,,T1-shadow-v1,a5553352f511af7d5ef5,56.0,56.72563401292889,WIN,55.64239158746542,LOSS
ncaa,401860881,1,2,2026,2,Boise State,Memphis,2026-09-12T22:00:00+00:00,5d04ba9bf55e35b4c52a4455,ncaa-cee67a34ff5ea75fc787,2026-09-12T18:28:34.066908Z,2026-09-13T16:51:24.608359+00:00,unknown,18.0,58.0,early-season,False,3.523870303333333,True,5.992753385904027,9.0,LOSS,0.0,,,,,59.46452119047272,55.0,WIN,0.0,,,,,T1-shadow-v1,a5553352f511af7d5ef5,55.0,55.72563401292889,WIN,54.64239158746542,LOSS
ncaa,401866418,24,2,2026,2,Ohio,Jacksonville State,2026-09-12T22:00:00+00:00,9227c028bb973b5e033c37a5,ncaa-cee67a34ff5ea75fc787,2026-09-11T21:03:08.886840Z,2026-09-13T16:51:24.608359+00:00,unknown,2.0,56.0,early-season,False,24.94753143333333,True,-2.4564575804212585,2.5,WIN,1.0,,,,,53.88005637446733,50.0,WIN,0.0,,,,,T1-shadow-v1,a5553352f511af7d5ef5,50.0,50.72563401292889,WIN,50.52685009868653,WIN
ncaa,401866418,1,2,2026,2,Ohio,Jacksonville State,2026-09-12T22:00:00+00:00,212b4083acc7b264df310b89,ncaa-cee67a34ff5ea75fc787,2026-09-12T18:28:34.066908Z,2026-09-13T16:51:24.608359+00:00,unknown,2.0,56.0,early-season,False,3.523870303333333,True,-2.2454112906843893,1.5,LOSS,0.0,,,,,53.91353245159617,50.0,WIN,0.0,,,,,T1-shadow-v1,a5553352f511af7d5ef5,50.0,50.72563401292889,WIN,50.52685009868653,WIN
ncaa,401866414,24,2,2026,2,Florida International,Buffalo,2026-09-12T22:00:00+00:00,8f22d77e94ada72b9186f787,ncaa-cee67a34ff5ea75fc787,2026-09-11T21:03:08.886840Z,2026-09-13T16:51:24.608359+00:00,unknown,13.0,53.0,early-season,False,24.94753143333333,True,14.510180543800368,10.0,WIN,0.0,,,,,58.53733639184822,47.5,WIN,0.0,,,,,T1-shadow-v1,a5553352f511af7d5ef5,47.5,48.22563401292889,WIN,48.50540784102167,WIN
ncaa,401866414,1,2,2026,2,Florida International,Buffalo,2026-09-12T22:00:00+00:00,a46fe9634e5b9f5a32e960dc,ncaa-cee67a34ff5ea75fc787,2026-09-12T18:28:34.066908Z,2026-09-13T16:51:24.608359+00:00,unknown,13.0,53.0,early-season,False,3.523870303333333,True,14.45396876923378,10.0,WIN,0.0,,,,,58.59050800393146,47.5,WIN,0.0,,,,,T1-shadow-v1,a5553352f511af7d5ef5,47.5,48.22563401292889,WIN,48.50540784102167,WIN
ncaa,401856681,24,2,2026,2,Georgia Tech,Tennessee,2026-09-12T23:00:00+00:00,4a5ad398b3b2eb9bace09a3c,ncaa-cee67a34ff5ea75fc787,2026-09-11T21:03:08.886840Z,2026-09-13T16:51:24.608359+00:00,unknown,-21.0,69.0,early-season,False,25.94753143333333,True,-9.241550897214552,-12.5,LOSS,0.5,,,,,58.64430316577442,56.0,WIN,-0.5,,,,,T1-shadow-v1,a5553352f511af7d5ef5,56.0,56.72563401292889,WIN,55.26626712579001,LOSS
ncaa,401856681,1,2,2026,2,Georgia Tech,Tennessee,2026-09-12T23:00:00+00:00,53d9e2b4578d447fc60dcdfb,ncaa-cee67a34ff5ea75fc787,2026-09-12T18:28:34.066908Z,2026-09-13T16:51:24.608359+00:00,unknown,-21.0,69.0,early-season,False,4.523870303333333,True,-8.97087166708886,-12.0,LOSS,0.0,,,,,58.663038774541846,55.5,WIN,0.0,,,,,T1-shadow-v1,a5553352f511af7d5ef5,55.5,56.22563401292889,WIN,54.76626712579001,LOSS
ncaa,401871045,24,2,2026,2,Marshall,Middle Tennessee,2026-09-12T23:00:00+00:00,822a7ab5243089971b8edc35,ncaa-cee67a34ff5ea75fc787,2026-09-11T21:03:08.886840Z,2026-09-13T16:51:24.608359+00:00,unknown,2.0,54.0,early-season,False,25.94753143333333,True,7.359668288872055,13.5,WIN,0.5,,,,,58.01456096042986,57.0,LOSS,-1.0,,,,,T1-shadow-v1,a5553352f511af7d5ef5,57.0,57.72563401292889,LOSS,57.16868363958167,LOSS
ncaa,401871045,1,2,2026,2,Marshall,Middle Tennessee,2026-09-12T23:00:00+00:00,3f92b4cb04fdcefe297d6b30,ncaa-cee67a34ff5ea75fc787,2026-09-12T18:28:34.066908Z,2026-09-13T16:51:24.608359+00:00,unknown,2.0,54.0,early-season,False,4.523870303333333,True,7.490910985937068,13.0,WIN,0.0,,,,,58.04597433017807,56.0,LOSS,0.0,,,,,T1-shadow-v1,a5553352f511af7d5ef5,56.0,56.72563401292889,LOSS,56.16868363958167,LOSS
ncaa,401864575,24,2,2026,2,Tulane,South Alabama,2026-09-12T23:00:00+00:00,9a45267bece4537eeccbf096,ncaa-cee67a34ff5ea75fc787,2026-09-11T21:03:08.886840Z,2026-09-13T16:51:24.608359+00:00,unknown,4.0,52.0,early-season,False,25.94753143333333,True,10.852862993593073,10.0,LOSS,0.0,,,,,53.354975991311214,49.5,WIN,-1.5,,,,,T1-shadow-v1,a5553352f511af7d5ef5,49.5,50.22563401292889,WIN,50.45143881380549,WIN
ncaa,401864575,1,2,2026,2,Tulane,South Alabama,2026-09-12T23:00:00+00:00,3fd0782bc1ed822bd7730193,ncaa-cee67a34ff5ea75fc787,2026-09-12T18:28:34.066908Z,2026-09-13T16:51:24.608359+00:00,unknown,4.0,52.0,early-season,False,4.523870303333333,True,11.02150962677525,9.5,LOSS,0.5,,,,,53.39197418146151,48.0,WIN,0.0,,,,,T1-shadow-v1,a5553352f511af7d5ef5,48.0,48.72563401292889,WIN,48.95143881380549,WIN
ncaa,401858441,24,2,2026,2,Nebraska,Bowling Green,2026-09-12T23:00:00+00:00,bfbc19493bcd1f59f30d01a6,ncaa-cee67a34ff5ea75fc787,2026-09-11T21:03:08.886840Z,2026-09-13T16:51:24.608359+00:00,unknown,49.0,63.0,early-season,False,25.94753143333333,True,20.02125811039157,30.0,LOSS,-0.5,,,,,50.25603240616482,50.0,WIN,-0.5,,,,,T1-shadow-v1,a5553352f511af7d5ef5,50.0,50.72563401292889,WIN,51.98133563242532,WIN
ncaa,401858441,1,2,2026,2,Nebraska,Bowling Green,2026-09-12T23:00:00+00:00,a442e4ec8d5ce12fe7bc1261,ncaa-cee67a34ff5ea75fc787,2026-09-12T18:28:34.066908Z,2026-09-13T16:51:24.608359+00:00,unknown,49.0,63.0,early-season,False,4.523870303333333,True,20.35549411329973,30.0,LOSS,-0.5,,,,,50.30391609354449,49.5,WIN,0.0,,,,,T1-shadow-v1,a5553352f511af7d5ef5,49.5,50.22563401292889,WIN,51.48133563242532,WIN
ncaa,401862707,24,2,2026,2,Sam Houston,Tulsa,2026-09-12T23:00:00+00:00,6d5106de31a61f408f4fbb72,ncaa-cee67a34ff5ea75fc787,2026-09-11T21:03:08.886840Z,2026-09-13T16:51:24.608359+00:00,unknown,-6.0,40.0,early-season,False,25.94753143333333,True,2.0665364748516035,-14.0,WIN,2.0,2.0,-12.0,Bovada,2026-09-12T22:23:12.486653+00:00,55.91126835548756,51.5,LOSS,0.5,0.5,52.0,Bovada,2026-09-12T22:23:12.486653+00:00,T1-shadow-v1,a5553352f511af7d5ef5,51.5,52.22563401292889,LOSS,52.88011370116702,LOSS
ncaa,401862707,1,2,2026,2,Sam Houston,Tulsa,2026-09-12T23:00:00+00:00,f3cee14c4595abdce7bffec4,ncaa-cee67a34ff5ea75fc787,2026-09-12T18:28:34.066908Z,2026-09-13T16:51:24.608359+00:00,unknown,-6.0,40.0,early-season,False,4.523870303333333,True,2.3036691415504227,-12.5,WIN,0.5,0.5,-12.0,Bovada,2026-09-12T22:23:12.486653+00:00,55.96518154641917,52.0,LOSS,0.0,0.0,52.0,Bovada,2026-09-12T22:23:12.486653+00:00,T1-shadow-v1,a5553352f511af7d5ef5,52.0,52.72563401292889,LOSS,53.38011370116702,LOSS
ncaa,401869955,24,2,2026,2,Kennesaw State,Georgia State,2026-09-12T23:00:00+00:00,1aa3afdbf5571fb3eca926f8,ncaa-cee67a34ff5ea75fc787,2026-09-11T21:03:08.886840Z,2026-09-13T16:51:24.608359+00:00,unknown,-14.0,48.0,early-season,False,25.94753143333333,True,6.338196804601913,8.0,WIN,0.5,,,,,57.91508291733973,54.5,LOSS,1.0,,,,,T1-shadow-v1,a5553352f511af7d5ef5,54.5,55.22563401292889,LOSS,54.66279747613544,LOSS
ncaa,401869955,1,2,2026,2,Kennesaw State,Georgia State,2026-09-12T23:00:00+00:00,17f5e37564d35fc07d2c1c78,ncaa-cee67a34ff5ea75fc787,2026-09-12T18:28:34.066908Z,2026-09-13T16:51:24.608359+00:00,unknown,-14.0,48.0,early-season,False,4.523870303333333,True,6.684270566145362,8.0,WIN,0.5,0.5,7.5,Bovada,2026-09-12T22:23:12.486653+00:00,57.94565476596995,55.5,LOSS,0.0,0.0,55.5,Bovada,2026-09-12T22:23:12.486653+00:00,T1-shadow-v1,a5553352f511af7d5ef5,55.5,56.22563401292889,LOSS,55.66279747613544,LOSS
ncaa,401858443,24,2,2026,2,UCLA,San Diego State,2026-09-12T23:15:00+00:00,39a2cab2e7616a59b4b0ad02,ncaa-cee67a34ff5ea75fc787,2026-09-11T21:03:08.886840Z,2026-09-13T16:51:24.608359+00:00,unknown,18.0,38.0,early-season,False,26.19753143333333,True,8.13265350995693,12.5,LOSS,-1.0,,,,,50.83114249475907,55.0,WIN,1.0,,,,,T1-shadow-v1,a5553352f511af7d5ef5,55.0,55.72563401292889,LOSS,56.88656780743064,LOSS
ncaa,401858443,1,2,2026,2,UCLA,San Diego State,2026-09-12T23:15:00+00:00,b8b257d96a61cbc28713e958,ncaa-cee67a34ff5ea75fc787,2026-09-12T18:28:34.066908Z,2026-09-13T16:51:24.608359+00:00,unknown,18.0,38.0,early-season,False,4.773870303333333,True,8.63762920691196,13.5,LOSS,0.0,,,,,50.87939915111862,54.0,WIN,0.0,,,,,T1-shadow-v1,a5553352f511af7d5ef5,54.0,54.72563401292889,LOSS,55.88656780743064,LOSS
ncaa,401856788,24,2,2026,2,Iowa,Iowa State,2026-09-12T23:30:00+00:00,dc3a8557d74071c9742f40af,ncaa-cee67a34ff5ea75fc787,2026-09-11T21:03:08.886840Z,2026-09-13T16:51:24.608359+00:00,unknown,3.0,29.0,early-season,False,26.44753143333333,True,15.270258649241043,14.0,LOSS,0.0,,,,,51.95090266469896,41.0,LOSS,1.5,,,,,T1-shadow-v1,a5553352f511af7d5ef5,41.0,41.72563401292889,LOSS,42.604975378704864,LOSS
ncaa,401856788,1,2,2026,2,Iowa,Iowa State,2026-09-12T23:30:00+00:00,1dc37fde3e1be695bde4ad32,ncaa-cee67a34ff5ea75fc787,2026-09-12T22:23:32.910844Z,2026-09-13T16:51:24.608359+00:00,unknown,3.0,29.0,early-season,False,1.1075247655555556,True,15.49953144854326,14.0,LOSS,0.0,,,,,51.99722210562175,42.5,LOSS,0.0,,,,,T1-shadow-v1,a5553352f511af7d5ef5,42.5,43.22563401292889,LOSS,44.104975378704864,LOSS
ncaa,401856682,24,2,2026,2,Texas,Ohio State,2026-09-12T23:30:00+00:00,afc85fe2bffa26b5cbf8122c,ncaa-cee67a34ff5ea75fc787,2026-09-11T21:03:08.886840Z,2026-09-13T16:51:24.608359+00:00,unknown,1.0,47.0,early-season,False,26.44753143333333,True,-5.495742132292323,1.5,WIN,-1.0,,,,,52.16662161950806,49.5,LOSS,1.5,,,,,T1-shadow-v1,a5553352f511af7d5ef5,49.5,50.22563401292889,LOSS,50.47714819318438,LOSS
ncaa,401856682,1,2,2026,2,Texas,Ohio State,2026-09-12T23:30:00+00:00,c3824231cd2882823ef1bb98,ncaa-cee67a34ff5ea75fc787,2026-09-12T22:23:32.910844Z,2026-09-13T16:51:24.608359+00:00,unknown,1.0,47.0,early-season,False,1.1075247655555556,True,-5.295513000315495,2.5,WIN,0.0,0.5,2.0,Bovada,2026-09-12T23:22:32.869279+00:00,52.20256498712762,51.0,LOSS,0.0,0.0,51.0,Bovada,2026-09-12T23:22:32.869279+00:00,T1-shadow-v1,a5553352f511af7d5ef5,51.0,51.72563401292889,LOSS,51.97714819318438,LOSS
ncaa,401856783,24,2,2026,2,Oregon State,Texas Tech,2026-09-12T23:30:00+00:00,9b835b171f549e99e887e194,ncaa-cee67a34ff5ea75fc787,2026-09-11T21:03:08.886840Z,2026-09-13T16:51:24.608359+00:00,unknown,-11.0,59.0,early-season,False,26.44753143333333,True,-30.947875553756564,-25.5,LOSS,-0.5,0.0,-25.5,Bovada,2026-09-12T23:22:32.869279+00:00,55.22334571262589,53.0,WIN,-0.5,-0.5,52.5,Bovada,2026-09-12T23:22:32.869279+00:00,T1-shadow-v1,a5553352f511af7d5ef5,53.0,53.72563401292889,WIN,54.59716229907392,WIN
ncaa,401856783,1,2,2026,2,Oregon State,Texas Tech,2026-09-12T23:30:00+00:00,8baf831b04e941f8f7604d9f,ncaa-cee67a34ff5ea75fc787,2026-09-12T22:23:32.910844Z,2026-09-13T16:51:24.608359+00:00,unknown,-11.0,59.0,early-season,False,1.1075247655555556,True,-31.5213469006859,-25.0,LOSS,0.0,0.5,-25.5,Bovada,2026-09-12T23:22:32.869279+00:00,55.27397234876884,52.5,WIN,0.0,0.0,52.5,Bovada,2026-09-12T23:22:32.869279+00:00,T1-shadow-v1,a5553352f511af7d5ef5,52.5,53.22563401292889,WIN,54.09716229907392,WIN
ncaa,401858219,24,2,2026,2,Clemson,Georgia Southern,2026-09-12T23:30:00+00:00,a608eb5b30336395b7a1f6e0,ncaa-cee67a34ff5ea75fc787,2026-09-11T21:03:08.886840Z,2026-09-13T16:51:24.608359+00:00,unknown,15.0,29.0,early-season,False,26.44753143333333,True,12.511238906974564,20.0,WIN,0.5,,,,,57.813815500524086,55.0,LOSS,0.0,,,,,T1-shadow-v1,a5553352f511af7d5ef5,55.0,55.72563401292889,LOSS,55.16824718700794,LOSS
ncaa,401858219,1,2,2026,2,Clemson,Georgia Southern,2026-09-12T23:30:00+00:00,0bfd4536ef18ca0ba871f393,ncaa-cee67a34ff5ea75fc787,2026-09-12T22:23:32.910844Z,2026-09-13T16:51:24.608359+00:00,unknown,15.0,29.0,early-season,False,1.1075247655555556,True,12.414684371622482,19.5,WIN,0.0,,,,,57.84505462246607,55.0,LOSS,0.0,,,,,T1-shadow-v1,a5553352f511af7d5ef5,55.0,55.72563401292889,LOSS,55.16824718700794,LOSS
ncaa,401867796,24,2,2026,2,LSU,Louisiana Tech,2026-09-12T23:30:00+00:00,b2af351249b984fb0ce251e2,ncaa-cee67a34ff5ea75fc787,2026-09-11T21:03:08.886840Z,2026-09-13T16:51:24.608359+00:00,unknown,31.0,59.0,early-season,False,26.44753143333333,True,15.586043288290435,35.0,WIN,0.0,,,,,52.91041826475078,56.0,LOSS,1.0,,,,,T1-shadow-v1,a5553352f511af7d5ef5,56.0,56.72563401292889,WIN,57.81065988118807,WIN
ncaa,401867796,1,2,2026,2,LSU,Louisiana Tech,2026-09-12T23:30:00+00:00,14f40d574f80fd99b309f37b,ncaa-cee67a34ff5ea75fc787,2026-09-12T22:23:32.910844Z,2026-09-13T16:51:24.608359+00:00,unknown,31.0,59.0,early-season,False,1.1075247655555556,True,15.724331155885112,35.0,WIN,0.0,,,,,52.96252910311769,55.0,LOSS,0.0,,,,,T1-shadow-v1,a5553352f511af7d5ef5,55.0,55.72563401292889,WIN,56.81065988118807,WIN
ncaa,401862703,24,2,2026,2,Florida Atlantic,Navy,2026-09-12T23:30:00+00:00,1ffa622bacf045fdb0b885a9,ncaa-cee67a34ff5ea75fc787,2026-09-11T21:03:08.886840Z,2026-09-13T16:51:24.608359+00:00,unknown,8.0,68.0,early-season,False,26.44753143333333,True,11.032555044590794,-5.0,WIN,1.0,,,,,57.02715555245257,59.0,LOSS,-0.5,,,,,T1-shadow-v1,a5553352f511af7d5ef5,59.0,59.72563401292889,WIN,58.05710796020179,LOSS
ncaa,401862703,1,2,2026,2,Florida Atlantic,Navy,2026-09-12T23:30:00+00:00,58fd58a2100e591517d01157,ncaa-cee67a34ff5ea75fc787,2026-09-12T22:23:32.910844Z,2026-09-13T16:51:24.608359+00:00,unknown,8.0,68.0,early-season,False,1.1075247655555556,True,10.87412923170557,-4.0,WIN,0.0,,,,,57.04371846476042,59.5,LOSS,0.0,,,,,T1-shadow-v1,a5553352f511af7d5ef5,59.5,60.22563401292889,WIN,58.55710796020179,LOSS
ncaa,401856676,24,2,2026,2,Ole Miss,Charlotte,2026-09-12T23:45:00+00:00,4969e8837bcf11a6cb9a6125,ncaa-cee67a34ff5ea75fc787,2026-09-11T21:03:08.886840Z,2026-09-13T16:51:24.608359+00:00,unknown,32.0,50.0,early-season,False,26.69753143333333,True,36.18771996323392,45.5,WIN,1.0,,,,,58.63730736944997,60.5,WIN,1.0,,,,,T1-shadow-v1,a5553352f511af7d5ef5,60.5,61.22563401292889,LOSS,60.86242369583778,LOSS
ncaa,401856676,1,2,2026,2,Ole Miss,Charlotte,2026-09-12T23:45:00+00:00,b3b5ef6975d56a043be0131f,ncaa-cee67a34ff5ea75fc787,2026-09-12T22:23:32.910844Z,2026-09-13T16:51:24.608359+00:00,unknown,32.0,50.0,early-season,False,1.3575247655555556,True,36.590318860851234,44.5,WIN,0.0,,,,,58.66858042761451,59.5,WIN,0.0,,,,,T1-shadow-v1,a5553352f511af7d5ef5,59.5,60.22563401292889,LOSS,59.86242369583778,LOSS
ncaa,401856671,24,2,2026,2,Auburn,Southern Miss,2026-09-12T23:45:00+00:00,73bd2cb69a723739439423e4,ncaa-cee67a34ff5ea75fc787,2026-09-11T21:03:08.886840Z,2026-09-13T16:51:24.608359+00:00,unknown,35.0,51.0,early-season,True,26.69753143333333,True,10.936756122042532,33.0,LOSS,0.0,,,,,55.23665507980929,56.5,WIN,-0.5,,,,,T1-shadow-v1,a5553352f511af7d5ef5,56.5,57.22563401292889,LOSS,57.64796506400501,LOSS
ncaa,401856671,1,2,2026,2,Auburn,Southern Miss,2026-09-12T23:45:00+00:00,8b5fdf39cab3638809ee722b,ncaa-cee67a34ff5ea75fc787,2026-09-12T22:23:32.910844Z,2026-09-13T16:51:24.608359+00:00,unknown,35.0,51.0,early-season,True,1.3575247655555556,True,10.72063111022444,33.0,LOSS,0.0,,,,,55.28092827185733,57.0,WIN,0.0,,,,,T1-shadow-v1,a5553352f511af7d5ef5,57.0,57.72563401292889,LOSS,58.14796506400501,LOSS
ncaa,401864502,24,2,2026,2,Air Force,North Dakota State,2026-09-13T02:00:00+00:00,62994346eb8a0840d245938d,ncaa-cee67a34ff5ea75fc787,2026-09-12T00:22:56.993233Z,2026-09-13T16:51:24.608359+00:00,unknown,-6.0,70.0,incomplete,False,25.617501879722223,True,-17.221778255028777,-2.5,WIN,-0.5,,,,,51.339796472044085,47.0,WIN,0.5,,,,,T1-shadow-v1,a5553352f511af7d5ef5,47.0,47.72563401292889,WIN,46.6235100147173,LOSS
ncaa,401864502,1,2,2026,2,Air Force,North Dakota State,2026-09-13T02:00:00+00:00,cfd5d0aa12597fe8b109be44,ncaa-cee67a34ff5ea75fc787,2026-09-12T22:23:32.910844Z,2026-09-13T16:51:24.608359+00:00,unknown,-6.0,70.0,incomplete,False,3.607524765555556,True,-17.195142814415277,-2.0,WIN,0.0,,,,,51.361765971663154,47.5,WIN,0.0,,,,,T1-shadow-v1,a5553352f511af7d5ef5,47.5,48.22563401292889,WIN,47.1235100147173,LOSS
ncaa,401856670,24,2,2026,2,Utah,Arkansas,2026-09-13T02:15:00+00:00,915eaa1dc63ee75e782d6537,ncaa-cee67a34ff5ea75fc787,2026-09-12T00:22:56.993233Z,2026-09-13T16:51:24.608359+00:00,unknown,33.0,53.0,early-season,False,25.867501879722223,True,10.908324924349056,12.5,LOSS,0.0,,,,,59.077514327973056,55.5,LOSS,0.0,,,,,T1-shadow-v1,a5553352f511af7d5ef5,55.5,56.22563401292889,LOSS,54.74821624589429,WIN
ncaa,401856670,1,2,2026,2,Utah,Arkansas,2026-09-13T02:15:00+00:00,a425d5db50bd118ed7fffaf2,ncaa-cee67a34ff5ea75fc787,2026-09-12T22:23:32.910844Z,2026-09-13T16:51:24.608359+00:00,unknown,33.0,53.0,early-season,False,3.857524765555556,True,10.682925689035589,12.5,LOSS,0.0,,,,,59.09568358056337,55.5,LOSS,0.0,,,,,T1-shadow-v1,a5553352f511af7d5ef5,55.5,56.22563401292889,LOSS,54.74821624589429,WIN
ncaa,401860883,24,2,2026,2,Fresno State,Sacramento State,2026-09-13T02:30:00+00:00,d5150ce82a9bc6790468db32,ncaa-cee67a34ff5ea75fc787,2026-09-12T00:22:56.993233Z,2026-09-13T16:51:24.608359+00:00,unknown,46.0,52.0,incomplete,True,26.117501879722223,False,-2.78660233585427,17.5,LOSS,0.0,,,,,54.16494315027513,45.0,WIN,-0.5,,,,,T1-shadow-v1,a5553352f511af7d5ef5,45.0,45.72563401292889,WIN,46.46272237568361,WIN
ncaa,401860883,1,2,2026,2,Fresno State,Sacramento State,2026-09-13T02:30:00+00:00,a08db06d4ab24ca35819bde0,ncaa-cee67a34ff5ea75fc787,2026-09-12T22:23:32.910844Z,2026-09-13T16:51:24.608359+00:00,unknown,46.0,52.0,incomplete,True,4.107524765555556,False,-2.83165110381432,17.5,LOSS,0.0,,,,,54.21171050092296,44.5,WIN,0.0,,,,,T1-shadow-v1,a5553352f511af7d5ef5,44.5,45.22563401292889,WIN,45.96272237568361,WIN
ncaa,401858445,24,2,2026,2,USC,Louisiana,2026-09-13T03:00:00+00:00,752cc5d5fd1795049782cbd5,ncaa-cee67a34ff5ea75fc787,2026-09-12T00:22:56.993233Z,2026-09-13T16:51:24.608359+00:00,unknown,19.0,79.0,early-season,False,26.617501879722223,True,31.03612262899023,31.0,LOSS,0.0,,,,,53.662310046668246,59.5,LOSS,0.5,,,,,T1-shadow-v1,a5553352f511af7d5ef5,59.5,60.22563401292889,WIN,59.48209811292942,LOSS
ncaa,401858445,1,2,2026,2,USC,Louisiana,2026-09-13T03:00:00+00:00,8a47171ded620d0759bf2332,ncaa-cee67a34ff5ea75fc787,2026-09-12T22:23:32.910844Z,2026-09-13T16:51:24.608359+00:00,unknown,19.0,79.0,early-season,False,4.607524765555555,True,30.931717893668377,31.0,WIN,0.0,,,,,53.68808483137393,59.0,LOSS,0.0,,,,,T1-shadow-v1,a5553352f511af7d5ef5,59.0,59.72563401292889,WIN,58.98209811292942,LOSS
ncaa,401864578,24,2,2026,2,Hawai'i,New Mexico State,2026-09-13T03:59:00+00:00,40ebaf7d4328c9b8d609d54a,ncaa-cee67a34ff5ea75fc787,2026-09-12T00:22:56.993233Z,2026-09-13T16:51:24.608359+00:00,unknown,10.0,48.0,early-season,False,27.60083521305556,True,10.823662036925011,7.0,WIN,0.5,,,,,55.01094815611987,50.0,LOSS,0.0,,,,,T1-shadow-v1,a5553352f511af7d5ef5,50.0,50.72563401292889,LOSS,51.29394524831538,LOSS
ncaa,401864578,1,2,2026,2,Hawai'i,New Mexico State,2026-09-13T03:59:00+00:00,e5d1eb1caeee1915e5044dc0,ncaa-cee67a34ff5ea75fc787,2026-09-12T22:23:32.910844Z,2026-09-13T16:51:24.608359+00:00,unknown,10.0,48.0,early-season,False,5.590858098888888,True,11.027197566646487,7.5,WIN,0.0,,,,,55.05819970251997,50.0,LOSS,0.0,,,,,T1-shadow-v1,a5553352f511af7d5ef5,50.0,50.72563401292889,LOSS,51.29394524831538,LOSS
ncaa,401858218,24,2,2026,2,North Carolina,East Tennessee State,2026-09-12T16:00:00+00:00,9f08700e1211a0a05a5df57e,ncaa-cee67a34ff5ea75fc787,2026-09-11T11:31:31.723039Z,2026-09-13T16:51:24.608359+00:00,unknown,32.0,38.0,incomplete,False,28.47452137805556,True,22.743493177574475,35.5,WIN,0.0,,,,,54.37578830983981,54.5,WIN,-0.5,,,,,T1-shadow-v1,a5553352f511af7d5ef5,54.5,55.22563401292889,LOSS,55.36995695034751,LOSS
ncaa,401858218,1,2,2026,2,North Carolina,East Tennessee State,2026-09-12T16:00:00+00:00,8490af7e146467831ce8e663,ncaa-cee67a34ff5ea75fc787,2026-09-12T12:13:57.786852Z,2026-09-13T16:51:24.608359+00:00,unknown,32.0,38.0,incomplete,False,3.76728143,True,23.178713370170502,35.5,WIN,0.0,,,,,54.41406713053834,54.5,WIN,-0.5,,,,,T1-shadow-v1,a5553352f511af7d5ef5,54.5,55.22563401292889,LOSS,55.36995695034751,LOSS
ncaa,401858439,24,2,2026,2,Indiana,Howard,2026-09-12T16:00:00+00:00,8fbba47bbc99b268180cda2d,ncaa-cee67a34ff5ea75fc787,2026-09-11T11:31:31.723039Z,2026-09-13T16:51:24.608359+00:00,unknown,55.0,55.0,incomplete,False,28.47452137805556,True,45.1351559073092,56.5,WIN,-1.0,,,,,52.83731252225172,64.5,WIN,-3.0,,,,,T1-shadow-v1,a5553352f511af7d5ef5,64.5,65.2256340129289,LOSS,65.9860391686594,LOSS
ncaa,401858439,1,2,2026,2,Indiana,Howard,2026-09-12T16:00:00+00:00,662bebb864ea583dec007a4d,ncaa-cee67a34ff5ea75fc787,2026-09-12T12:13:57.786852Z,2026-09-13T16:51:24.608359+00:00,unknown,55.0,55.0,incomplete,False,3.76728143,True,45.918986432683305,56.5,WIN,-1.0,-1.0,57.5,Bovada,2026-09-12T15:37:27.082429+00:00,52.8798481561916,66.5,WIN,-1.0,-1.0,67.5,Bovada,2026-09-12T15:37:27.082429+00:00,T1-shadow-v1,a5553352f511af7d5ef5,66.5,67.2256340129289,LOSS,67.9860391686594,LOSS
ncaa,401866416,24,2,2026,2,Kent State,Wofford,2026-09-12T16:00:00+00:00,8996a2d4f846f828b59bb948,ncaa-cee67a34ff5ea75fc787,2026-09-11T11:31:31.723039Z,2026-09-13T16:51:24.608359+00:00,unknown,21.0,51.0,incomplete,False,28.47452137805556,True,13.492815083403304,11.5,WIN,-0.5,,,,,51.20419079115999,47.5,WIN,-0.5,,,,,T1-shadow-v1,a5553352f511af7d5ef5,47.5,48.22563401292889,WIN,49.58680291136966,WIN
ncaa,401866416,1,2,2026,2,Kent State,Wofford,2026-09-12T16:00:00+00:00,cc7c966639f31f5d54fac964,ncaa-cee67a34ff5ea75fc787,2026-09-12T12:13:57.786852Z,2026-09-13T16:51:24.608359+00:00,unknown,21.0,51.0,incomplete,False,3.76728143,True,13.779872815590425,11.0,WIN,0.0,,,,,51.256231323550494,47.0,WIN,0.0,,,,,T1-shadow-v1,a5553352f511af7d5ef5,47.0,47.72563401292889,WIN,49.08680291136966,WIN
ncaa,401866415,24,2,2026,2,Central Michigan,Colgate,2026-09-12T17:00:00+00:00,5f9963d40ee0df08a30054c1,ncaa-cee67a34ff5ea75fc787,2026-09-11T16:35:06.829598Z,2026-09-13T16:51:24.608359+00:00,unknown,3.0,23.0,incomplete,False,24.41476955611111,True,20.19241620721224,24.5,WIN,6.0,,,,,51.51775758177386,48.5,LOSS,0.5,,,,,T1-shadow-v1,a5553352f511af7d5ef5,48.5,49.22563401292889,LOSS,49.992416827881904,LOSS
ncaa,401866415,1,2,2026,2,Central Michigan,Colgate,2026-09-12T17:00:00+00:00,f040d6ecefceec81b1303ac5,ncaa-cee67a34ff5ea75fc787,2026-09-12T15:37:45.880907Z,2026-09-13T16:51:24.608359+00:00,unknown,3.0,23.0,incomplete,False,1.3705886369444444,True,20.644291494773483,18.5,LOSS,0.0,,,,,51.561241400298265,49.0,LOSS,0.0,,,,,T1-shadow-v1,a5553352f511af7d5ef5,49.0,49.72563401292889,LOSS,50.492416827881904,LOSS
ncaa,401866417,24,2,2026,2,Miami (OH),Holy Cross,2026-09-12T17:00:00+00:00,ed5e3137c8e28271148f8284,ncaa-cee67a34ff5ea75fc787,2026-09-11T16:35:06.829598Z,2026-09-13T16:51:24.608359+00:00,unknown,38.0,52.0,incomplete,False,24.41476955611111,True,16.789201284361685,30.5,LOSS,0.0,,,,,50.6803867988517,49.5,WIN,-2.0,,,,,T1-shadow-v1,a5553352f511af7d5ef5,49.5,50.22563401292889,WIN,51.81015021798899,WIN
ncaa,401866417,1,2,2026,2,Miami (OH),Holy Cross,2026-09-12T17:00:00+00:00,f71223574b33cd51c6b26af7,ncaa-cee67a34ff5ea75fc787,2026-09-12T15:37:45.880907Z,2026-09-13T16:51:24.608359+00:00,unknown,38.0,52.0,incomplete,False,1.3705886369444444,True,17.03379572758584,30.5,LOSS,0.0,0.0,30.5,Bovada,2026-09-12T16:29:26.166389+00:00,50.73552049921993,47.5,WIN,0.0,-0.5,47.0,Bovada,2026-09-12T16:29:26.166389+00:00,T1-shadow-v1,a5553352f511af7d5ef5,47.5,48.22563401292889,WIN,49.81015021798899,WIN
ncaa,401856791,24,2,2026,2,West Virginia,UT Martin,2026-09-12T17:00:00+00:00,d05ac871bcf06fc57d02f691,ncaa-cee67a34ff5ea75fc787,2026-09-11T16:35:06.829598Z,2026-09-13T16:51:24.608359+00:00,unknown,45.0,59.0,incomplete,True,24.41476955611111,True,17.531853881167915,41.5,LOSS,0.0,,,,,52.27423084841005,55.5,LOSS,-1.0,,,,,T1-shadow-v1,a5553352f511af7d5ef5,55.5,56.22563401292889,WIN,57.13683863251341,WIN
ncaa,401856791,1,2,2026,2,West Virginia,UT Martin,2026-09-12T17:00:00+00:00,8e4a059db0402e6ca1683154,ncaa-cee67a34ff5ea75fc787,2026-09-12T15:37:45.880907Z,2026-09-13T16:51:24.608359+00:00,unknown,45.0,59.0,incomplete,True,1.3705886369444444,True,18.21607236064253,41.5,LOSS,0.0,,,,,52.32053019376398,56.5,LOSS,0.0,,,,,T1-shadow-v1,a5553352f511af7d5ef5,56.5,57.22563401292889,WIN,58.13683863251341,WIN
ncaa,401866413,24,2,2026,2,Ball State,Stony Brook,2026-09-12T18:00:00+00:00,e6a5c74bd16e8ca4a05d8bba,ncaa-cee67a34ff5ea75fc787,2026-09-11T16:35:06.829598Z,2026-09-13T16:51:24.608359+00:00,unknown,24.0,58.0,incomplete,False,25.41476955611111,True,3.440330244366045,15.5,LOSS,1.5,,,,,55.48179106341384,56.5,LOSS,3.5,,,,,T1-shadow-v1,a5553352f511af7d5ef5,56.5,57.22563401292889,WIN,57.9543960393988,WIN
ncaa,401866413,1,2,2026,2,Ball State,Stony Brook,2026-09-12T18:00:00+00:00,f1268c6a0ec3df1d83ca36a0,ncaa-cee67a34ff5ea75fc787,2026-09-12T15:37:45.880907Z,2026-09-13T16:51:24.608359+00:00,unknown,24.0,58.0,incomplete,False,2.3705886369444444,True,3.6632894836656793,14.0,LOSS,0.0,,,,,55.53248392180806,53.0,WIN,0.0,,,,,T1-shadow-v1,a5553352f511af7d5ef5,53.0,53.72563401292889,WIN,54.4543960393988,WIN
ncaa,401866419,24,2,2026,2,Toledo,Central Connecticut,2026-09-12T19:30:00+00:00,174855444b4759f9560a9ff9,ncaa-cee67a34ff5ea75fc787,2026-09-11T16:35:06.829598Z,2026-09-13T16:51:24.608359+00:00,unknown,53.0,73.0,incomplete,False,26.91476955611111,False,25.541843662289565,35.5,LOSS,-1.0,,,,,55.59849015116017,55.5,WIN,-3.5,,,,,T1-shadow-v1,a5553352f511af7d5ef5,55.5,56.22563401292889,WIN,56.88232285973939,WIN
ncaa,401866419,1,2,2026,2,Toledo,Central Connecticut,2026-09-12T19:30:00+00:00,0033fa5c2279bed56bbddc3f,ncaa-cee67a34ff5ea75fc787,2026-09-12T18:28:34.066908Z,2026-09-13T16:51:24.608359+00:00,unknown,53.0,73.0,incomplete,False,1.0238703033333334,False,25.72876281192622,36.5,LOSS,0.0,,,,,55.64622594412934,52.0,WIN,0.0,,,,,T1-shadow-v1,a5553352f511af7d5ef5,52.0,52.72563401292889,WIN,53.38232285973939,WIN
ncaa,401856785,24,2,2026,2,Colorado,Weber State,2026-09-12T19:30:00+00:00,b0166d710587e7f28f2f9cf7,ncaa-cee67a34ff5ea75fc787,2026-09-11T16:35:06.829598Z,2026-09-13T16:51:24.608359+00:00,unknown,31.0,73.0,incomplete,False,26.91476955611111,True,22.20342709849072,33.5,WIN,-5.0,,,,,58.022236237077024,54.5,WIN,3.0,,,,,T1-shadow-v1,a5553352f511af7d5ef5,54.5,55.22563401292889,WIN,55.27314244501003,WIN
ncaa,401856785,1,2,2026,2,Colorado,Weber State,2026-09-12T19:30:00+00:00,0a924a58bc0370f895189cb0,ncaa-cee67a34ff5ea75fc787,2026-09-12T18:28:34.066908Z,2026-09-13T16:51:24.608359+00:00,unknown,31.0,73.0,incomplete,False,1.0238703033333334,True,23.0667265782678,38.5,WIN,0.0,,,,,58.06627293128292,57.5,WIN,0.0,,,,,T1-shadow-v1,a5553352f511af7d5ef5,57.5,58.22563401292889,WIN,58.27314244501003,WIN
ncaa,401867929,24,2,2026,2,James Madison,Wagner,2026-09-12T16:00:00+00:00,f06d4e4a03cc6051220409e5,ncaa-cee67a34ff5ea75fc787,2026-09-11T11:31:31.723039Z,2026-09-13T16:51:24.608359+00:00,unknown,84.0,90.0,incomplete,False,28.47452137805556,False,32.492914679553564,45.5,LOSS,-1.0,,,,,50.814955252336986,54.5,LOSS,-2.5,,,,,T1-shadow-v1,a5553352f511af7d5ef5,54.5,55.22563401292889,WIN,57.40077756529734,WIN
ncaa,401867929,1,2,2026,2,James Madison,Wagner,2026-09-12T16:00:00+00:00,d720fb4b5b3d8ad34d12cfbe,ncaa-cee67a34ff5ea75fc787,2026-09-12T12:13:57.786852Z,2026-09-13T16:51:24.608359+00:00,unknown,84.0,90.0,incomplete,False,3.76728143,False,32.94465070019999,46.5,LOSS,0.0,0.0,46.5,Bovada,2026-09-12T15:37:27.082429+00:00,50.882080914926895,56.5,LOSS,-0.5,-0.5,57.0,Bovada,2026-09-12T15:37:27.082429+00:00,T1-shadow-v1,a5553352f511af7d5ef5,56.5,57.22563401292889,WIN,59.40077756529734,WIN
ncaa,401866420,24,2,2026,2,Massachusetts,Sacred Heart,2026-09-12T19:30:00+00:00,b016d45411f4667af1e00153,ncaa-cee67a34ff5ea75fc787,2026-09-11T16:35:06.829598Z,2026-09-13T16:51:24.608359+00:00,unknown,27.0,47.0,incomplete,False,26.91476955611111,True,5.1891547489911085,23.5,LOSS,0.0,,,,,53.43460803951199,53.5,WIN,0.0,,,,,T1-shadow-v1,a5553352f511af7d5ef5,53.5,54.22563401292889,LOSS,54.149321709714975,LOSS
ncaa,401866420,1,2,2026,2,Massachusetts,Sacred Heart,2026-09-12T19:30:00+00:00,c8e140f1087f87a16e62a60f,ncaa-cee67a34ff5ea75fc787,2026-09-12T18:28:34.066908Z,2026-09-13T16:51:24.608359+00:00,unknown,27.0,47.0,incomplete,False,1.0238703033333334,True,5.404777091188032,23.5,LOSS,0.0,,,,,53.46788700730355,53.5,WIN,0.0,,,,,T1-shadow-v1,a5553352f511af7d5ef5,53.5,54.22563401292889,LOSS,54.149321709714975,LOSS
ncaa,401866412,24,2,2026,2,Akron,Robert Morris,2026-09-12T19:30:00+00:00,0f9fd1734abbe70b177f153b,ncaa-cee67a34ff5ea75fc787,2026-09-11T16:35:06.829598Z,2026-09-13T16:51:24.608359+00:00,unknown,35.0,55.0,incomplete,False,26.91476955611111,False,9.140650523204808,27.5,LOSS,-0.5,,,,,51.12113021564824,42.5,WIN,4.0,,,,,T1-shadow-v1,a5553352f511af7d5ef5,42.5,43.22563401292889,WIN,44.97638617242737,WIN
ncaa,401866412,1,2,2026,2,Akron,Robert Morris,2026-09-12T19:30:00+00:00,c29d1cfaefd8f31af13c7722,ncaa-cee67a34ff5ea75fc787,2026-09-12T18:28:34.066908Z,2026-09-13T16:51:24.608359+00:00,unknown,35.0,55.0,incomplete,False,1.0238703033333334,False,9.115044922136091,28.0,LOSS,0.0,,,,,51.18316507290104,46.5,WIN,0.0,,,,,T1-shadow-v1,a5553352f511af7d5ef5,46.5,47.22563401292889,WIN,48.97638617242737,WIN
ncaa,401864506,24,2,2026,2,Wyoming,Northern Colorado,2026-09-12T20:00:00+00:00,a00768801f3821c29ceda713,ncaa-cee67a34ff5ea75fc787,2026-09-11T16:35:06.829598Z,2026-09-13T16:51:24.608359+00:00,unknown,8.0,34.0,incomplete,False,27.41476955611111,True,20.251408051795824,22.5,WIN,-1.0,,,,,50.01823258222042,47.5,LOSS,-3.5,,,,,T1-shadow-v1,a5553352f511af7d5ef5,47.5,48.22563401292889,LOSS,49.91048610913099,LOSS
ncaa,401864506,1,2,2026,2,Wyoming,Northern Colorado,2026-09-12T20:00:00+00:00,51083b588c584c9e696bd304,ncaa-cee67a34ff5ea75fc787,2026-09-12T18:28:34.066908Z,2026-09-13T16:51:24.608359+00:00,unknown,8.0,34.0,incomplete,False,1.5238703033333334,True,20.8822498502099,23.5,WIN,0.0,,,,,50.07385188191695,44.0,LOSS,0.0,,,,,T1-shadow-v1,a5553352f511af7d5ef5,44.0,44.72563401292889,LOSS,46.41048610913099,LOSS
ncaa,401858223,24,2,2026,2,SMU,UC Davis,2026-09-12T20:00:00+00:00,17bbb74e0ec8d6fb853662e5,ncaa-cee67a34ff5ea75fc787,2026-09-11T16:35:06.829598Z,2026-09-13T16:51:24.608359+00:00,unknown,46.0,66.0,incomplete,False,27.41476955611111,True,22.81259844091944,25.5,LOSS,-7.0,,,,,60.98339988338252,58.5,WIN,1.0,,,,,T1-shadow-v1,a5553352f511af7d5ef5,58.5,59.22563401292889,WIN,58.10482348627229,LOSS
ncaa,401858223,1,2,2026,2,SMU,UC Davis,2026-09-12T20:00:00+00:00,9817e2ce1897035bc142d107,ncaa-cee67a34ff5ea75fc787,2026-09-12T18:28:34.066908Z,2026-09-13T16:51:24.608359+00:00,unknown,46.0,66.0,incomplete,False,1.5238703033333334,True,23.1692571588876,32.5,LOSS,0.0,,,,,61.00676694993747,59.5,WIN,0.0,,,,,T1-shadow-v1,a5553352f511af7d5ef5,59.5,60.22563401292889,WIN,59.10482348627229,LOSS
ncaa,401868326,24,2,2026,2,Troy,Alabama State,2026-09-12T20:00:00+00:00,e8197343fb5a300602c22464,ncaa-cee67a34ff5ea75fc787,2026-09-11T16:35:06.829598Z,2026-09-13T16:51:24.608359+00:00,unknown,17.0,51.0,incomplete,False,27.41476955611111,True,10.674173286865916,,,,,,,,55.191906430361705,,,,,,,,,,,,,,
ncaa,401868326,1,2,2026,2,Troy,Alabama State,2026-09-12T20:00:00+00:00,0f9d1366ec66a2bfb1ff6321,ncaa-cee67a34ff5ea75fc787,2026-09-12T18:28:34.066908Z,2026-09-13T16:51:24.608359+00:00,unknown,17.0,51.0,incomplete,False,1.5238703033333334,True,11.069024525985512,24.0,WIN,0.0,,,,,55.22618015848781,52.5,LOSS,0.0,,,,,T1-shadow-v1,a5553352f511af7d5ef5,52.5,53.22563401292889,LOSS,53.11889355444587,LOSS
ncaa,401865252,24,2,2026,2,New Mexico,Mercyhurst,2026-09-12T20:00:00+00:00,15c4dae311061cc4c843e787,ncaa-cee67a34ff5ea75fc787,2026-09-11T16:35:06.829598Z,2026-09-13T16:51:24.608359+00:00,unknown,63.0,77.0,incomplete,False,27.41476955611111,False,23.863443378152784,41.5,LOSS,-0.5,,,,,48.06274050046976,52.5,LOSS,-2.0,,,,,T1-shadow-v1,a5553352f511af7d5ef5,52.5,53.22563401292889,WIN,54.05937985046257,WIN
ncaa,401865252,1,2,2026,2,New Mexico,Mercyhurst,2026-09-12T20:00:00+00:00,9adadee4794c5258dda1e68e,ncaa-cee67a34ff5ea75fc787,2026-09-12T18:28:34.066908Z,2026-09-13T16:51:24.608359+00:00,unknown,63.0,77.0,incomplete,False,1.5238703033333334,False,24.05417947080635,42.0,LOSS,0.0,,,,,48.10232094285093,54.5,LOSS,0.0,,,,,T1-shadow-v1,a5553352f511af7d5ef5,54.5,55.22563401292889,WIN,56.05937985046257,WIN
ncaa,401856672,24,2,2026,2,Florida,Campbell,2026-09-12T21:30:00+00:00,3a1d58c382ac48367ab1cb12,ncaa-cee67a34ff5ea75fc787,2026-09-11T21:03:08.886840Z,2026-09-13T16:51:24.608359+00:00,unknown,49.0,55.0,incomplete,True,24.44753143333333,False,16.443928245233824,50.5,WIN,-1.0,0.0,50.5,DraftKings,2026-09-12T20:58:32.564740+00:00,54.15416393685204,66.5,WIN,-0.5,0.0,66.5,DraftKings,2026-09-12T20:58:32.564740+00:00,T1-shadow-v1,a5553352f511af7d5ef5,66.5,67.2256340129289,LOSS,66.93828151514899,LOSS
ncaa,401856672,1,2,2026,2,Florida,Campbell,2026-09-12T21:30:00+00:00,8c08f56966440ace7d22322f,ncaa-cee67a34ff5ea75fc787,2026-09-12T18:28:34.066908Z,2026-09-13T16:51:24.608359+00:00,unknown,49.0,55.0,incomplete,True,3.023870303333333,False,16.385327770853145,51.5,WIN,0.0,,,,,54.18580737001399,67.0,WIN,0.0,,,,,T1-shadow-v1,a5553352f511af7d5ef5,67.0,67.7256340129289,LOSS,67.43828151514899,LOSS
ncaa,401868187,24,2,2026,2,Liberty,Gardner-Webb,2026-09-12T16:00:00+00:00,e5826a1d063c4c354302c694,ncaa-cee67a34ff5ea75fc787,2026-09-11T11:31:31.723039Z,2026-09-13T16:51:24.608359+00:00,unknown,1.0,47.0,incomplete,False,28.47452137805556,True,21.57574928689484,27.5,WIN,-1.0,,,,,55.18757623215803,55.5,WIN,0.0,,,,,T1-shadow-v1,a5553352f511af7d5ef5,55.5,56.22563401292889,LOSS,55.94105160458287,LOSS
ncaa,401868187,1,2,2026,2,Liberty,Gardner-Webb,2026-09-12T16:00:00+00:00,66665573169c5379f7ff4b43,ncaa-cee67a34ff5ea75fc787,2026-09-12T12:13:57.786852Z,2026-09-13T16:51:24.608359+00:00,unknown,1.0,47.0,incomplete,False,3.76728143,True,22.350980410682755,27.5,WIN,-1.0,,,,,55.22072003049328,55.0,LOSS,0.5,,,,,T1-shadow-v1,a5553352f511af7d5ef5,55.0,55.72563401292889,LOSS,55.44105160458287,LOSS
ncaa,401866421,24,2,2026,2,Western Michigan,Monmouth,2026-09-12T22:30:00+00:00,859d664e46e52724812e0fd9,ncaa-cee67a34ff5ea75fc787,2026-09-11T21:03:08.886840Z,2026-09-13T16:51:24.608359+00:00,unknown,35.0,63.0,incomplete,True,25.44753143333333,False,3.788435069635886,27.5,LOSS,-1.0,,,,,53.8411016186871,52.5,WIN,2.0,,,,,T1-shadow-v1,a5553352f511af7d5ef5,52.5,53.22563401292889,WIN,53.12428230495369,WIN
ncaa,401866421,1,2,2026,2,Western Michigan,Monmouth,2026-09-12T22:30:00+00:00,6ac880e0330e549eac974cad,ncaa-cee67a34ff5ea75fc787,2026-09-12T18:28:34.066908Z,2026-09-13T16:51:24.608359+00:00,unknown,35.0,63.0,incomplete,True,4.023870303333333,False,4.171608560330867,28.5,LOSS,0.0,,,,,53.87429072441379,55.0,LOSS,0.5,,,,,T1-shadow-v1,a5553352f511af7d5ef5,55.0,55.72563401292889,WIN,55.62428230495369,WIN
ncaa,401856680,24,2,2026,2,South Carolina,Towson,2026-09-12T23:00:00+00:00,06864a0dc4b6f1b7c9a2ba30,ncaa-cee67a34ff5ea75fc787,2026-09-11T21:03:08.886840Z,2026-09-13T16:51:24.608359+00:00,unknown,36.0,54.0,incomplete,False,25.94753143333333,True,34.956834706982484,43.5,WIN,-1.0,,,,,52.92583574633324,55.5,WIN,-1.5,,,,,T1-shadow-v1,a5553352f511af7d5ef5,55.5,56.22563401292889,LOSS,56.57048932082365,LOSS
ncaa,401856680,1,2,2026,2,South Carolina,Towson,2026-09-12T23:00:00+00:00,fff32cdc01239ce098a14ed0,ncaa-cee67a34ff5ea75fc787,2026-09-12T18:28:34.066908Z,2026-09-13T16:51:24.608359+00:00,unknown,36.0,54.0,incomplete,False,4.523870303333333,True,35.89359826204819,44.5,WIN,0.0,,,,,52.96447247243784,57.0,WIN,0.0,,,,,T1-shadow-v1,a5553352f511af7d5ef5,57.0,57.72563401292889,LOSS,58.07048932082365,LOSS
ncaa,401864503,24,2,2026,2,Northern Illinois,Illinois State,2026-09-12T23:00:00+00:00,9fa4c1f3cb1598213c708b5c,ncaa-cee67a34ff5ea75fc787,2026-09-11T21:03:08.886840Z,2026-09-13T16:51:24.608359+00:00,unknown,-4.0,52.0,incomplete,False,25.94753143333333,True,1.884371070996178,-4.5,WIN,2.0,,,,,51.51284494937443,48.5,WIN,-0.5,,,,,T1-shadow-v1,a5553352f511af7d5ef5,48.5,49.22563401292889,WIN,50.09744660276319,WIN
ncaa,401864503,1,2,2026,2,Northern Illinois,Illinois State,2026-09-12T23:00:00+00:00,962d6d678b6cb776588c6c70,ncaa-cee67a34ff5ea75fc787,2026-09-12T18:28:34.066908Z,2026-09-13T16:51:24.608359+00:00,unknown,-4.0,52.0,incomplete,False,4.523870303333333,True,1.98149051069066,-2.5,LOSS,0.0,,,,,51.55650965531267,48.0,WIN,0.0,,,,,T1-shadow-v1,a5553352f511af7d5ef5,48.0,48.72563401292889,WIN,49.59744660276319,WIN
ncaa,401860882,24,2,2026,2,Colorado State,Southern Utah,2026-09-12T23:00:00+00:00,36d7bf3ac9c5699d40e20cca,ncaa-cee67a34ff5ea75fc787,2026-09-11T21:03:08.886840Z,2026-09-13T16:51:24.608359+00:00,unknown,34.0,82.0,incomplete,False,25.94753143333333,True,5.857458904064622,20.5,LOSS,0.0,1.0,19.5,DraftKings,2026-09-12T22:23:12.486653+00:00,55.2521514108062,56.5,LOSS,-0.5,-1.0,57.5,DraftKings,2026-09-12T22:23:12.486653+00:00,T1-shadow-v1,a5553352f511af7d5ef5,56.5,57.22563401292889,WIN,56.38149931600029,LOSS
ncaa,401860882,1,2,2026,2,Colorado State,Southern Utah,2026-09-12T23:00:00+00:00,9c92d3225a944403e3dfd434,ncaa-cee67a34ff5ea75fc787,2026-09-12T18:28:34.066908Z,2026-09-13T16:51:24.608359+00:00,unknown,34.0,82.0,incomplete,False,4.523870303333333,True,6.055744401386736,20.5,LOSS,0.0,,,,,55.277437980975215,57.0,LOSS,0.0,,,,,T1-shadow-v1,a5553352f511af7d5ef5,57.0,57.72563401292889,WIN,56.88149931600029,LOSS
ncaa,401856787,24,2,2026,2,Houston,Southern,2026-09-12T23:00:00+00:00,094cf384831387525029423c,ncaa-cee67a34ff5ea75fc787,2026-09-11T21:03:08.886840Z,2026-09-13T16:51:24.608359+00:00,unknown,71.0,83.0,incomplete,True,25.94753143333333,False,21.86379820960591,51.5,LOSS,-0.5,,,,,53.95484032009498,60.5,LOSS,-1.5,,,,,T1-shadow-v1,a5553352f511af7d5ef5,60.5,61.22563401292889,WIN,62.06084648478075,WIN
ncaa,401856787,1,2,2026,2,Houston,Southern,2026-09-12T23:00:00+00:00,bf55c5d203a97804ed565ea1,ncaa-cee67a34ff5ea75fc787,2026-09-12T18:28:34.066908Z,2026-09-13T16:51:24.608359+00:00,unknown,71.0,83.0,incomplete,True,4.523870303333333,False,22.41079066933569,51.5,LOSS,-0.5,,,,,54.00535600859693,61.5,LOSS,-0.5,,,,,T1-shadow-v1,a5553352f511af7d5ef5,61.5,62.22563401292889,WIN,63.06084648478075,WIN
ncaa,401868241,24,2,2026,2,Arkansas State,West Georgia,2026-09-12T23:00:00+00:00,27e88291a4ba54f51ce8c43c,ncaa-cee67a34ff5ea75fc787,2026-09-11T21:03:08.886840Z,2026-09-13T16:51:24.608359+00:00,unknown,45.0,59.0,incomplete,False,25.94753143333333,False,16.375092197362996,31.5,LOSS,0.0,,,,,53.56615978347723,56.5,LOSS,0.0,,,,,T1-shadow-v1,a5553352f511af7d5ef5,56.5,57.22563401292889,WIN,58.11290241587557,WIN
ncaa,401868241,1,2,2026,2,Arkansas State,West Georgia,2026-09-12T23:00:00+00:00,045c15284a378fe14a7196a5,ncaa-cee67a34ff5ea75fc787,2026-09-12T18:28:34.066908Z,2026-09-13T16:51:24.608359+00:00,unknown,45.0,59.0,incomplete,False,4.523870303333333,False,16.96299014274389,31.5,LOSS,0.0,0.0,31.5,Bovada,2026-09-12T22:23:12.486653+00:00,53.61549393101696,56.0,LOSS,-0.5,-0.5,56.5,Bovada,2026-09-12T22:23:12.486653+00:00,T1-shadow-v1,a5553352f511af7d5ef5,56.0,56.72563401292889,WIN,57.61290241587557,WIN
ncaa,401856786,24,2,2026,2,Cincinnati,Western Carolina,2026-09-12T23:00:00+00:00,40da077e33afd476616f723b,ncaa-cee67a34ff5ea75fc787,2026-09-11T21:03:08.886840Z,2026-09-13T16:51:24.608359+00:00,unknown,52.0,72.0,incomplete,False,25.94753143333333,True,22.277648624998548,36.5,LOSS,0.0,,,,,60.21925943372851,60.5,LOSS,-1.0,,,,,T1-shadow-v1,a5553352f511af7d5ef5,60.5,61.22563401292889,WIN,59.25159595812369,LOSS
ncaa,401856786,1,2,2026,2,Cincinnati,Western Carolina,2026-09-12T23:00:00+00:00,b5824610a369b314de66c2dd,ncaa-cee67a34ff5ea75fc787,2026-09-12T18:28:34.066908Z,2026-09-13T16:51:24.608359+00:00,unknown,52.0,72.0,incomplete,False,4.523870303333333,True,22.940865014883045,36.5,LOSS,0.0,,,,,60.23254062067018,60.5,LOSS,-1.0,,,,,T1-shadow-v1,a5553352f511af7d5ef5,60.5,61.22563401292889,WIN,59.25159595812369,LOSS
ncaa,401871046,24,2,2026,2,Missouri State,Lindenwood,2026-09-12T23:00:00+00:00,5d8688fbf743c4ad6cf495ce,ncaa-cee67a34ff5ea75fc787,2026-09-11T21:03:08.886840Z,2026-09-13T16:51:24.608359+00:00,unknown,34.0,62.0,incomplete,False,25.94753143333333,True,21.10544111878699,16.5,WIN,0.5,0.0,16.5,DraftKings,2026-09-12T22:23:12.486653+00:00,55.0503886520011,52.5,WIN,0.5,1.0,53.5,DraftKings,2026-09-12T22:23:12.486653+00:00,T1-shadow-v1,a5553352f511af7d5ef5,52.5,53.22563401292889,WIN,52.629394024219735,WIN
ncaa,401871046,1,2,2026,2,Missouri State,Lindenwood,2026-09-12T23:00:00+00:00,5233bb5210f815f538f1b174,ncaa-cee67a34ff5ea75fc787,2026-09-12T18:28:34.066908Z,2026-09-13T16:51:24.608359+00:00,unknown,34.0,62.0,incomplete,False,4.523870303333333,True,21.73108037035699,17.0,WIN,0.0,,,,,55.07960555232714,52.5,WIN,0.5,,,,,T1-shadow-v1,a5553352f511af7d5ef5,52.5,53.22563401292889,WIN,52.629394024219735,WIN
ncaa,401858447,24,2,2026,2,Wisconsin,Western Illinois,2026-09-12T23:15:00+00:00,fc1c5df0b700ce714e859b62,ncaa-cee67a34ff5ea75fc787,2026-09-11T21:03:08.886840Z,2026-09-13T16:51:24.608359+00:00,unknown,27.0,45.0,incomplete,False,26.19753143333333,True,22.40626014439393,39.5,WIN,-3.5,-4.0,43.5,DraftKings,2026-09-12T22:23:12.486653+00:00,52.28700451726766,49.5,LOSS,3.5,3.0,52.5,DraftKings,2026-09-12T22:23:12.486653+00:00,T1-shadow-v1,a5553352f511af7d5ef5,49.5,50.22563401292889,LOSS,51.29327461880042,LOSS
ncaa,401858447,1,2,2026,2,Wisconsin,Western Illinois,2026-09-12T23:15:00+00:00,28d54c4e94d1c6cb3d4baa8f,ncaa-cee67a34ff5ea75fc787,2026-09-12T18:28:34.066908Z,2026-09-13T16:51:24.608359+00:00,unknown,27.0,45.0,incomplete,False,4.773870303333333,True,23.35600794907501,43.0,WIN,0.0,0.0,43.0,Bovada,2026-09-12T22:23:12.486653+00:00,52.33687043337411,52.0,LOSS,1.0,1.0,53.0,Bovada,2026-09-12T22:23:12.486653+00:00,T1-shadow-v1,a5553352f511af7d5ef5,52.0,52.72563401292889,LOSS,53.79327461880042,LOSS
ncaa,401868008,24,2,2026,2,Coastal Carolina,Fordham,2026-09-12T23:30:00+00:00,8f2e0022332e6be4fb05b513,ncaa-cee67a34ff5ea75fc787,2026-09-11T21:03:08.886840Z,2026-09-13T16:51:24.608359+00:00,unknown,38.0,52.0,incomplete,False,26.44753143333333,True,28.33556106575136,34.5,LOSS,-3.0,-2.0,36.5,DraftKings,2026-09-12T23:22:32.869279+00:00,54.886785422907145,52.5,LOSS,1.5,2.0,54.5,DraftKings,2026-09-12T23:22:32.869279+00:00,T1-shadow-v1,a5553352f511af7d5ef5,52.5,53.22563401292889,LOSS,54.100072634977934,LOSS
ncaa,401868008,1,2,2026,2,Coastal Carolina,Fordham,2026-09-12T23:30:00+00:00,32030f36d551973f0392aeab,ncaa-cee67a34ff5ea75fc787,2026-09-12T22:23:32.910844Z,2026-09-13T16:51:24.608359+00:00,unknown,38.0,52.0,incomplete,False,1.1075247655555556,True,29.045927075898327,37.5,LOSS,0.0,0.0,37.5,Bovada,2026-09-12T23:22:32.869279+00:00,54.94156337879952,54.0,LOSS,0.0,0.5,54.5,Bovada,2026-09-12T23:22:32.869279+00:00,T1-shadow-v1,a5553352f511af7d5ef5,54.0,54.72563401292889,LOSS,55.60007263497793,LOSS
ncaa,401856784,24,2,2026,2,Baylor,Prairie View A&M,2026-09-13T00:08:00+00:00,a1406de716fae4dc1c381180,ncaa-cee67a34ff5ea75fc787,2026-09-11T21:03:08.886840Z,2026-09-13T16:51:24.608359+00:00,unknown,41.0,47.0,incomplete,True,27.080864766666664,True,17.1011079524638,37.5,LOSS,0.0,,,,,54.98599693046161,55.5,WIN,0.0,,,,,T1-shadow-v1,a5553352f511af7d5ef5,55.5,56.22563401292889,LOSS,56.26446393455182,LOSS
ncaa,401856784,1,2,2026,2,Baylor,Prairie View A&M,2026-09-13T00:08:00+00:00,36103488f5bc69300e617925,ncaa-cee67a34ff5ea75fc787,2026-09-12T22:23:32.910844Z,2026-09-13T16:51:24.608359+00:00,unknown,41.0,47.0,incomplete,False,1.7408580988888889,True,17.56054666514185,37.5,LOSS,0.0,,,,,55.02287858751204,55.5,WIN,0.0,,,,,T1-shadow-v1,a5553352f511af7d5ef5,55.5,56.22563401292889,LOSS,56.26446393455182,LOSS
ncaa,401856789,24,2,2026,2,TCU,Grambling,2026-09-13T00:00:00+00:00,654d568af2200573cfd94417,ncaa-cee67a34ff5ea75fc787,2026-09-11T21:03:08.886840Z,2026-09-13T16:51:24.608359+00:00,unknown,56.0,70.0,incomplete,False,26.94753143333333,True,31.30490111305382,44.5,LOSS,0.0,0.0,44.5,DraftKings,2026-09-12T23:22:32.869279+00:00,54.23712066539966,54.5,LOSS,-2.0,-2.0,56.5,DraftKings,2026-09-12T23:22:32.869279+00:00,T1-shadow-v1,a5553352f511af7d5ef5,54.5,55.22563401292889,WIN,56.03415402707172,WIN
ncaa,401856789,1,2,2026,2,TCU,Grambling,2026-09-13T00:00:00+00:00,5af9ca126a8fde1cb52e19ee,ncaa-cee67a34ff5ea75fc787,2026-09-12T22:23:32.910844Z,2026-09-13T16:51:24.608359+00:00,unknown,56.0,70.0,incomplete,False,1.6075247655555556,True,32.01601146566253,44.5,LOSS,0.0,,,,,54.285987911115335,56.5,LOSS,0.0,,,,,T1-shadow-v1,a5553352f511af7d5ef5,56.5,57.22563401292889,WIN,58.03415402707172,WIN
ncaa,401864504,24,2,2026,2,San José State,Cal Poly,2026-09-13T01:00:00+00:00,64977732676e4478106d13c6,ncaa-cee67a34ff5ea75fc787,2026-09-12T00:22:56.993233Z,2026-09-13T16:51:24.608359+00:00,unknown,10.0,50.0,incomplete,False,24.617501879722223,True,14.656031058930278,20.5,WIN,-0.5,,,,,56.59591933288185,56.5,LOSS,1.5,,,,,T1-shadow-v1,a5553352f511af7d5ef5,56.5,57.22563401292889,LOSS,57.152765756790224,LOSS
ncaa,401864504,1,2,2026,2,San José State,Cal Poly,2026-09-13T01:00:00+00:00,9abbb4af33de213278d2239c,ncaa-cee67a34ff5ea75fc787,2026-09-12T22:23:32.910844Z,2026-09-13T16:51:24.608359+00:00,unknown,10.0,50.0,incomplete,False,2.607524765555556,True,14.812013496792034,21.0,WIN,0.0,,,,,56.63362029516063,58.0,WIN,0.0,,,,,T1-shadow-v1,a5553352f511af7d5ef5,58.0,58.72563401292889,LOSS,58.652765756790224,LOSS
ncaa,401864505,24,2,2026,2,UTEP,Texas Southern,2026-09-13T01:00:00+00:00,bdbe46f2721456db730c979d,ncaa-cee67a34ff5ea75fc787,2026-09-12T00:22:56.993233Z,2026-09-13T16:51:24.608359+00:00,unknown,41.0,61.0,incomplete,False,24.617501879722223,True,15.093541562273977,25.5,LOSS,-1.5,,,,,52.989823958412366,53.0,LOSS,-0.5,,,,,T1-shadow-v1,a5553352f511af7d5ef5,53.0,53.72563401292889,WIN,54.8458370503778,WIN
ncaa,401864505,1,2,2026,2,UTEP,Texas Southern,2026-09-13T01:00:00+00:00,257408d3876eca1f01fadc53,ncaa-cee67a34ff5ea75fc787,2026-09-12T22:23:32.910844Z,2026-09-13T16:51:24.608359+00:00,unknown,41.0,61.0,incomplete,False,2.607524765555556,True,15.674341401575726,27.0,LOSS,0.0,,,,,53.04190969166864,53.5,LOSS,0.0,,,,,T1-shadow-v1,a5553352f511af7d5ef5,53.5,54.22563401292889,WIN,55.3458370503778,WIN
ncaa,401864500,24,2,2026,2,Nevada,Montana State,2026-09-13T02:30:00+00:00,94456862ac4aa5f6da238a9f,ncaa-cee67a34ff5ea75fc787,2026-09-12T00:22:56.993233Z,2026-09-13T16:51:24.608359+00:00,unknown,-13.0,27.0,incomplete,False,26.117501879722223,True,-7.289124575485843,-3.5,WIN,1.0,,,,,51.53116492094732,49.5,LOSS,2.0,,,,,T1-shadow-v1,a5553352f511af7d5ef5,49.5,50.22563401292889,LOSS,50.490868437984176,LOSS
ncaa,401864500,1,2,2026,2,Nevada,Montana State,2026-09-13T02:30:00+00:00,d54c7e5a5eeed90dc9b345b9,ncaa-cee67a34ff5ea75fc787,2026-09-12T22:23:32.910844Z,2026-09-13T16:51:24.608359+00:00,unknown,-13.0,27.0,incomplete,False,4.107524765555556,True,-7.395316414947954,-4.5,WIN,0.0,,,,,51.56589633047909,51.5,LOSS,0.0,,,,,T1-shadow-v1,a5553352f511af7d5ef5,51.5,52.22563401292889,LOSS,52.490868437984176,LOSS
ncaa,401866632,1,2,2026,2,Long Island University,UAlbany,2026-09-12T16:00:00+00:00,2dc84708a4f43703e645ec9f,ncaa-cee67a34ff5ea75fc787,2026-09-12T12:13:57.786852Z,2026-09-13T16:51:24.608359+00:00,unknown,-22.0,48.0,incomplete,False,3.76728143,False,13.385627704808378,-4.0,LOSS,1.5,,,,,47.51346734212846,44.5,WIN,0.0,,,,,T1-shadow-v1,a5553352f511af7d5ef5,44.5,45.22563401292889,WIN,47.86312396216663,WIN
ncaa,401866628,1,2,2026,2,Rhode Island,Elon,2026-09-12T16:00:00+00:00,0667c1c87d51853afe2ff1e7,ncaa-cee67a34ff5ea75fc787,2026-09-12T12:13:57.786852Z,2026-09-13T16:51:24.608359+00:00,unknown,21.0,41.0,incomplete,False,3.76728143,True,18.378021258242324,8.5,WIN,0.0,,,,,55.29176007955468,48.5,LOSS,0.0,,,,,T1-shadow-v1,a5553352f511af7d5ef5,48.5,49.22563401292889,LOSS,49.27608437858983,LOSS
ncaa,401868028,1,2,2026,2,Lafayette,Marist,2026-09-12T16:30:00+00:00,9423a5b0a85aca24361d73d7,ncaa-cee67a34ff5ea75fc787,2026-09-12T12:13:57.786852Z,2026-09-13T16:51:24.608359+00:00,unknown,4.0,22.0,incomplete,False,4.267281430000001,True,9.622371872279867,12.5,WIN,-3.0,,,,,53.79044599502872,47.5,LOSS,0.0,,,,,T1-shadow-v1,a5553352f511af7d5ef5,47.5,48.22563401292889,LOSS,48.74465933666734,LOSS
ncaa,401867990,24,2,2026,2,VMI,Bucknell,2026-09-12T17:30:00+00:00,f4e73e50409582c97b39f50f,ncaa-cee67a34ff5ea75fc787,2026-09-11T16:35:06.829598Z,2026-09-13T16:51:24.608359+00:00,unknown,-11.0,17.0,incomplete,False,24.91476955611111,True,2.2198237920056325,-10.5,LOSS,2.0,,,,,57.43028142001186,47.5,LOSS,0.0,,,,,T1-shadow-v1,a5553352f511af7d5ef5,47.5,48.22563401292889,LOSS,48.517058127543685,LOSS
ncaa,401867990,1,2,2026,2,VMI,Bucknell,2026-09-12T17:30:00+00:00,9859653e4fc83d14ea0b060c,ncaa-cee67a34ff5ea75fc787,2026-09-12T15:37:45.880907Z,2026-09-13T16:51:24.608359+00:00,unknown,-11.0,17.0,incomplete,False,1.8705886369444444,True,2.140011141223094,-8.5,LOSS,0.0,,,,,57.47630692801615,47.5,LOSS,0.0,,,,,T1-shadow-v1,a5553352f511af7d5ef5,47.5,48.22563401292889,LOSS,48.517058127543685,LOSS
ncaa,401868033,24,2,2026,2,Lehigh,William & Mary,2026-09-12T18:00:00+00:00,8440f07a57eceecf2f59ae27,ncaa-cee67a34ff5ea75fc787,2026-09-11T16:35:06.829598Z,2026-09-13T16:51:24.608359+00:00,unknown,24.0,64.0,incomplete,False,25.41476955611111,True,24.64368128017284,11.5,WIN,2.0,,,,,52.13974772913571,47.5,WIN,0.0,,,,,T1-shadow-v1,a5553352f511af7d5ef5,47.5,48.22563401292889,WIN,48.30089747518434,WIN
ncaa,401868033,1,2,2026,2,Lehigh,William & Mary,2026-09-12T18:00:00+00:00,037a0efc887be53fb94aa157,ncaa-cee67a34ff5ea75fc787,2026-09-12T15:37:45.880907Z,2026-09-13T16:51:24.608359+00:00,unknown,24.0,64.0,incomplete,False,2.3705886369444444,True,24.598485684253315,13.5,WIN,0.0,,,,,52.17347583439416,47.5,WIN,0.0,,,,,T1-shadow-v1,a5553352f511af7d5ef5,47.5,48.22563401292889,WIN,48.30089747518434,WIN
ncaa,401867884,24,2,2026,2,South Dakota,Eastern Washington,2026-09-12T18:00:00+00:00,4d9819349029da67b06f8494,ncaa-cee67a34ff5ea75fc787,2026-09-11T16:35:06.829598Z,2026-09-13T16:51:24.608359+00:00,unknown,18.0,64.0,incomplete,False,25.41476955611111,True,13.260367026510414,16.5,LOSS,0.0,,,,,57.48300530824672,58.5,LOSS,-3.0,,,,,T1-shadow-v1,a5553352f511af7d5ef5,58.5,59.22563401292889,WIN,58.38962081003083,LOSS
ncaa,401867884,1,2,2026,2,South Dakota,Eastern Washington,2026-09-12T18:00:00+00:00,52ab85a133035309f221ae6b,ncaa-cee67a34ff5ea75fc787,2026-09-12T15:37:45.880907Z,2026-09-13T16:51:24.608359+00:00,unknown,18.0,64.0,incomplete,False,2.3705886369444444,True,12.968851435440063,16.5,LOSS,0.0,,,,,57.508753665756096,61.5,LOSS,0.0,,,,,T1-shadow-v1,a5553352f511af7d5ef5,61.5,62.22563401292889,WIN,61.38962081003083,LOSS
ncaa,401867895,24,2,2026,2,Youngstown State,Duquesne,2026-09-12T18:00:00+00:00,3c5e081fd9a48be46972f763,ncaa-cee67a34ff5ea75fc787,2026-09-11T16:35:06.829598Z,2026-09-13T16:51:24.608359+00:00,unknown,57.0,83.0,incomplete,False,25.41476955611111,False,19.23254236338041,22.5,LOSS,0.0,,,,,58.61440835510903,53.5,WIN,0.0,,,,,T1-shadow-v1,a5553352f511af7d5ef5,53.5,54.22563401292889,WIN,52.15266412575219,LOSS
ncaa,401867895,1,2,2026,2,Youngstown State,Duquesne,2026-09-12T18:00:00+00:00,6b6d357b706e2a2091daac74,ncaa-cee67a34ff5ea75fc787,2026-09-12T15:37:45.880907Z,2026-09-13T16:51:24.608359+00:00,unknown,57.0,83.0,incomplete,False,2.3705886369444444,False,19.367411627549227,22.5,LOSS,0.0,,,,,58.62678002197768,53.5,WIN,0.0,,,,,T1-shadow-v1,a5553352f511af7d5ef5,53.5,54.22563401292889,WIN,52.15266412575219,LOSS
ncaa,401868255,24,2,2026,2,Northern Iowa,Drake,2026-09-12T18:00:00+00:00,2cbb8717800ce20b9bac6a58,ncaa-cee67a34ff5ea75fc787,2026-09-11T16:35:06.829598Z,2026-09-13T16:51:24.608359+00:00,unknown,42.0,70.0,incomplete,False,25.41476955611111,False,11.456899151026724,10.5,WIN,1.0,,,,,48.30000931472605,54.5,LOSS,-2.0,,,,,T1-shadow-v1,a5553352f511af7d5ef5,54.5,55.22563401292889,WIN,56.458602713008965,WIN
ncaa,401868255,1,2,2026,2,Northern Iowa,Drake,2026-09-12T18:00:00+00:00,d9b10000f4869cb9958937a0,ncaa-cee67a34ff5ea75fc787,2026-09-12T15:37:45.880907Z,2026-09-13T16:51:24.608359+00:00,unknown,42.0,70.0,incomplete,False,2.3705886369444444,False,11.48455900404191,11.5,LOSS,0.0,,,,,48.34535408767285,56.5,LOSS,0.0,,,,,T1-shadow-v1,a5553352f511af7d5ef5,56.5,57.22563401292889,WIN,58.458602713008965,WIN
ncaa,401868112,24,2,2026,2,Montana,Utah Tech,2026-09-12T19:00:00+00:00,cc4354c894df5db111f2bdd7,ncaa-cee67a34ff5ea75fc787,2026-09-11T16:35:06.829598Z,2026-09-13T16:51:24.608359+00:00,unknown,21.0,49.0,incomplete,False,26.41476955611111,True,27.57385878414054,38.5,WIN,0.0,2.0,36.5,DraftKings,2026-09-12T18:46:05.501996+00:00,54.6372654950327,56.5,WIN,0.0,0.0,56.5,DraftKings,2026-09-12T18:46:05.501996+00:00,T1-shadow-v1,a5553352f511af7d5ef5,56.5,57.22563401292889,LOSS,57.58763095945072,LOSS
ncaa,401868112,1,2,2026,2,Montana,Utah Tech,2026-09-12T19:00:00+00:00,24b2fd0d52e6f8dadb877b65,ncaa-cee67a34ff5ea75fc787,2026-09-12T15:37:45.880907Z,2026-09-13T16:51:24.608359+00:00,unknown,21.0,49.0,incomplete,False,3.3705886369444444,True,27.24020084279459,38.5,WIN,0.0,,,,,54.67602595981133,56.5,WIN,0.0,,,,,T1-shadow-v1,a5553352f511af7d5ef5,56.5,57.22563401292889,LOSS,57.58763095945072,LOSS
ncaa,401868093,24,2,2026,2,Idaho,Lamar,2026-09-12T20:00:00+00:00,334a4b7a9acf13cc9b842460,ncaa-cee67a34ff5ea75fc787,2026-09-11T16:35:06.829598Z,2026-09-13T16:51:24.608359+00:00,unknown,-6.0,40.0,incomplete,True,27.41476955611111,False,24.863770337611008,1.5,LOSS,2.0,,,,,51.71768199177146,49.5,LOSS,2.0,,,,,T1-shadow-v1,a5553352f511af7d5ef5,49.5,50.22563401292889,LOSS,51.015949072526,LOSS
ncaa,401868093,1,2,2026,2,Idaho,Lamar,2026-09-12T20:00:00+00:00,56ae33186be7761c17bba5ba,ncaa-cee67a34ff5ea75fc787,2026-09-12T18:28:34.066908Z,2026-09-13T16:51:24.608359+00:00,unknown,-6.0,40.0,incomplete,True,1.5238703033333334,False,25.13132203565328,3.5,LOSS,0.0,,,,,51.761004540861954,51.5,LOSS,0.0,,,,,T1-shadow-v1,a5553352f511af7d5ef5,51.5,52.22563401292889,LOSS,53.015949072526,LOSS
ncaa,401868285,24,2,2026,2,Bethune-Cookman,Stetson,2026-09-12T20:00:00+00:00,e438cb827876fa7eec584e09,ncaa-cee67a34ff5ea75fc787,2026-09-11T16:35:06.829598Z,2026-09-13T16:51:24.608359+00:00,unknown,25.0,61.0,incomplete,False,27.41476955611111,True,18.38137989897322,14.5,WIN,0.0,,,,,55.06359933623219,56.5,LOSS,0.0,,,,,T1-shadow-v1,a5553352f511af7d5ef5,56.5,57.22563401292889,WIN,57.71840997498733,WIN
ncaa,401868285,1,2,2026,2,Bethune-Cookman,Stetson,2026-09-12T20:00:00+00:00,02939fae95b6ec3ecdbee9e6,ncaa-cee67a34ff5ea75fc787,2026-09-12T18:28:34.066908Z,2026-09-13T16:51:24.608359+00:00,unknown,25.0,61.0,incomplete,False,1.5238703033333334,True,18.44441002145093,14.5,WIN,0.0,,,,,55.10782898093002,56.5,LOSS,0.0,,,,,T1-shadow-v1,a5553352f511af7d5ef5,56.5,57.22563401292889,WIN,57.71840997498733,WIN
ncaa,401866630,24,2,2026,2,Maine,Merrimack,2026-09-12T21:00:00+00:00,9e700593fdd968a48c941f91,ncaa-cee67a34ff5ea75fc787,2026-09-11T16:35:06.829598Z,2026-09-13T16:51:24.608359+00:00,unknown,-9.0,37.0,incomplete,False,28.41476955611111,True,16.242884153064544,10.0,LOSS,0.0,,,,,52.42756093536475,47.5,LOSS,0.0,,,,,T1-shadow-v1,a5553352f511af7d5ef5,47.5,48.22563401292889,LOSS,49.00434914291039,LOSS
ncaa,401866630,1,2,2026,2,Maine,Merrimack,2026-09-12T21:00:00+00:00,502a8ffe75d237572ed79410,ncaa-cee67a34ff5ea75fc787,2026-09-12T18:28:34.066908Z,2026-09-13T16:51:24.608359+00:00,unknown,-9.0,37.0,incomplete,False,2.523870303333333,True,16.20770630077617,10.0,LOSS,0.0,,,,,52.47192746387291,47.5,LOSS,0.0,,,,,T1-shadow-v1,a5553352f511af7d5ef5,47.5,48.22563401292889,LOSS,49.00434914291039,LOSS
ncaa,401868061,24,2,2026,2,Austin Peay,Morehead State,2026-09-12T21:00:00+00:00,c02334896df16e9385357fe5,ncaa-cee67a34ff5ea75fc787,2026-09-11T16:35:06.829598Z,2026-09-13T16:51:24.608359+00:00,unknown,56.0,70.0,incomplete,False,28.41476955611111,False,18.878271874318656,34.5,LOSS,-2.0,,,,,57.53981335620675,62.5,LOSS,0.0,,,,,T1-shadow-v1,a5553352f511af7d5ef5,62.5,63.22563401292889,WIN,62.950581386713765,WIN
ncaa,401868061,1,2,2026,2,Austin Peay,Morehead State,2026-09-12T21:00:00+00:00,0e5ad4045babc2672c3969e4,ncaa-cee67a34ff5ea75fc787,2026-09-12T18:28:34.066908Z,2026-09-13T16:51:24.608359+00:00,unknown,56.0,70.0,incomplete,False,2.523870303333333,False,18.96250598057416,36.5,LOSS,0.0,,,,,57.5738807845215,62.5,LOSS,0.0,,,,,T1-shadow-v1,a5553352f511af7d5ef5,62.5,63.22563401292889,WIN,62.950581386713765,WIN
ncaa,401868123,24,2,2026,2,Northern Arizona,Incarnate Word,2026-09-12T21:00:00+00:00,c3e5a24039d11b085ae9ee8d,ncaa-cee67a34ff5ea75fc787,2026-09-11T16:35:06.829598Z,2026-09-13T16:51:24.608359+00:00,unknown,10.0,66.0,incomplete,False,28.41476955611111,True,8.29381191179403,4.5,WIN,0.0,,,,,56.03203201073927,54.5,WIN,0.0,,,,,T1-shadow-v1,a5553352f511af7d5ef5,54.5,55.22563401292889,WIN,55.25837891315723,WIN
ncaa,401868123,1,2,2026,2,Northern Arizona,Incarnate Word,2026-09-12T21:00:00+00:00,ce75e03b4513681288fa9e77,ncaa-cee67a34ff5ea75fc787,2026-09-12T18:28:34.066908Z,2026-09-13T16:51:24.608359+00:00,unknown,10.0,66.0,incomplete,False,2.523870303333333,True,8.242151676334725,4.5,WIN,0.0,,,,,56.0707835120837,54.5,WIN,0.0,,,,,T1-shadow-v1,a5553352f511af7d5ef5,54.5,55.22563401292889,WIN,55.25837891315723,WIN
ncaa,401866633,1,2,2026,2,North Carolina Central,North Carolina A&T,2026-09-12T16:00:00+00:00,e3fe53ac64e54a728fc246c3,ncaa-cee67a34ff5ea75fc787,2026-09-12T12:13:57.786852Z,2026-09-13T16:51:24.608359+00:00,unknown,8.0,52.0,incomplete,False,3.76728143,True,22.53731362041563,24.5,WIN,0.0,,,,,55.317773365404186,55.5,WIN,0.0,,,,,T1-shadow-v1,a5553352f511af7d5ef5,55.5,56.22563401292889,LOSS,56.4526245330423,LOSS
ncaa,401866629,24,2,2026,2,Hampton,Bryant,2026-09-12T22:00:00+00:00,c2f23987f62a6306c127fb05,ncaa-cee67a34ff5ea75fc787,2026-09-11T21:03:08.886840Z,2026-09-13T16:51:24.608359+00:00,unknown,-28.0,34.0,incomplete,False,24.94753143333333,False,5.941291819471607,-3.5,LOSS,0.0,,,,,52.229871306373006,48.5,LOSS,1.0,,,,,T1-shadow-v1,a5553352f511af7d5ef5,48.5,49.22563401292889,LOSS,50.04297569828033,LOSS
ncaa,401866629,1,2,2026,2,Hampton,Bryant,2026-09-12T22:00:00+00:00,d8d5698fbc7b15088cdaf14b,ncaa-cee67a34ff5ea75fc787,2026-09-12T18:28:34.066908Z,2026-09-13T16:51:24.608359+00:00,unknown,-28.0,34.0,incomplete,False,3.523870303333333,False,5.724968436926482,-3.5,LOSS,0.0,,,,,52.27556211806039,49.5,LOSS,0.0,,,,,T1-shadow-v1,a5553352f511af7d5ef5,49.5,50.22563401292889,LOSS,51.04297569828033,LOSS
ncaa,401866631,24,2,2026,2,New Hampshire,Stonehill,2026-09-12T22:00:00+00:00,3932bbe2b2acadeb4100b525,ncaa-cee67a34ff5ea75fc787,2026-09-11T21:03:08.886840Z,2026-09-13T16:51:24.608359+00:00,unknown,7.0,77.0,incomplete,False,24.94753143333333,True,10.72046128579268,13.5,WIN,0.0,,,,,45.95022287185379,43.5,WIN,0.0,,,,,T1-shadow-v1,a5553352f511af7d5ef5,43.5,44.22563401292889,WIN,46.44920580312302,WIN
ncaa,401866631,1,2,2026,2,New Hampshire,Stonehill,2026-09-12T22:00:00+00:00,5ae01dc0d4b756115049d3ac,ncaa-cee67a34ff5ea75fc787,2026-09-12T18:28:34.066908Z,2026-09-13T16:51:24.608359+00:00,unknown,7.0,77.0,incomplete,False,3.523870303333333,True,10.705684522399515,13.5,WIN,0.0,,,,,46.00449544037252,43.5,WIN,0.0,,,,,T1-shadow-v1,a5553352f511af7d5ef5,43.5,44.22563401292889,WIN,46.44920580312302,WIN
ncaa,401868374,24,2,2026,2,Mercer,Furman,2026-09-12T22:00:00+00:00,62cb2fb2a9d6d16bc86ebc51,ncaa-cee67a34ff5ea75fc787,2026-09-11T21:03:08.886840Z,2026-09-13T16:51:24.608359+00:00,unknown,-7.0,33.0,incomplete,False,24.94753143333333,False,25.81694961108112,15.5,LOSS,0.0,,,,,59.43428352967048,54.5,LOSS,0.0,,,,,T1-shadow-v1,a5553352f511af7d5ef5,54.5,55.22563401292889,LOSS,55.09849096977482,LOSS
ncaa,401868374,1,2,2026,2,Mercer,Furman,2026-09-12T22:00:00+00:00,74d511e24903d226bcd3db49,ncaa-cee67a34ff5ea75fc787,2026-09-12T18:28:34.066908Z,2026-09-13T16:51:24.608359+00:00,unknown,-7.0,33.0,incomplete,False,3.523870303333333,False,25.51115646181409,15.5,LOSS,0.0,,,,,59.471881942070496,54.5,LOSS,0.0,,,,,T1-shadow-v1,a5553352f511af7d5ef5,54.5,55.22563401292889,LOSS,55.09849096977482,LOSS
ncaa,401868102,24,2,2026,2,Idaho State,San Diego,2026-09-12T22:00:00+00:00,686218f187587722e4bb74ef,ncaa-cee67a34ff5ea75fc787,2026-09-11T21:03:08.886840Z,2026-09-13T16:51:24.608359+00:00,unknown,42.0,76.0,incomplete,False,24.94753143333333,False,12.416279923400367,25.5,LOSS,0.0,,,,,55.93067227951696,58.5,LOSS,0.0,,,,,T1-shadow-v1,a5553352f511af7d5ef5,58.5,59.22563401292889,WIN,59.27232529806496,WIN
ncaa,401868102,1,2,2026,2,Idaho State,San Diego,2026-09-12T22:00:00+00:00,9e3c24b35c835308c10841be,ncaa-cee67a34ff5ea75fc787,2026-09-12T18:28:34.066908Z,2026-09-13T16:51:24.608359+00:00,unknown,42.0,76.0,incomplete,False,3.523870303333333,False,12.324218356300882,25.5,LOSS,0.0,,,,,55.96980623896975,58.5,LOSS,0.0,,,,,T1-shadow-v1,a5553352f511af7d5ef5,58.5,59.22563401292889,WIN,59.27232529806496,WIN
ncaa,401868171,24,2,2026,2,The Citadel,Charleston Southern,2026-09-12T22:00:00+00:00,f2f1661de3fc750535012c62,ncaa-cee67a34ff5ea75fc787,2026-09-11T21:03:08.886840Z,2026-09-13T16:51:24.608359+00:00,unknown,-6.0,46.0,incomplete,False,24.94753143333333,True,15.165449549298463,1.5,LOSS,0.0,,,,,50.27546832226543,45.5,WIN,0.0,,,,,T1-shadow-v1,a5553352f511af7d5ef5,45.5,46.22563401292889,WIN,47.18929848523863,WIN
ncaa,401868171,1,2,2026,2,The Citadel,Charleston Southern,2026-09-12T22:00:00+00:00,8e1f0d4f12aca72a6c9a3bab,ncaa-cee67a34ff5ea75fc787,2026-09-12T18:28:34.066908Z,2026-09-13T16:51:24.608359+00:00,unknown,-6.0,46.0,incomplete,False,3.523870303333333,True,15.232941426693648,1.5,LOSS,0.0,,,,,50.32015879677394,45.5,WIN,0.0,,,,,T1-shadow-v1,a5553352f511af7d5ef5,45.5,46.22563401292889,WIN,47.18929848523863,WIN
ncaa,401868141,24,2,2026,2,Eastern Kentucky,Chattanooga,2026-09-12T22:00:00+00:00,5bc0b79c6368a6176576a4b0,ncaa-cee67a34ff5ea75fc787,2026-09-11T21:03:08.886840Z,2026-09-13T16:51:24.608359+00:00,unknown,5.0,39.0,incomplete,False,24.94753143333333,True,5.408953258851072,-3.0,WIN,0.0,,,,,50.15600990583904,48.5,LOSS,0.0,,,,,T1-shadow-v1,a5553352f511af7d5ef5,48.5,49.22563401292889,LOSS,50.44730041936279,LOSS
ncaa,401868141,1,2,2026,2,Eastern Kentucky,Chattanooga,2026-09-12T22:00:00+00:00,a50c17927ac2b62b68365be8,ncaa-cee67a34ff5ea75fc787,2026-09-12T18:28:34.066908Z,2026-09-13T16:51:24.608359+00:00,unknown,5.0,39.0,incomplete,False,3.523870303333333,True,5.257987197868492,-3.0,WIN,0.0,,,,,50.204311712253535,48.5,LOSS,0.0,,,,,T1-shadow-v1,a5553352f511af7d5ef5,48.5,49.22563401292889,LOSS,50.44730041936279,LOSS
ncaa,401868355,24,2,2026,2,Alcorn State,Arkansas-Pine Bluff,2026-09-12T23:00:00+00:00,7f04cf8a3da81d769a9db6b8,ncaa-cee67a34ff5ea75fc787,2026-09-11T21:03:08.886840Z,2026-09-13T16:51:24.608359+00:00,unknown,2.0,104.0,incomplete,False,25.94753143333333,True,10.91347955186204,8.5,LOSS,0.0,,,,,52.20377406918186,49.5,WIN,0.0,,,,,T1-shadow-v1,a5553352f511af7d5ef5,49.5,50.22563401292889,WIN,51.22245147002647,WIN
ncaa,401868355,1,2,2026,2,Alcorn State,Arkansas-Pine Bluff,2026-09-12T23:00:00+00:00,42455ac1af3ad15b7c1a201e,ncaa-cee67a34ff5ea75fc787,2026-09-12T18:28:34.066908Z,2026-09-13T16:51:24.608359+00:00,unknown,2.0,104.0,incomplete,False,4.523870303333333,True,10.944845104053252,8.5,LOSS,0.0,,,,,52.25138204171829,49.5,WIN,0.0,,,,,T1-shadow-v1,a5553352f511af7d5ef5,49.5,50.22563401292889,WIN,51.22245147002647,WIN
ncaa,401868195,24,2,2026,2,Alabama A&M,Tennessee State,2026-09-12T23:00:00+00:00,2c0e6e456b04d5e30aca00fb,ncaa-cee67a34ff5ea75fc787,2026-09-11T21:03:08.886840Z,2026-09-13T16:51:24.608359+00:00,unknown,27.0,33.0,incomplete,False,25.94753143333333,True,17.21989070337471,-1.5,WIN,-2.0,-2.0,-3.5,DraftKings,2026-09-12T22:23:12.486653+00:00,54.12146493173746,49.5,LOSS,0.0,0.0,49.5,DraftKings,2026-09-12T22:23:12.486653+00:00,T1-shadow-v1,a5553352f511af7d5ef5,49.5,50.22563401292889,LOSS,51.14934568767057,LOSS
ncaa,401868195,1,2,2026,2,Alabama A&M,Tennessee State,2026-09-12T23:00:00+00:00,bbf70af55e7456015ed04f6a,ncaa-cee67a34ff5ea75fc787,2026-09-12T18:28:34.066908Z,2026-09-13T16:51:24.608359+00:00,unknown,27.0,33.0,incomplete,False,4.523870303333333,True,17.21475732850127,-2.5,WIN,-1.0,-1.0,-3.5,DraftKings,2026-09-12T22:23:12.486653+00:00,54.173209617889405,49.5,LOSS,0.0,0.0,49.5,DraftKings,2026-09-12T22:23:12.486653+00:00,T1-shadow-v1,a5553352f511af7d5ef5,49.5,50.22563401292889,LOSS,51.14934568767057,LOSS
ncaa,401869130,24,2,2026,2,East Texas A&M,Northwestern State,2026-09-12T23:00:00+00:00,58953c4085f7bae569f41561,ncaa-cee67a34ff5ea75fc787,2026-09-11T21:03:08.886840Z,2026-09-13T16:51:24.608359+00:00,unknown,24.0,52.0,incomplete,False,25.94753143333333,True,17.7381362542769,20.5,LOSS,0.0,,,,,55.51889053074123,51.5,WIN,2.0,,,,,T1-shadow-v1,a5553352f511af7d5ef5,51.5,52.22563401292889,WIN,52.89432034173838,WIN
ncaa,401869130,1,2,2026,2,East Texas A&M,Northwestern State,2026-09-12T23:00:00+00:00,d86650702c2e7f6ed3c98a96,ncaa-cee67a34ff5ea75fc787,2026-09-12T18:28:34.066908Z,2026-09-13T16:51:24.608359+00:00,unknown,24.0,52.0,incomplete,False,4.523870303333333,True,17.673587043809263,20.5,LOSS,0.0,,,,,55.56821778250029,51.5,WIN,2.0,,,,,T1-shadow-v1,a5553352f511af7d5ef5,51.5,52.22563401292889,WIN,52.89432034173838,WIN
ncaa,401872616,24,2,2026,2,South Dakota State,New Haven,2026-09-12T23:00:00+00:00,e9f89c1d0b76ee068bead3e3,ncaa-cee67a34ff5ea75fc787,2026-09-11T21:03:08.886840Z,2026-09-13T16:51:24.608359+00:00,unknown,43.0,71.0,incomplete,True,25.94753143333333,True,21.5622600610426,43.5,WIN,1.0,1.0,42.5,DraftKings,2026-09-12T22:23:12.486653+00:00,55.3132880435612,56.5,LOSS,2.0,2.0,54.5,DraftKings,2026-09-12T22:23:12.486653+00:00,T1-shadow-v1,a5553352f511af7d5ef5,56.5,57.22563401292889,WIN,57.79801827604094,WIN
ncaa,401872616,1,2,2026,2,South Dakota State,New Haven,2026-09-12T23:00:00+00:00,5b2a297b3c4cb2276363670e,ncaa-cee67a34ff5ea75fc787,2026-09-12T18:28:34.066908Z,2026-09-13T16:51:24.608359+00:00,unknown,43.0,71.0,incomplete,True,4.523870303333333,True,21.63997182119117,43.5,WIN,1.0,1.0,42.5,DraftKings,2026-09-12T22:23:12.486653+00:00,55.35940022333842,55.5,LOSS,1.0,1.0,54.5,DraftKings,2026-09-12T22:23:12.486653+00:00,T1-shadow-v1,a5553352f511af7d5ef5,55.5,56.22563401292889,WIN,56.79801827604094,WIN
ncaa,401868150,24,2,2026,2,SE Louisiana,North Alabama,2026-09-12T23:00:00+00:00,223f9bc8ecbe650400b678c8,ncaa-cee67a34ff5ea75fc787,2026-09-11T21:03:08.886840Z,2026-09-13T16:51:24.608359+00:00,unknown,5.0,55.0,incomplete,False,25.94753143333333,True,19.30757516544092,6.5,LOSS,0.0,,,,,55.91105278425545,49.5,WIN,2.0,,,,,T1-shadow-v1,a5553352f511af7d5ef5,49.5,50.22563401292889,WIN,50.770867062485095,WIN
ncaa,401868150,1,2,2026,2,SE Louisiana,North Alabama,2026-09-12T23:00:00+00:00,74afaf8cb7645553ccd78221,ncaa-cee67a34ff5ea75fc787,2026-09-12T18:28:34.066908Z,2026-09-13T16:51:24.608359+00:00,unknown,5.0,55.0,incomplete,False,4.523870303333333,True,19.42285735683363,6.5,LOSS,0.0,,,,,55.95816121918911,49.5,WIN,2.0,,,,,T1-shadow-v1,a5553352f511af7d5ef5,49.5,50.22563401292889,WIN,50.770867062485095,WIN
ncaa,401867856,24,2,2026,2,Eastern Illinois,Indiana State,2026-09-12T23:00:00+00:00,357150e6970089ddeb1a5b05,ncaa-cee67a34ff5ea75fc787,2026-09-11T21:03:08.886840Z,2026-09-13T16:51:24.608359+00:00,unknown,-7.0,77.0,incomplete,False,25.94753143333333,True,11.915583868497068,-1.5,LOSS,-1.5,,,,,54.62121549993167,49.5,WIN,0.0,,,,,T1-shadow-v1,a5553352f511af7d5ef5,49.5,50.22563401292889,WIN,50.61913742345892,WIN
ncaa,401867856,1,2,2026,2,Eastern Illinois,Indiana State,2026-09-12T23:00:00+00:00,805499d58147823d56d067c2,ncaa-cee67a34ff5ea75fc787,2026-09-12T18:28:34.066908Z,2026-09-13T16:51:24.608359+00:00,unknown,-7.0,77.0,incomplete,False,4.523870303333333,True,11.843670435192823,-1.5,LOSS,-1.5,,,,,54.66421703703752,49.5,WIN,0.0,,,,,T1-shadow-v1,a5553352f511af7d5ef5,49.5,50.22563401292889,WIN,50.61913742345892,WIN
ncaa,401867867,24,2,2026,2,Murray State,Valparaiso,2026-09-12T23:00:00+00:00,e179d4be04ebef45a8aa6243,ncaa-cee67a34ff5ea75fc787,2026-09-11T21:03:08.886840Z,2026-09-13T16:51:24.608359+00:00,unknown,9.0,45.0,incomplete,False,25.94753143333333,True,9.369785418849114,10.5,WIN,-4.0,-4.0,14.5,DraftKings,2026-09-12T22:23:12.486653+00:00,52.946165385897125,51.5,LOSS,-4.0,-4.0,47.5,DraftKings,2026-09-12T22:23:12.486653+00:00,T1-shadow-v1,a5553352f511af7d5ef5,51.5,52.22563401292889,LOSS,52.901504288895055,LOSS
ncaa,401867867,1,2,2026,2,Murray State,Valparaiso,2026-09-12T23:00:00+00:00,65a43be15da60bbcb5ae517f,ncaa-cee67a34ff5ea75fc787,2026-09-12T18:28:34.066908Z,2026-09-13T16:51:24.608359+00:00,unknown,9.0,45.0,incomplete,False,4.523870303333333,True,9.285165954561071,14.0,WIN,-0.5,-0.5,14.5,DraftKings,2026-09-12T22:23:12.486653+00:00,52.99060351080136,51.5,LOSS,-4.0,-4.0,47.5,DraftKings,2026-09-12T22:23:12.486653+00:00,T1-shadow-v1,a5553352f511af7d5ef5,51.5,52.22563401292889,LOSS,52.901504288895055,LOSS
ncaa,401868236,24,2,2026,2,McNeese,Tarleton State,2026-09-12T23:00:00+00:00,c7a7dee608d71a530ac39841,ncaa-cee67a34ff5ea75fc787,2026-09-11T21:03:08.886840Z,2026-09-13T16:51:24.608359+00:00,unknown,-3.0,51.0,incomplete,True,25.94753143333333,True,1.376253134940847,-20.5,WIN,1.0,,,,,58.17650239943678,56.5,LOSS,0.0,,,,,T1-shadow-v1,a5553352f511af7d5ef5,56.5,57.22563401292889,LOSS,56.76200612687146,LOSS
ncaa,401868236,1,2,2026,2,McNeese,Tarleton State,2026-09-12T23:00:00+00:00,b73ea669fce7b28968d1481a,ncaa-cee67a34ff5ea75fc787,2026-09-12T18:28:34.066908Z,2026-09-13T16:51:24.608359+00:00,unknown,-3.0,51.0,incomplete,True,4.523870303333333,True,1.1679421074799043,-20.5,WIN,1.0,,,,,58.20771840271414,56.5,LOSS,0.0,,,,,T1-shadow-v1,a5553352f511af7d5ef5,56.5,57.22563401292889,LOSS,56.76200612687146,LOSS
ncaa,401868246,24,2,2026,2,Nicholls,UT Rio Grande Valley,2026-09-12T23:00:00+00:00,1ad5c3a4f48a760d6d59dcb7,ncaa-cee67a34ff5ea75fc787,2026-09-11T21:03:08.886840Z,2026-09-13T16:51:24.608359+00:00,unknown,3.0,59.0,incomplete,False,25.94753143333333,True,9.68005331979266,-5.5,WIN,0.0,,,,,53.07525853654172,50.5,WIN,0.0,,,,,T1-shadow-v1,a5553352f511af7d5ef5,50.5,51.22563401292889,WIN,51.84218678621918,WIN
ncaa,401868246,1,2,2026,2,Nicholls,UT Rio Grande Valley,2026-09-12T23:00:00+00:00,7e7a87c1d1051a78cd7ddfa9,ncaa-cee67a34ff5ea75fc787,2026-09-12T18:28:34.066908Z,2026-09-13T16:51:24.608359+00:00,unknown,3.0,59.0,incomplete,False,4.523870303333333,True,9.616698718890364,-5.5,WIN,0.0,,,,,53.11887213012388,50.5,WIN,0.0,,,,,T1-shadow-v1,a5553352f511af7d5ef5,50.5,51.22563401292889,WIN,51.84218678621918,WIN
ncaa,401868386,24,2,2026,2,Tennessee Tech,Samford,2026-09-12T23:00:00+00:00,3d3af684b10ff65d606ebcc4,ncaa-cee67a34ff5ea75fc787,2026-09-11T21:03:08.886840Z,2026-09-13T16:51:24.608359+00:00,unknown,26.0,64.0,incomplete,False,25.94753143333333,True,22.48542131315024,26.5,WIN,0.0,,,,,55.98807205332184,48.5,WIN,0.0,,,,,T1-shadow-v1,a5553352f511af7d5ef5,48.5,49.22563401292889,WIN,50.091371497121,WIN
ncaa,401868386,1,2,2026,2,Tennessee Tech,Samford,2026-09-12T23:00:00+00:00,5d237d3267bc1dde18c24cac,ncaa-cee67a34ff5ea75fc787,2026-09-12T18:28:34.066908Z,2026-09-13T16:51:24.608359+00:00,unknown,26.0,64.0,incomplete,False,4.523870303333333,True,22.75531121480072,26.5,WIN,0.0,,,,,56.04871595364888,48.5,WIN,0.0,,,,,T1-shadow-v1,a5553352f511af7d5ef5,48.5,49.22563401292889,WIN,50.091371497121,WIN
ncaa,401867890,24,2,2026,2,Southern Illinois,Southeast Missouri State,2026-09-12T23:00:00+00:00,412a98f53a96564cfc2faf10,ncaa-cee67a34ff5ea75fc787,2026-09-11T21:03:08.886840Z,2026-09-13T16:51:24.608359+00:00,unknown,14.0,54.0,incomplete,False,25.94753143333333,True,20.41583773064281,7.5,WIN,0.0,,,,,59.57480751656743,53.5,WIN,0.0,,,,,T1-shadow-v1,a5553352f511af7d5ef5,53.5,54.22563401292889,WIN,53.892315708055285,WIN
ncaa,401867890,1,2,2026,2,Southern Illinois,Southeast Missouri State,2026-09-12T23:00:00+00:00,38ac7741e8529af5d65807f5,ncaa-cee67a34ff5ea75fc787,2026-09-12T18:28:34.066908Z,2026-09-13T16:51:24.608359+00:00,unknown,14.0,54.0,incomplete,False,4.523870303333333,True,20.597583564891146,7.5,WIN,0.0,,,,,59.61107168138925,53.5,WIN,0.0,,,,,T1-shadow-v1,a5553352f511af7d5ef5,53.5,54.22563401292889,WIN,53.892315708055285,WIN
ncaa,401868050,24,2,2026,2,Abilene Christian,Stephen F. Austin,2026-09-13T00:00:00+00:00,fe66f6d0dbd35fb4afffaaca,ncaa-cee67a34ff5ea75fc787,2026-09-11T21:03:08.886840Z,2026-09-13T16:51:24.608359+00:00,unknown,-19.0,33.0,incomplete,False,26.94753143333333,True,0.344200158193551,-3.0,LOSS,0.0,,,,,55.29773781081724,50.5,LOSS,0.0,,,,,T1-shadow-v1,a5553352f511af7d5ef5,50.5,51.22563401292889,LOSS,51.444567049635445,LOSS
ncaa,401868050,1,2,2026,2,Abilene Christian,Stephen F. Austin,2026-09-13T00:00:00+00:00,feab2897f667055e0506a0d3,ncaa-cee67a34ff5ea75fc787,2026-09-12T22:23:32.910844Z,2026-09-13T16:51:24.608359+00:00,unknown,-19.0,33.0,incomplete,False,1.6075247655555556,True,0.1057131891733793,-3.0,LOSS,0.0,,,,,55.338064946043545,50.5,LOSS,0.0,,,,,T1-shadow-v1,a5553352f511af7d5ef5,50.5,51.22563401292889,LOSS,51.444567049635445,LOSS
ncaa,401867876,24,2,2026,2,Portland State,North Dakota,2026-09-13T02:00:00+00:00,8be55f3f7519894a861b55eb,ncaa-cee67a34ff5ea75fc787,2026-09-12T00:22:56.993233Z,2026-09-13T16:51:24.608359+00:00,unknown,-24.0,70.0,incomplete,False,25.617501879722223,True,-6.972478593423894,-25.5,WIN,0.0,,,,,56.934888192324046,60.5,LOSS,0.0,,,,,T1-shadow-v1,a5553352f511af7d5ef5,60.5,61.22563401292889,WIN,61.43928825011363,WIN
ncaa,401867876,1,2,2026,2,Portland State,North Dakota,2026-09-13T02:00:00+00:00,106ca204f13b4f2d8bf79cf8,ncaa-cee67a34ff5ea75fc787,2026-09-12T22:23:32.910844Z,2026-09-13T16:51:24.608359+00:00,unknown,-24.0,70.0,incomplete,False,3.607524765555556,True,-7.249142595868081,-25.5,WIN,0.0,,,,,56.975526048696366,60.5,LOSS,0.0,,,,,T1-shadow-v1,a5553352f511af7d5ef5,60.5,61.22563401292889,WIN,61.43928825011363,WIN
nfl,2026_01_NYJ_TEN,24,2,2026,1,TEN,NYJ,2026-09-13T13:00:00+00:00,8a83da27965b7ca1fb92bff8,nfl-989b47bace50615e74c2,2026-09-12T12:13:57.786852Z,2026-09-14T18:21:47.963810+00:00,unknown,-13.0,33.0,incomplete,False,24.76728143,True,3.507050000000001,1.5,LOSS,0.0,,,,,43.50495,38.5,LOSS,0.0,,,,,,,,,,,
nfl,2026_01_CLE_JAX,24,2,2026,1,JAX,CLE,2026-09-13T13:00:00+00:00,f803204df31d3bf5d41fc23a,nfl-989b47bace50615e74c2,2026-09-12T12:13:57.786852Z,2026-09-14T18:21:47.963810+00:00,unknown,24.0,44.0,incomplete,False,24.76728143,False,6.199650000000003,8.5,LOSS,0.0,,,,,43.08245,39.5,WIN,0.0,,,,,,,,,,,
nfl,2026_01_BAL_IND,24,2,2026,1,IND,BAL,2026-09-13T13:00:00+00:00,efaa505f1169ead088f8fc95,nfl-989b47bace50615e74c2,2026-09-12T12:13:57.786852Z,2026-09-14T18:21:47.963810+00:00,unknown,-18.0,64.0,incomplete,False,24.76728143,True,-8.155350000000004,-3.5,WIN,0.0,,,,,50.13065,47.5,WIN,0.0,,,,,,,,,,,
nfl,2026_01_ATL_PIT,24,2,2026,1,PIT,ATL,2026-09-13T13:00:00+00:00,62076fef5b991d016376efb3,nfl-989b47bace50615e74c2,2026-09-12T12:13:57.786852Z,2026-09-14T18:21:47.963810+00:00,unknown,7.0,33.0,incomplete,False,24.76728143,True,7.068050000000004,6.0,WIN,0.5,,,,,45.16485,41.5,LOSS,-1.0,,,,,,,,,,,
nfl,2026_01_NO_DET,24,2,2026,1,DET,NO,2026-09-13T13:00:00+00:00,eee0812e9a69995ca6c45841,nfl-989b47bace50615e74c2,2026-09-12T12:13:57.786852Z,2026-09-14T18:21:47.963810+00:00,unknown,1.0,61.0,incomplete,False,24.76728143,True,5.738550000000002,7.0,WIN,0.0,,,,,47.71515,49.5,LOSS,0.0,,,,,,,,,,,
nfl,2026_01_TB_CIN,24,2,2026,1,CIN,TB,2026-09-13T13:00:00+00:00,2a92adc7d5a17414a0fbd59f,nfl-989b47bace50615e74c2,2026-09-12T12:13:57.786852Z,2026-09-14T18:21:47.963810+00:00,unknown,6.0,60.0,incomplete,False,24.76728143,True,4.7798500000000015,3.5,WIN,0.0,,,,,50.47615,50.5,LOSS,0.0,,,,,,,,,,,
nfl,2026_01_CHI_CAR,24,2,2026,1,CAR,CHI,2026-09-13T13:00:00+00:00,a47290cbce98b52c37721f49,nfl-989b47bace50615e74c2,2026-09-12T12:13:57.786852Z,2026-09-14T18:21:47.963810+00:00,unknown,-22.0,96.0,incomplete,False,24.76728143,True,-5.142000000000001,-3.0,WIN,0.0,,,,,47.4041,47.5,LOSS,0.0,,,,,,,,,,,
nfl,2026_01_BUF_HOU,24,2,2026,1,HOU,BUF,2026-09-13T13:00:00+00:00,e0df0d8d33483a31aad50c5a,nfl-989b47bace50615e74c2,2026-09-12T12:13:57.786852Z,2026-09-14T18:21:47.963810+00:00,unknown,-5.0,67.0,incomplete,False,24.76728143,True,-7.963100000000006,-1.5,WIN,0.0,,,,,45.34100000000001,44.5,WIN,0.0,,,,,,,,,,,
nfl,2026_01_ARI_LAC,24,2,2026,1,LAC,ARI,2026-09-13T16:25:00+00:00,2e32c84ccef7bd1f6ecc596b,nfl-989b47bace50615e74c2,2026-09-12T15:37:45.880907Z,2026-09-14T18:21:47.963810+00:00,unknown,-12.0,40.0,incomplete,False,24.78725530361111,False,7.851200000000002,9.5,WIN,0.0,,,,,45.52980000000001,47.5,WIN,0.0,,,,,,,,,,,
nfl,2026_01_ARI_LAC,1,2,2026,1,LAC,ARI,2026-09-13T16:25:00+00:00,988a6aba44cf3df929660f86,nfl-989b47bace50615e74c2,2026-09-13T12:01:10.736045Z,2026-09-14T18:21:47.963810+00:00,unknown,-12.0,40.0,incomplete,False,4.397017765277778,False,7.851200000000002,9.5,WIN,0.0,,,,,45.52980000000001,47.5,WIN,0.0,,,,,,,,,,,
nfl,2026_01_MIA_LV,24,2,2026,1,LV,MIA,2026-09-13T16:25:00+00:00,952df70ecf309409242d53ae,nfl-989b47bace50615e74c2,2026-09-12T15:37:45.880907Z,2026-09-14T18:21:47.963810+00:00,unknown,14.0,40.0,incomplete,False,24.78725530361111,True,2.0165,3.0,LOSS,0.0,,,,,41.83720000000002,40.5,LOSS,0.0,,,,,,,,,,,
nfl,2026_01_MIA_LV,1,2,2026,1,LV,MIA,2026-09-13T16:25:00+00:00,2c2a55cb26491e451087c66b,nfl-989b47bace50615e74c2,2026-09-13T12:01:10.736045Z,2026-09-14T18:21:47.963810+00:00,unknown,14.0,40.0,incomplete,False,4.397017765277778,True,2.0165,3.0,LOSS,0.0,,,,,41.83720000000002,40.5,LOSS,0.0,,,,,,,,,,,
nfl,2026_01_GB_MIN,24,2,2026,1,MIN,GB,2026-09-13T16:25:00+00:00,e6eca75cecdb82c98219f7e6,nfl-989b47bace50615e74c2,2026-09-12T15:37:45.880907Z,2026-09-14T18:21:47.963810+00:00,unknown,17.0,61.0,incomplete,False,24.78725530361111,True,5.846050000000002,1.5,WIN,1.0,,,,,45.84255000000002,46.5,LOSS,0.0,,,,,,,,,,,
nfl,2026_01_GB_MIN,1,2,2026,1,MIN,GB,2026-09-13T16:25:00+00:00,f763ee8a011ee5c5dd139b5e,nfl-989b47bace50615e74c2,2026-09-13T12:01:10.736045Z,2026-09-14T18:21:47.963810+00:00,unknown,17.0,61.0,incomplete,False,4.397017765277778,True,5.846050000000002,2.5,WIN,0.0,,,,,45.84255000000002,46.5,LOSS,0.0,,,,,,,,,,,
nfl,2026_01_WAS_PHI,24,2,2026,1,PHI,WAS,2026-09-13T16:25:00+00:00,7a37af830870aa10c68d1829,nfl-989b47bace50615e74c2,2026-09-12T15:37:45.880907Z,2026-09-14T18:21:47.963810+00:00,unknown,2.0,46.0,incomplete,False,24.78725530361111,True,4.7319,6.0,WIN,0.0,,,,,44.43400000000001,44.5,LOSS,0.0,,,,,,,,,,,
nfl,2026_01_WAS_PHI,1,2,2026,1,PHI,WAS,2026-09-13T16:25:00+00:00,2e753e79648cca039dadefc0,nfl-989b47bace50615e74c2,2026-09-13T12:01:10.736045Z,2026-09-14T18:21:47.963810+00:00,unknown,2.0,46.0,incomplete,False,4.397017765277778,True,4.7319,6.0,WIN,0.0,,,,,44.43400000000001,44.5,LOSS,0.0,,,,,,,,,,,
nfl,2026_01_DAL_NYG,24,2,2026,1,NYG,DAL,2026-09-13T20:20:00+00:00,7a22f42fb6f4a04973fd7eaf,nfl-989b47bace50615e74c2,2026-09-12T18:28:34.066908Z,2026-09-14T18:21:47.963810+00:00,unknown,8.0,48.0,incomplete,False,25.857203636666668,True,-8.1355,-3.0,LOSS,0.0,,,,,51.80150000000001,48.5,LOSS,-1.0,,,,,,,,,,,
nfl,2026_01_DAL_NYG,1,2,2026,1,NYG,DAL,2026-09-13T20:20:00+00:00,3f67d398a36eb5f596ccc938,nfl-989b47bace50615e74c2,2026-09-13T16:26:37.143465Z,2026-09-14T18:21:47.963810+00:00,unknown,8.0,48.0,incomplete,False,3.8896823708333335,True,-8.135500000000004,-3.0,LOSS,0.0,,,,,51.80150000000001,47.5,WIN,0.0,,,,,,,,,,,
nfl,2026_01_DEN_KC,24,2,2026,1,KC,DEN,2026-09-14T20:15:00+00:00,57bc2ea159259a9d58047a04,nfl-989b47bace50615e74c2,2026-09-13T16:26:37.143465Z,2026-09-15T17:29:23.187785+00:00,unknown,21.0,41.0,incomplete,False,27.8063490375,True,5.3964000000000025,2.5,WIN,0.0,,,,,43.5231,43.5,LOSS,0.0,,,,,,,,,,,
ncaa,401858225,24,2,2026,3,Pittsburgh,Syracuse,2026-09-17T23:30:00+00:00,86e8eee66672a95fa1b44ae5,ncaa-d05e246769f11b1972c1,2026-09-16T21:25:17.106836Z,2026-09-18T16:57:18.883985+00:00,unknown,14.0,40.0,early-season,False,26.07858143444444,True,10.979627322091206,10.5,WIN,0.5,0.5,11.0,Bovada,2026-09-17T22:53:44.956063+00:00,55.52083316356679,51.5,LOSS,0.0,0.0,51.5,Bovada,2026-09-17T22:53:44.956063+00:00,T1-shadow-v1,c17e0de5d818d2124ec9,51.5,52.22563401292889,LOSS,52.85796110079089,LOSS
ncaa,401858225,1,2,2026,3,Pittsburgh,Syracuse,2026-09-17T23:30:00+00:00,47faa23e87667aa094f48d20,ncaa-d05e246769f11b1972c1,2026-09-17T18:20:25.582325Z,2026-09-18T16:57:18.883985+00:00,unknown,14.0,40.0,early-season,False,5.159560465277778,True,10.979627322091206,10.5,WIN,0.5,,,,,55.52083316356679,51.5,LOSS,0.0,,,,,T1-shadow-v1,c17e0de5d818d2124ec9,51.5,52.22563401292889,LOSS,52.85796110079089,LOSS
nfl,2026_02_DET_BUF,24,2,2026,2,BUF,DET,2026-09-17T20:15:00+00:00,f193cc589895d1477bf1bd7c,nfl-f6b86a58964932e2e1c2,2026-09-16T18:14:44.608510Z,2026-09-18T16:57:18.883985+00:00,unknown,10.0,72.0,incomplete,False,26.004275413888887,True,12.306300000000013,4.5,WIN,1.0,,,,,52.5699,54.5,LOSS,0.0,,,,,,,,,,,
nfl,2026_02_DET_BUF,1,2,2026,2,BUF,DET,2026-09-17T20:15:00+00:00,4ed989b5adb51fa483377d41,nfl-f6b86a58964932e2e1c2,2026-09-17T18:20:25.582325Z,2026-09-18T16:57:18.883985+00:00,unknown,10.0,72.0,incomplete,False,1.9095604652777776,True,12.306300000000006,5.5,WIN,0.0,,,,,52.56990000000001,54.5,LOSS,0.0,,,,,,,,,,,
ncaa,401858226,24,2,2026,3,Wake Forest,Miami,2026-09-18T23:30:00+00:00,eb05d28db2c87f787b6705b8,ncaa-d05e246769f11b1972c1,2026-09-17T22:54:16.802249Z,2026-09-19T16:14:56.351621+00:00,unknown,-13.0,53.0,early-season,False,24.59533270861111,True,-13.318336670510336,-20.5,WIN,0.5,,,,,57.864244727156894,56.0,LOSS,-0.5,,,,,T1-shadow-v1,c17e0de5d818d2124ec9,56.0,56.72563401292889,LOSS,55.82237743585412,WIN
ncaa,401858226,1,2,2026,3,Wake Forest,Miami,2026-09-18T23:30:00+00:00,a987ba169dcd283130c9f5c6,ncaa-d05e246769f11b1972c1,2026-09-18T20:59:22.378036Z,2026-09-19T16:14:56.351621+00:00,unknown,-13.0,53.0,early-season,False,2.5104505455555555,True,-13.294654307035334,-20.0,WIN,0.0,,,,,57.8635653394428,55.5,LOSS,0.0,,,,,T1-shadow-v1,c17e0de5d818d2124ec9,55.5,56.22563401292889,LOSS,55.32237743585412,WIN
ncaa,401856811,24,2,2026,3,Texas Tech,Houston,2026-09-19T00:00:00+00:00,d88a08108e0b6326929dd40a,ncaa-d05e246769f11b1972c1,2026-09-17T22:54:16.802249Z,2026-09-19T16:14:56.351621+00:00,unknown,2.0,54.0,early-season,False,25.09533270861111,True,17.59778148712746,7.5,LOSS,0.0,,,,,56.18824793501344,52.5,WIN,-0.5,,,,,T1-shadow-v1,c17e0de5d818d2124ec9,52.5,53.22563401292889,WIN,53.610826388348805,WIN
ncaa,401856811,1,2,2026,3,Texas Tech,Houston,2026-09-19T00:00:00+00:00,fe03f270d92492560d5e5e6a,ncaa-d05e246769f11b1972c1,2026-09-18T20:59:22.378036Z,2026-09-19T16:14:56.351621+00:00,unknown,2.0,54.0,early-season,False,3.0104505455555555,True,17.621198637366273,7.5,LOSS,0.0,,,,,56.14475794251377,52.0,WIN,0.0,,,,,T1-shadow-v1,c17e0de5d818d2124ec9,52.0,52.72563401292889,WIN,53.110826388348805,WIN
ncaa,401858455,24,2,2026,3,Oregon,Portland State,2026-09-19T02:30:00+00:00,5010a0e5ad60872f05a2dbb0,ncaa-d05e246769f11b1972c1,2026-09-17T22:54:16.802249Z,2026-09-19T16:14:56.351621+00:00,unknown,84.0,84.0,incomplete,False,27.59533270861111,False,44.50999418850442,57.5,LOSS,-1.0,,,,,56.446488797418574,67.5,LOSS,-4.0,,,,,T1-shadow-v1,c17e0de5d818d2124ec9,67.5,68.2256340129289,WIN,67.98619737679125,WIN
ncaa,401858455,1,2,2026,3,Oregon,Portland State,2026-09-19T02:30:00+00:00,2d9e6baf98d9285a4550815a,ncaa-d05e246769f11b1972c1,2026-09-19T00:25:40.505277Z,2026-09-19T16:14:56.351621+00:00,unknown,84.0,84.0,incomplete,False,2.0720818675,False,44.50008881152834,58.5,LOSS,0.0,,,,,56.4409955066511,71.5,LOSS,0.0,,,,,T1-shadow-v1,c17e0de5d818d2124ec9,71.5,72.2256340129289,WIN,71.98619737679125,WIN
ncaa,401856686,24,2,2026,3,Arkansas,Georgia,2026-09-19T16:00:00+00:00,bb87a6c4723fd7cc4fcee0b6,ncaa-d05e246769f11b1972c1,2026-09-18T11:25:59.711025Z,2026-09-20T16:42:18.434539+00:00,unknown,-28.0,62.0,early-season,False,28.5667469375,True,-22.335577173431048,-24.5,LOSS,0.0,,,,,57.43103258182563,54.0,WIN,1.0,,,,,T1-shadow-v1,c17e0de5d818d2124ec9,54.0,54.72563401292889,WIN,53.43680209585922,LOSS
ncaa,401856686,1,2,2026,3,Arkansas,Georgia,2026-09-19T16:00:00+00:00,820cfc2d1e61516c0da8d206,ncaa-d05e246769f11b1972c1,2026-09-19T12:34:15.536722Z,2026-09-20T16:42:18.434539+00:00,unknown,-28.0,62.0,early-season,False,3.429017577222222,True,-22.6194312831672,-24.5,LOSS,0.0,,,,,57.46937969501138,55.0,WIN,0.0,,,,,T1-shadow-v1,c17e0de5d818d2124ec9,55.0,55.72563401292889,WIN,54.43680209585922,LOSS
ncaa,401858229,24,2,2026,3,Clemson,North Carolina,2026-09-19T16:00:00+00:00,0109c9a56a8da4dc80e7c628,ncaa-d05e246769f11b1972c1,2026-09-18T11:25:59.711025Z,2026-09-20T16:42:18.434539+00:00,unknown,8.0,48.0,early-season,False,28.5667469375,True,5.310874394421709,3.0,WIN,0.0,,,,,52.5288963396762,44.0,WIN,0.5,,,,,T1-shadow-v1,c17e0de5d818d2124ec9,44.0,44.72563401292889,WIN,45.60771110214574,WIN
ncaa,401858229,1,2,2026,3,Clemson,North Carolina,2026-09-19T16:00:00+00:00,b9a3402062b2c22a4cdb5433,ncaa-d05e246769f11b1972c1,2026-09-19T12:34:15.536722Z,2026-09-20T16:42:18.434539+00:00,unknown,8.0,48.0,early-season,False,3.429017577222222,True,5.392352165950361,3.0,WIN,0.0,,,,,52.535155718048735,44.5,WIN,0.0,,,,,T1-shadow-v1,c17e0de5d818d2124ec9,44.5,45.22563401292889,WIN,46.10771110214574,WIN
ncaa,401856812,24,2,2026,3,Kansas,Arizona State,2026-09-19T16:00:00+00:00,d752d4a82275703efc505ea2,ncaa-d05e246769f11b1972c1,2026-09-18T11:25:59.711025Z,2026-09-20T16:42:18.434539+00:00,unknown,-7.0,41.0,early-season,False,28.5667469375,True,-7.515395838261671,-5.5,WIN,0.0,,,,,54.56920158343781,50.5,LOSS,0.0,,,,,T1-shadow-v1,c17e0de5d818d2124ec9,50.5,51.22563401292889,LOSS,50.9643954749481,LOSS
ncaa,401856812,1,2,2026,3,Kansas,Arizona State,2026-09-19T16:00:00+00:00,86e2a87b85279cea65d87592,ncaa-d05e246769f11b1972c1,2026-09-19T12:34:15.536722Z,2026-09-20T16:42:18.434539+00:00,unknown,-7.0,41.0,early-season,False,3.429017577222222,True,-7.531360553678703,-5.5,WIN,0.0,,,,,54.59344550042685,50.5,LOSS,0.0,,,,,T1-shadow-v1,c17e0de5d818d2124ec9,50.5,51.22563401292889,LOSS,50.9643954749481,LOSS
ncaa,401858454,24,2,2026,3,Ohio State,Kent State,2026-09-19T16:00:00+00:00,6e8b0b9d154be8ac75046fe3,ncaa-d05e246769f11b1972c1,2026-09-18T11:25:59.711025Z,2026-09-20T16:42:18.434539+00:00,unknown,56.0,62.0,early-season,False,28.5667469375,True,44.563185567357785,53.0,LOSS,0.0,,,,,52.61338413342453,58.5,LOSS,0.0,,,,,T1-shadow-v1,c17e0de5d818d2124ec9,58.5,59.22563401292889,WIN,59.59182894447879,WIN
ncaa,401858454,1,2,2026,3,Ohio State,Kent State,2026-09-19T16:00:00+00:00,12e088e031b94140865b3984,ncaa-d05e246769f11b1972c1,2026-09-19T12:34:15.536722Z,2026-09-20T16:42:18.434539+00:00,unknown,56.0,62.0,early-season,False,3.429017577222222,True,45.02603574323177,53.0,LOSS,0.0,,,,,52.633230985479365,58.5,LOSS,0.0,,,,,T1-shadow-v1,c17e0de5d818d2124ec9,58.5,59.22563401292889,WIN,59.59182894447879,WIN
ncaa,401856685,24,2,2026,3,Alabama,Florida State,2026-09-19T19:30:00+00:00,8bb3c0232770b419c5b86ed0,ncaa-d05e246769f11b1972c1,2026-09-18T16:32:01.687611Z,2026-09-20T16:42:18.434539+00:00,unknown,14.0,86.0,early-season,False,26.96619788583333,True,27.46617620204556,20.0,LOSS,-1.0,,,,,52.07762288042655,50.0,WIN,0.0,,,,,T1-shadow-v1,c17e0de5d818d2124ec9,50.0,50.72563401292889,WIN,51.02096023348648,WIN
ncaa,401856685,1,2,2026,3,Alabama,Florida State,2026-09-19T19:30:00+00:00,d798681df127cbdbffa3fc8c,ncaa-d05e246769f11b1972c1,2026-09-19T17:19:39.978555Z,2026-09-20T16:42:18.434539+00:00,unknown,14.0,86.0,early-season,False,2.172228179166667,True,27.58062889632327,19.0,LOSS,0.0,,,,,52.0969036488551,50.0,WIN,0.0,,,,,T1-shadow-v1,c17e0de5d818d2124ec9,50.0,50.72563401292889,WIN,51.02096023348648,WIN
ncaa,401858230,24,2,2026,3,Louisville,SMU,2026-09-19T19:30:00+00:00,0ec546e16ddd29243f491195,ncaa-d05e246769f11b1972c1,2026-09-18T16:32:01.687611Z,2026-09-20T16:42:18.434539+00:00,unknown,10.0,72.0,early-season,False,26.96619788583333,True,-2.428611041296947,1.5,LOSS,-1.0,,,,,60.74801586058184,58.5,WIN,0.0,,,,,T1-shadow-v1,c17e0de5d818d2124ec9,58.5,59.22563401292889,WIN,58.308167429481166,LOSS
ncaa,401858230,1,2,2026,3,Louisville,SMU,2026-09-19T19:30:00+00:00,4a058613c03a05e339471b80,ncaa-d05e246769f11b1972c1,2026-09-19T17:19:39.978555Z,2026-09-20T16:42:18.434539+00:00,unknown,10.0,72.0,early-season,False,2.172228179166667,True,-2.5236290470450977,2.5,LOSS,0.0,,,,,60.77780940254588,58.5,WIN,0.0,,,,,T1-shadow-v1,c17e0de5d818d2124ec9,58.5,59.22563401292889,WIN,58.308167429481166,LOSS
ncaa,401856694,24,2,2026,3,Texas A&M,Kentucky,2026-09-19T19:30:00+00:00,b08821aab14f3f27092f2def,ncaa-d05e246769f11b1972c1,2026-09-18T16:32:01.687611Z,2026-09-20T16:42:18.434539+00:00,unknown,-10.0,52.0,early-season,False,26.96619788583333,False,34.29315905479526,17.0,LOSS,-0.5,,,,,53.8746012274825,50.0,WIN,-0.5,,,,,T1-shadow-v1,c17e0de5d818d2124ec9,50.0,50.72563401292889,WIN,51.395986763646086,WIN
ncaa,401856694,1,2,2026,3,Texas A&M,Kentucky,2026-09-19T19:30:00+00:00,2d3c662ed755bbc93e11cf21,ncaa-d05e246769f11b1972c1,2026-09-19T17:19:39.978555Z,2026-09-20T16:42:18.434539+00:00,unknown,-10.0,52.0,early-season,False,2.172228179166667,False,34.5668614665423,16.5,LOSS,0.0,,,,,53.88449119480544,49.5,WIN,0.0,,,,,T1-shadow-v1,c17e0de5d818d2124ec9,49.5,50.22563401292889,WIN,50.895986763646086,WIN
ncaa,401858449,24,2,2026,3,Indiana,Western Kentucky,2026-09-19T20:00:00+00:00,aa1876fda38d899281ab16f5,ncaa-d05e246769f11b1972c1,2026-09-18T16:32:01.687611Z,2026-09-20T16:42:18.434539+00:00,unknown,38.0,38.0,early-season,False,27.46619788583333,True,33.60638270101423,44.5,WIN,0.0,,,,,57.43707379475489,61.0,WIN,0.0,,,,,T1-shadow-v1,c17e0de5d818d2124ec9,61.0,61.72563401292889,LOSS,61.177157877962,LOSS
ncaa,401858449,1,2,2026,3,Indiana,Western Kentucky,2026-09-19T20:00:00+00:00,6bee8a6881f58592ae90feeb,ncaa-d05e246769f11b1972c1,2026-09-19T17:19:39.978555Z,2026-09-20T16:42:18.434539+00:00,unknown,38.0,38.0,early-season,False,2.672228179166667,True,33.83218939655713,44.5,WIN,0.0,,,,,57.46555011955047,61.0,WIN,0.0,,,,,T1-shadow-v1,c17e0de5d818d2124ec9,61.0,61.72563401292889,LOSS,61.177157877962,LOSS
ncaa,401856691,24,2,2026,3,South Carolina,Mississippi State,2026-09-19T20:15:00+00:00,2a7c3987371c5053ecd43330,ncaa-d05e246769f11b1972c1,2026-09-18T16:32:01.687611Z,2026-09-20T16:42:18.434539+00:00,unknown,-7.0,75.0,early-season,False,27.71619788583333,True,9.017779156998447,3.5,LOSS,0.0,,,,,56.29281756704832,59.0,LOSS,0.0,,,,,T1-shadow-v1,c17e0de5d818d2124ec9,59.0,59.72563401292889,WIN,59.49433560912628,WIN
ncaa,401856691,1,2,2026,3,South Carolina,Mississippi State,2026-09-19T20:15:00+00:00,fc4904bfb517645c309b9e02,ncaa-d05e246769f11b1972c1,2026-09-19T17:19:39.978555Z,2026-09-20T16:42:18.434539+00:00,unknown,-7.0,75.0,early-season,False,2.922228179166667,True,9.125833743415198,3.5,LOSS,0.0,,,,,56.31336360058285,59.0,LOSS,0.0,,,,,T1-shadow-v1,c17e0de5d818d2124ec9,59.0,59.72563401292889,WIN,59.49433560912628,WIN
ncaa,401856687,24,2,2026,3,Auburn,Florida,2026-09-19T23:00:00+00:00,fa93aaf3833fba5074fadfd5,ncaa-d05e246769f11b1972c1,2026-09-18T20:59:22.378036Z,2026-09-20T16:42:18.434539+00:00,unknown,-5.0,83.0,early-season,False,26.01045054555556,True,3.5442077492712287,-2.5,LOSS,0.0,,,,,53.78319875398318,53.0,WIN,0.0,,,,,T1-shadow-v1,c17e0de5d818d2124ec9,53.0,53.72563401292889,WIN,53.86884987828704,WIN
ncaa,401856687,1,2,2026,3,Auburn,Florida,2026-09-19T23:00:00+00:00,291241caec32bbf28cafdce8,ncaa-d05e246769f11b1972c1,2026-09-19T20:49:11.689173Z,2026-09-20T16:42:18.434539+00:00,unknown,-5.0,83.0,early-season,False,2.1800863408333333,True,3.533813677253641,-2.5,LOSS,0.0,,,,,53.80110487594385,53.0,WIN,0.0,,,,,T1-shadow-v1,c17e0de5d818d2124ec9,53.0,53.72563401292889,WIN,53.86884987828704,WIN
ncaa,401856688,24,2,2026,3,Ole Miss,LSU,2026-09-19T23:30:00+00:00,89db63e8fb858821e6adeb19,ncaa-d05e246769f11b1972c1,2026-09-18T20:59:22.378036Z,2026-09-20T16:42:18.434539+00:00,unknown,8.0,56.0,early-season,False,26.51045054555556,True,11.362652272538249,-3.0,WIN,0.5,,,,,54.6690510134853,58.5,WIN,-0.5,,,,,T1-shadow-v1,c17e0de5d818d2124ec9,58.5,59.22563401292889,LOSS,59.61187457217268,LOSS
ncaa,401856688,1,2,2026,3,Ole Miss,LSU,2026-09-19T23:30:00+00:00,6d45819c26c379fb4c57aebc,ncaa-d05e246769f11b1972c1,2026-09-19T20:49:11.689173Z,2026-09-20T16:42:18.434539+00:00,unknown,8.0,56.0,early-season,False,2.6800863408333333,True,11.41500467552948,-2.5,WIN,0.0,,,,,54.681939072147,59.0,WIN,0.0,,,,,T1-shadow-v1,c17e0de5d818d2124ec9,59.0,59.72563401292889,LOSS,60.11187457217268,LOSS
ncaa,401856802,24,2,2026,3,Virginia,West Virginia,2026-09-19T23:30:00+00:00,4edf6698c3b6e4d6e0a947da,ncaa-d05e246769f11b1972c1,2026-09-18T20:59:22.378036Z,2026-09-20T16:42:18.434539+00:00,unknown,-11.0,65.0,early-season,False,26.51045054555556,True,5.6673590804728775,10.5,WIN,-0.5,,,,,55.62645820830995,53.5,WIN,0.0,,,,,T1-shadow-v1,c17e0de5d818d2124ec9,53.5,54.22563401292889,WIN,54.58287598488222,WIN
ncaa,401856802,1,2,2026,3,Virginia,West Virginia,2026-09-19T23:30:00+00:00,30c3468de7b7d9b1ea1f8df6,ncaa-d05e246769f11b1972c1,2026-09-19T20:49:11.689173Z,2026-09-20T16:42:18.434539+00:00,unknown,-11.0,65.0,early-season,False,2.6800863408333333,True,5.648609844495288,11.0,WIN,0.0,,,,,55.63725439934898,53.5,WIN,0.0,,,,,T1-shadow-v1,c17e0de5d818d2124ec9,53.5,54.22563401292889,WIN,54.58287598488222,WIN
ncaa,401858453,24,2,2026,3,Notre Dame,Michigan State,2026-09-19T23:30:00+00:00,cc56e57ad5a43da7ee758b4e,ncaa-d05e246769f11b1972c1,2026-09-18T20:59:22.378036Z,2026-09-20T16:42:18.434539+00:00,unknown,17.0,37.0,early-season,False,26.51045054555556,False,45.4267948386578,30.0,LOSS,-1.0,,,,,53.57224920075474,52.0,LOSS,0.0,,,,,T1-shadow-v1,c17e0de5d818d2124ec9,52.0,52.72563401292889,LOSS,52.96117824534687,LOSS
ncaa,401858453,1,2,2026,3,Notre Dame,Michigan State,2026-09-19T23:30:00+00:00,9dea7ee8c28f4fe8b5ac2145,ncaa-d05e246769f11b1972c1,2026-09-19T20:49:11.689173Z,2026-09-20T16:42:18.434539+00:00,unknown,17.0,37.0,early-season,False,2.6800863408333333,False,45.74881524190438,29.0,LOSS,0.0,,,,,53.59275115980951,52.0,LOSS,0.0,,,,,T1-shadow-v1,c17e0de5d818d2124ec9,52.0,52.72563401292889,LOSS,52.96117824534687,LOSS
ncaa,401858232,24,2,2026,3,Maryland,Virginia Tech,2026-09-19T23:30:00+00:00,16e9288416afdfb32485e090,ncaa-d05e246769f11b1972c1,2026-09-18T20:59:22.378036Z,2026-09-20T16:42:18.434539+00:00,unknown,-9.0,61.0,early-season,False,26.51045054555556,True,1.0495662129987078,-3.0,LOSS,0.5,,,,,56.99341042185269,53.0,WIN,0.0,,,,,T1-shadow-v1,c17e0de5d818d2124ec9,53.0,53.72563401292889,WIN,53.268216547540405,WIN
ncaa,401858232,1,2,2026,3,Maryland,Virginia Tech,2026-09-19T23:30:00+00:00,1da81f22f2d124eaf0063940,ncaa-d05e246769f11b1972c1,2026-09-19T20:49:11.689173Z,2026-09-20T16:42:18.434539+00:00,unknown,-9.0,61.0,early-season,False,2.6800863408333333,True,1.1131583767982194,-2.5,LOSS,0.0,,,,,57.01719194042576,53.0,WIN,0.0,,,,,T1-shadow-v1,c17e0de5d818d2124ec9,53.0,53.72563401292889,WIN,53.268216547540405,WIN
ncaa,401856796,24,2,2026,3,Northwestern,Colorado,2026-09-19T23:30:00+00:00,c60292ea892d000f51496dbb,ncaa-d05e246769f11b1972c1,2026-09-18T20:59:22.378036Z,2026-09-20T16:42:18.434539+00:00,unknown,34.0,48.0,early-season,False,26.51045054555556,False,6.824667263321736,3.5,WIN,0.0,,,,,55.34185277001352,48.0,PUSH,0.0,,,,,T1-shadow-v1,c17e0de5d818d2124ec9,48.0,48.72563401292889,PUSH,48.58490254415757,PUSH
ncaa,401856796,1,2,2026,3,Northwestern,Colorado,2026-09-19T23:30:00+00:00,ea3c98dbf62340c84542ead6,ncaa-d05e246769f11b1972c1,2026-09-19T20:49:11.689173Z,2026-09-20T16:42:18.434539+00:00,unknown,34.0,48.0,early-season,False,2.6800863408333333,False,6.92142100732204,3.5,WIN,0.0,,,,,55.36202563801891,48.0,PUSH,0.0,,,,,T1-shadow-v1,c17e0de5d818d2124ec9,48.0,48.72563401292889,PUSH,48.58490254415757,PUSH
ncaa,401856693,24,2,2026,3,Texas,UTSA,2026-09-20T00:00:00+00:00,cf553e89926c2f174c9eadb9,ncaa-d05e246769f11b1972c1,2026-09-18T20:59:22.378036Z,2026-09-20T16:42:18.434539+00:00,unknown,24.0,36.0,early-season,False,27.01045054555556,True,19.64587296957032,30.0,WIN,0.0,,,,,57.71140283139606,58.0,WIN,0.0,,,,,T1-shadow-v1,c17e0de5d818d2124ec9,58.0,58.72563401292889,LOSS,58.34935909895464,LOSS
ncaa,401856693,1,2,2026,3,Texas,UTSA,2026-09-20T00:00:00+00:00,a00110092a342d7cd3a12719,ncaa-d05e246769f11b1972c1,2026-09-19T20:49:11.689173Z,2026-09-20T16:42:18.434539+00:00,unknown,24.0,36.0,early-season,False,3.1800863408333333,True,19.928527248534262,30.0,WIN,0.0,,,,,57.73218931450978,58.0,WIN,0.0,,,,,T1-shadow-v1,c17e0de5d818d2124ec9,58.0,58.72563401292889,LOSS,58.34935909895464,LOSS
ncaa,401869940,24,2,2026,3,Delaware,Coastal Carolina,2026-09-19T15:30:00+00:00,09d811773fe76f9dc060d740,ncaa-d05e246769f11b1972c1,2026-09-18T11:25:59.711025Z,2026-09-20T16:42:18.434539+00:00,unknown,8.0,36.0,early-season,False,28.0667469375,True,9.9703228984774,5.0,WIN,0.0,,,,,58.72028933247108,57.0,LOSS,-1.0,,,,,T1-shadow-v1,c17e0de5d818d2124ec9,57.0,57.72563401292889,LOSS,57.33406415533476,LOSS
ncaa,401869940,1,2,2026,3,Delaware,Coastal Carolina,2026-09-19T15:30:00+00:00,a91764f26db9ac6f84cecabc,ncaa-d05e246769f11b1972c1,2026-09-19T12:34:15.536722Z,2026-09-20T16:42:18.434539+00:00,unknown,8.0,36.0,early-season,False,2.929017577222222,True,10.05780281714754,5.0,WIN,0.0,,,,,58.73957808214093,56.0,LOSS,0.0,,,,,T1-shadow-v1,c17e0de5d818d2124ec9,56.0,56.72563401292889,LOSS,56.33406415533476,LOSS
ncaa,401858451,24,2,2026,3,Minnesota,Akron,2026-09-19T16:00:00+00:00,3b79b9cf1ea5940d330aabca,ncaa-d05e246769f11b1972c1,2026-09-18T11:25:59.711025Z,2026-09-20T16:42:18.434539+00:00,unknown,34.0,48.0,early-season,False,28.5667469375,True,16.255151151108606,23.5,LOSS,0.0,,,,,53.46640052223363,49.0,LOSS,0.0,,,,,T1-shadow-v1,c17e0de5d818d2124ec9,49.0,49.72563401292889,LOSS,50.24425857140136,LOSS
ncaa,401858451,1,2,2026,3,Minnesota,Akron,2026-09-19T16:00:00+00:00,299a53caec9401b338e838e2,ncaa-d05e246769f11b1972c1,2026-09-19T12:34:15.536722Z,2026-09-20T16:42:18.434539+00:00,unknown,34.0,48.0,early-season,False,3.429017577222222,True,16.21742542087975,23.5,LOSS,0.0,,,,,53.47832693216417,49.0,LOSS,0.0,,,,,T1-shadow-v1,c17e0de5d818d2124ec9,49.0,49.72563401292889,LOSS,50.24425857140136,LOSS
ncaa,401856798,24,2,2026,3,Iowa State,Bowling Green,2026-09-19T16:00:00+00:00,6d535216d2eeae05118664e0,ncaa-d05e246769f11b1972c1,2026-09-18T11:25:59.711025Z,2026-09-20T16:42:18.434539+00:00,unknown,48.0,62.0,early-season,False,28.5667469375,True,21.439379492113,23.5,LOSS,0.0,,,,,50.25360142118972,43.5,WIN,0.0,,,,,T1-shadow-v1,c17e0de5d818d2124ec9,43.5,44.22563401292889,WIN,45.83814547102673,WIN
ncaa,401856798,1,2,2026,3,Iowa State,Bowling Green,2026-09-19T16:00:00+00:00,fbebf54890d513789f3cf234,ncaa-d05e246769f11b1972c1,2026-09-19T12:34:15.536722Z,2026-09-20T16:42:18.434539+00:00,unknown,48.0,62.0,early-season,False,3.429017577222222,True,21.4496420715118,23.5,LOSS,0.0,,,,,50.25515202768309,43.5,WIN,0.0,,,,,T1-shadow-v1,c17e0de5d818d2124ec9,43.5,44.22563401292889,WIN,45.83814547102673,WIN
ncaa,401858228,24,2,2026,3,Georgia Tech,Mercer,2026-09-19T16:00:00+00:00,7e8b06626db5b28955062f78,ncaa-d05e246769f11b1972c1,2026-09-18T11:25:59.711025Z,2026-09-20T16:42:18.434539+00:00,unknown,33.0,55.0,incomplete,False,28.5667469375,True,22.546849527542044,38.5,WIN,0.0,,,,,58.03277030966385,58.5,WIN,-0.5,,,,,T1-shadow-v1,c17e0de5d818d2124ec9,58.5,59.22563401292889,LOSS,58.664773226836736,LOSS
ncaa,401858228,1,2,2026,3,Georgia Tech,Mercer,2026-09-19T16:00:00+00:00,7543043f92d0d99f2139e6f9,ncaa-d05e246769f11b1972c1,2026-09-19T12:34:15.536722Z,2026-09-20T16:42:18.434539+00:00,unknown,33.0,55.0,incomplete,False,3.429017577222222,True,22.548258130115087,38.5,WIN,0.0,,,,,58.058182711011874,59.0,WIN,0.0,,,,,T1-shadow-v1,c17e0de5d818d2124ec9,59.0,59.72563401292889,LOSS,59.164773226836736,LOSS
ncaa,401856792,24,2,2026,3,Kansas State,Tulane,2026-09-19T16:00:00+00:00,f4a10c4ea61f9a84387b53e3,ncaa-d05e246769f11b1972c1,2026-09-18T11:25:59.711025Z,2026-09-20T16:42:18.434539+00:00,unknown,11.0,51.0,early-season,False,28.5667469375,True,15.657617439386302,20.5,WIN,0.0,,,,,55.36489153162215,49.5,WIN,0.0,,,,,T1-shadow-v1,c17e0de5d818d2124ec9,49.5,50.22563401292889,WIN,49.964926726128446,WIN
ncaa,401856792,1,2,2026,3,Kansas State,Tulane,2026-09-19T16:00:00+00:00,71c9588a5831c3210670b173,ncaa-d05e246769f11b1972c1,2026-09-19T12:34:15.536722Z,2026-09-20T16:42:18.434539+00:00,unknown,11.0,51.0,early-season,False,3.429017577222222,True,15.627796898495369,20.5,WIN,0.0,,,,,55.38755667955944,49.5,WIN,0.0,,,,,T1-shadow-v1,c17e0de5d818d2124ec9,49.5,50.22563401292889,WIN,49.964926726128446,WIN
ncaa,401858456,24,2,2026,3,Penn State,Buffalo,2026-09-19T16:00:00+00:00,030581594c0e89a19d35ca9f,ncaa-d05e246769f11b1972c1,2026-09-18T11:25:59.711025Z,2026-09-20T16:42:18.434539+00:00,unknown,42.0,68.0,early-season,False,28.5667469375,True,21.44220968310897,41.0,LOSS,0.0,,,,,55.492248581059926,49.5,WIN,0.0,,,,,T1-shadow-v1,c17e0de5d818d2124ec9,49.5,50.22563401292889,WIN,50.57919538829681,WIN
ncaa,401858456,1,2,2026,3,Penn State,Buffalo,2026-09-19T16:00:00+00:00,f9acfe1e8b00c2943180bedf,ncaa-d05e246769f11b1972c1,2026-09-19T12:34:15.536722Z,2026-09-20T16:42:18.434539+00:00,unknown,42.0,68.0,early-season,False,3.429017577222222,True,21.599220092323304,41.0,LOSS,0.0,,,,,55.505250261272266,49.5,WIN,0.0,,,,,T1-shadow-v1,c17e0de5d818d2124ec9,49.5,50.22563401292889,WIN,50.57919538829681,WIN
ncaa,401860889,24,2,2026,3,Texas State,North Texas,2026-09-19T16:00:00+00:00,93add90f1c9392145aa885f0,ncaa-d05e246769f11b1972c1,2026-09-18T11:25:59.711025Z,2026-09-20T16:42:18.434539+00:00,unknown,14.0,84.0,early-season,False,28.5667469375,True,11.774770759355183,2.5,WIN,0.5,,,,,60.62253051724997,62.5,LOSS,0.0,,,,,T1-shadow-v1,c17e0de5d818d2124ec9,62.5,63.22563401292889,WIN,60.54224634182239,LOSS
ncaa,401860889,1,2,2026,3,Texas State,North Texas,2026-09-19T16:00:00+00:00,d59272df55b2bcc7a012eb82,ncaa-d05e246769f11b1972c1,2026-09-19T12:34:15.536722Z,2026-09-20T16:42:18.434539+00:00,unknown,14.0,84.0,early-season,False,3.429017577222222,True,11.859307843703755,3.0,WIN,0.0,,,,,60.67495937450892,62.5,LOSS,0.0,,,,,T1-shadow-v1,c17e0de5d818d2124ec9,62.5,63.22563401292889,WIN,60.54224634182239,LOSS
ncaa,401858460,24,2,2026,3,Wisconsin,Eastern Michigan,2026-09-19T16:30:00+00:00,e2e5169b69812d694237057d,ncaa-d05e246769f11b1972c1,2026-09-18T11:25:59.711025Z,2026-09-20T16:42:18.434539+00:00,unknown,44.0,64.0,early-season,False,29.0667469375,False,12.339395136531556,23.5,LOSS,0.0,,,,,50.23682305822382,45.0,WIN,0.0,,,,,T1-shadow-v1,c17e0de5d818d2124ec9,45.0,45.72563401292889,WIN,47.22897842299874,WIN
ncaa,401858460,1,2,2026,3,Wisconsin,Eastern Michigan,2026-09-19T16:30:00+00:00,8d9bf8265dc79ece15e9b825,ncaa-d05e246769f11b1972c1,2026-09-19T12:34:15.536722Z,2026-09-20T16:42:18.434539+00:00,unknown,44.0,64.0,early-season,False,3.929017577222222,False,12.181722861790757,23.5,LOSS,0.0,,,,,50.23802298140003,45.0,WIN,0.0,,,,,T1-shadow-v1,c17e0de5d818d2124ec9,45.0,45.72563401292889,WIN,47.22897842299874,WIN
ncaa,401856695,24,2,2026,3,Vanderbilt,NC State,2026-09-19T16:45:00+00:00,0e783992ccf541b587fa89c7,ncaa-d05e246769f11b1972c1,2026-09-18T16:32:01.687611Z,2026-09-20T16:42:18.434539+00:00,unknown,4.0,66.0,early-season,False,24.21619788583333,True,7.052789244098761,3.0,WIN,0.5,,,,,58.02796835299656,50.5,WIN,0.0,,,,,T1-shadow-v1,c17e0de5d818d2124ec9,50.5,51.22563401292889,WIN,49.218519637930434,LOSS
ncaa,401856695,1,2,2026,3,Vanderbilt,NC State,2026-09-19T16:45:00+00:00,9751a4703cc394c6bafdc1da,ncaa-d05e246769f11b1972c1,2026-09-19T12:34:15.536722Z,2026-09-20T16:42:18.434539+00:00,unknown,4.0,66.0,early-season,False,4.179017577222222,True,7.1465483019170986,3.5,WIN,0.0,,,,,58.07402632964404,50.5,WIN,0.0,,,,,T1-shadow-v1,c17e0de5d818d2124ec9,50.5,51.22563401292889,WIN,49.218519637930434,LOSS
ncaa,401864508,24,2,2026,3,Central Michigan,Wyoming,2026-09-19T17:00:00+00:00,b49859f31292db319b30dc4a,ncaa-d05e246769f11b1972c1,2026-09-18T16:32:01.687611Z,2026-09-20T16:42:18.434539+00:00,unknown,14.0,34.0,early-season,False,24.46619788583333,True,9.372489540901167,-1.0,WIN,0.0,,,,,48.37149205045085,39.0,LOSS,0.0,,,,,T1-shadow-v1,c17e0de5d818d2124ec9,39.0,39.72563401292889,LOSS,42.096439298582645,LOSS
ncaa,401864508,1,2,2026,3,Central Michigan,Wyoming,2026-09-19T17:00:00+00:00,d3cc8001b3108f91214d9bff,ncaa-d05e246769f11b1972c1,2026-09-19T12:34:15.536722Z,2026-09-20T16:42:18.434539+00:00,unknown,14.0,34.0,early-season,False,4.429017577222222,True,9.48605586181696,-1.0,WIN,0.0,,,,,48.36156116185205,39.0,LOSS,0.0,,,,,T1-shadow-v1,c17e0de5d818d2124ec9,39.0,39.72563401292889,LOSS,42.096439298582645,LOSS
ncaa,401858227,24,2,2026,3,Boston College,Maine,2026-09-19T18:00:00+00:00,ba361e4d7a8c1c8a70597211,ncaa-d05e246769f11b1972c1,2026-09-18T16:32:01.687611Z,2026-09-20T16:42:18.434539+00:00,unknown,6.0,38.0,incomplete,True,25.46619788583333,True,16.05361531476552,38.5,WIN,0.5,,,,,51.99217538558558,53.5,WIN,-1.0,,,,,T1-shadow-v1,c17e0de5d818d2124ec9,53.5,54.22563401292889,LOSS,55.19684104163458,LOSS
ncaa,401858227,1,2,2026,3,Boston College,Maine,2026-09-19T18:00:00+00:00,66a1e8cdb4e461e0c038a95b,ncaa-d05e246769f11b1972c1,2026-09-19T12:34:15.536722Z,2026-09-20T16:42:18.434539+00:00,unknown,6.0,38.0,incomplete,True,5.429017577222222,True,15.896990974628594,38.5,WIN,0.5,,,,,51.998524862557,54.0,WIN,-0.5,,,,,T1-shadow-v1,c17e0de5d818d2124ec9,54.0,54.72563401292889,LOSS,55.69684104163458,LOSS
ncaa,401858448,24,2,2026,3,Illinois,Southern Illinois,2026-09-19T18:00:00+00:00,e9438a1d9f71afda42da7d72,ncaa-d05e246769f11b1972c1,2026-09-18T16:32:01.687611Z,2026-09-20T16:42:18.434539+00:00,unknown,38.0,58.0,incomplete,True,25.46619788583333,False,5.6214907168019455,38.5,WIN,3.5,,,,,55.77800032042662,55.5,WIN,0.0,,,,,T1-shadow-v1,c17e0de5d818d2124ec9,55.5,56.22563401292889,WIN,55.32837335687221,LOSS
ncaa,401858448,1,2,2026,3,Illinois,Southern Illinois,2026-09-19T18:00:00+00:00,23841d9d788373b486596585,ncaa-d05e246769f11b1972c1,2026-09-19T12:34:15.536722Z,2026-09-20T16:42:18.434539+00:00,unknown,38.0,58.0,incomplete,True,5.429017577222222,False,5.573360985981183,38.5,WIN,3.5,,,,,55.81042172381897,55.0,WIN,0.5,,,,,T1-shadow-v1,c17e0de5d818d2124ec9,55.0,55.72563401292889,WIN,54.82837335687221,LOSS
ncaa,401862774,24,2,2026,3,Toledo,Temple,2026-09-19T19:00:00+00:00,f3d856cd3c80895b38ce56a7,ncaa-d05e246769f11b1972c1,2026-09-18T16:32:01.687611Z,2026-09-20T16:42:18.434539+00:00,unknown,1.0,97.0,early-season,False,26.46619788583333,True,8.954508798080571,5.5,LOSS,-0.5,,,,,54.27647866035321,49.0,WIN,-0.5,,,,,T1-shadow-v1,c17e0de5d818d2124ec9,49.0,49.72563401292889,WIN,50.34961696818797,WIN
ncaa,401862774,1,2,2026,3,Toledo,Temple,2026-09-19T19:00:00+00:00,39d768336e1c29886091d56b,ncaa-d05e246769f11b1972c1,2026-09-19T17:19:39.978555Z,2026-09-20T16:42:18.434539+00:00,unknown,1.0,97.0,early-season,False,1.6722281791666669,True,9.187945412655312,5.0,LOSS,0.0,,,,,54.28720316298709,48.5,WIN,0.0,,,,,T1-shadow-v1,c17e0de5d818d2124ec9,48.5,49.22563401292889,WIN,49.84961696818797,WIN
ncaa,401858233,24,2,2026,3,California,Wagner,2026-09-19T19:30:00+00:00,12dd3f5951383f65e94fc3b0,ncaa-d05e246769f11b1972c1,2026-09-18T16:32:01.687611Z,2026-09-20T16:42:18.434539+00:00,unknown,42.0,56.0,incomplete,False,26.96619788583333,True,20.55053434091788,,,,,,,,50.75101946346933,,,,,,,,,,,,,,
ncaa,401858233,1,2,2026,3,California,Wagner,2026-09-19T19:30:00+00:00,65d45d577477181a9748be54,ncaa-d05e246769f11b1972c1,2026-09-19T17:19:39.978555Z,2026-09-20T16:42:18.434539+00:00,unknown,42.0,56.0,incomplete,True,2.172228179166667,True,20.478086170169632,57.5,WIN,0.0,,,,,50.7333470333584,65.0,WIN,0.0,,,,,T1-shadow-v1,c17e0de5d818d2124ec9,65.0,65.7256340129289,LOSS,67.69827374383901,LOSS
ncaa,401856801,24,2,2026,3,Utah,Utah State,2026-09-19T19:30:00+00:00,6b85fe0c8fe7fcee5273fbee,ncaa-d05e246769f11b1972c1,2026-09-18T16:32:01.687611Z,2026-09-20T16:42:18.434539+00:00,unknown,33.0,33.0,early-season,False,26.96619788583333,True,18.867336891557457,28.0,LOSS,0.5,,,,,59.71862176319991,57.0,LOSS,-1.0,,,,,T1-shadow-v1,c17e0de5d818d2124ec9,57.0,57.72563401292889,LOSS,57.096292633789,LOSS
ncaa,401856801,1,2,2026,3,Utah,Utah State,2026-09-19T19:30:00+00:00,6cc9a8cdbe353129a68f4ab1,ncaa-d05e246769f11b1972c1,2026-09-19T17:19:39.978555Z,2026-09-20T16:42:18.434539+00:00,unknown,33.0,33.0,early-season,False,2.172228179166667,True,19.10107969384242,27.5,LOSS,0.0,,,,,59.7450751233843,56.0,LOSS,0.0,,,,,T1-shadow-v1,c17e0de5d818d2124ec9,56.0,56.72563401292889,LOSS,56.096292633789,LOSS
ncaa,401866424,24,2,2026,3,Massachusetts,Stonehill,2026-09-19T19:30:00+00:00,ee4d9f94727b00fba7bceec7,ncaa-d05e246769f11b1972c1,2026-09-18T16:32:01.687611Z,2026-09-20T16:42:18.434539+00:00,unknown,22.0,50.0,incomplete,False,26.96619788583333,True,14.93204158705144,33.5,WIN,2.0,,,,,49.19648022447353,50.5,WIN,0.5,,,,,T1-shadow-v1,c17e0de5d818d2124ec9,50.5,51.22563401292889,LOSS,52.7990773070811,LOSS
ncaa,401866424,1,2,2026,3,Massachusetts,Stonehill,2026-09-19T19:30:00+00:00,67142847a3e39ae3dcd3cfbb,ncaa-d05e246769f11b1972c1,2026-09-19T17:19:39.978555Z,2026-09-20T16:42:18.434539+00:00,unknown,22.0,50.0,incomplete,False,2.172228179166667,True,14.766779619614884,31.5,WIN,0.0,,,,,49.19988205573092,50.0,PUSH,0.0,,,,,T1-shadow-v1,c17e0de5d818d2124ec9,50.0,50.72563401292889,PUSH,52.2990773070811,PUSH
ncaa,401858450,24,2,2026,3,Michigan,UTEP,2026-09-19T19:30:00+00:00,84c263641126c18fe0a8ad91,ncaa-d05e246769f11b1972c1,2026-09-18T16:32:01.687611Z,2026-09-20T16:42:18.434539+00:00,unknown,35.0,69.0,early-season,False,26.96619788583333,True,25.873120296537955,35.0,PUSH,0.5,,,,,52.49325321927032,48.5,WIN,0.0,,,,,T1-shadow-v1,c17e0de5d818d2124ec9,48.5,49.22563401292889,WIN,50.48093013297678,WIN
ncaa,401858450,1,2,2026,3,Michigan,UTEP,2026-09-19T19:30:00+00:00,106b67bd3e29f2495c4e7f45,ncaa-d05e246769f11b1972c1,2026-09-19T17:19:39.978555Z,2026-09-20T16:42:18.434539+00:00,unknown,35.0,69.0,early-season,False,2.172228179166667,True,26.1642754495458,34.5,LOSS,0.0,,,,,52.49339328016364,48.5,WIN,0.0,,,,,T1-shadow-v1,c17e0de5d818d2124ec9,48.5,49.22563401292889,WIN,50.48093013297678,WIN
ncaa,401858457,24,2,2026,3,Rutgers,USC,2026-09-19T19:30:00+00:00,a8074c01969e8393f7d03867,ncaa-d05e246769f11b1972c1,2026-09-18T16:32:01.687611Z,2026-09-20T16:42:18.434539+00:00,unknown,-7.0,77.0,early-season,False,26.96619788583333,True,-20.48664630466316,-22.0,WIN,1.0,,,,,53.86619683131155,58.5,LOSS,0.5,,,,,T1-shadow-v1,c17e0de5d818d2124ec9,58.5,59.22563401292889,WIN,58.17480035329721,LOSS
ncaa,401858457,1,2,2026,3,Rutgers,USC,2026-09-19T19:30:00+00:00,b03e92d670e63e26e44e4512,ncaa-d05e246769f11b1972c1,2026-09-19T17:19:39.978555Z,2026-09-20T16:42:18.434539+00:00,unknown,-7.0,77.0,early-season,False,2.172228179166667,True,-20.766776118121857,-21.0,WIN,0.0,,,,,53.90253508797766,58.0,LOSS,0.0,,,,,T1-shadow-v1,c17e0de5d818d2124ec9,58.0,58.72563401292889,WIN,57.67480035329721,LOSS
ncaa,401860890,24,2,2026,3,Washington State,Duquesne,2026-09-19T19:30:00+00:00,81e8734563d2485c62d2307d,ncaa-d05e246769f11b1972c1,2026-09-18T16:32:01.687611Z,2026-09-20T16:42:18.434539+00:00,unknown,41.0,55.0,incomplete,True,26.96619788583333,True,16.46960521062471,38.5,LOSS,0.0,,,,,52.19598327661152,54.0,LOSS,2.0,,,,,T1-shadow-v1,c17e0de5d818d2124ec9,54.0,54.72563401292889,WIN,55.48251793172452,WIN
ncaa,401860890,1,2,2026,3,Washington State,Duquesne,2026-09-19T19:30:00+00:00,e66b81adbaa0119aa61cef9a,ncaa-d05e246769f11b1972c1,2026-09-19T17:19:39.978555Z,2026-09-20T16:42:18.434539+00:00,unknown,41.0,55.0,incomplete,True,2.172228179166667,True,16.395966852425953,38.5,LOSS,0.0,,,,,52.2062708918666,52.0,WIN,0.0,,,,,T1-shadow-v1,c17e0de5d818d2124ec9,52.0,52.72563401292889,WIN,53.48251793172452,WIN
ncaa,401856797,24,2,2026,3,Cincinnati,Miami (OH),2026-09-19T19:30:00+00:00,2fc895588e8c2d909a225b34,ncaa-d05e246769f11b1972c1,2026-09-18T16:32:01.687611Z,2026-09-20T16:42:18.434539+00:00,unknown,4.0,66.0,early-season,False,26.96619788583333,True,13.535857834146912,15.5,WIN,0.0,,,,,54.463036687707806,49.5,WIN,0.5,,,,,T1-shadow-v1,c17e0de5d818d2124ec9,49.5,50.22563401292889,WIN,49.30211308532587,LOSS
ncaa,401856797,1,2,2026,3,Cincinnati,Miami (OH),2026-09-19T19:30:00+00:00,089f0d235949ddbb6921eb74,ncaa-d05e246769f11b1972c1,2026-09-19T17:19:39.978555Z,2026-09-20T16:42:18.434539+00:00,unknown,4.0,66.0,early-season,False,2.172228179166667,True,13.5820215654043,15.5,WIN,0.0,,,,,54.496248345366034,50.0,WIN,0.0,,,,,T1-shadow-v1,c17e0de5d818d2124ec9,50.0,50.72563401292889,WIN,49.80211308532587,LOSS
ncaa,401858231,24,2,2026,3,Duke,Stanford,2026-09-19T20:00:00+00:00,3751dbdbbdf48c55f91e7d43,ncaa-d05e246769f11b1972c1,2026-09-18T16:32:01.687611Z,2026-09-20T16:42:18.434539+00:00,unknown,28.0,42.0,early-season,False,27.46619788583333,True,15.488301698169922,10.0,WIN,0.0,,,,,54.98571693056915,51.0,LOSS,0.0,,,,,T1-shadow-v1,c17e0de5d818d2124ec9,51.0,51.72563401292889,LOSS,51.652472355317904,LOSS
ncaa,401858231,1,2,2026,3,Duke,Stanford,2026-09-19T20:00:00+00:00,4472fb84144d46c1ce96ec0a,ncaa-d05e246769f11b1972c1,2026-09-19T17:19:39.978555Z,2026-09-20T16:42:18.434539+00:00,unknown,28.0,42.0,early-season,False,2.672228179166667,True,15.45121574198842,10.0,WIN,0.0,,,,,55.00680294744513,51.0,LOSS,0.0,,,,,T1-shadow-v1,c17e0de5d818d2124ec9,51.0,51.72563401292889,LOSS,51.652472355317904,LOSS
ncaa,401858471,24,2,2026,3,Iowa,Northern Iowa,2026-09-19T20:00:00+00:00,71a5b9bfea3c7ab40f7e6b71,ncaa-d05e246769f11b1972c1,2026-09-18T16:32:01.687611Z,2026-09-20T16:42:18.434539+00:00,unknown,55.0,55.0,incomplete,True,27.46619788583333,False,14.64178067472518,39.5,LOSS,2.0,,,,,51.23832565547896,48.5,WIN,0.5,,,,,T1-shadow-v1,c17e0de5d818d2124ec9,48.5,49.22563401292889,WIN,49.95364539926626,WIN
ncaa,401858471,1,2,2026,3,Iowa,Northern Iowa,2026-09-19T20:00:00+00:00,fc4d7c3c584d90c11c81e4b9,ncaa-d05e246769f11b1972c1,2026-09-19T17:19:39.978555Z,2026-09-20T16:42:18.434539+00:00,unknown,55.0,55.0,incomplete,True,2.672228179166667,False,14.625937567312626,37.5,LOSS,0.0,,,,,51.25133338156863,49.0,WIN,0.0,,,,,T1-shadow-v1,c17e0de5d818d2124ec9,49.0,49.72563401292889,WIN,50.45364539926626,WIN
ncaa,401866422,24,2,2026,3,Liberty,Ball State,2026-09-19T20:00:00+00:00,b376e521303da228d594424f,ncaa-d05e246769f11b1972c1,2026-09-18T16:32:01.687611Z,2026-09-20T16:42:18.434539+00:00,unknown,36.0,66.0,early-season,False,27.46619788583333,True,14.679958021292745,14.5,WIN,-0.5,,,,,52.46956744401842,49.5,WIN,-1.0,,,,,T1-shadow-v1,c17e0de5d818d2124ec9,49.5,50.22563401292889,WIN,51.17860546203735,WIN
ncaa,401866422,1,2,2026,3,Liberty,Ball State,2026-09-19T20:00:00+00:00,ea8a9a6e2c914881c230a6e2,ncaa-d05e246769f11b1972c1,2026-09-19T17:19:39.978555Z,2026-09-20T16:42:18.434539+00:00,unknown,36.0,66.0,early-season,False,2.672228179166667,True,14.75822960689004,14.0,WIN,0.0,0.5,14.5,Bovada,2026-09-19T19:36:13.880939+00:00,52.4765831514112,48.5,WIN,0.0,0.5,49.0,Bovada,2026-09-19T19:36:13.880939+00:00,T1-shadow-v1,c17e0de5d818d2124ec9,48.5,49.22563401292889,WIN,50.17860546203735,WIN
ncaa,401867804,24,2,2026,3,Baylor,Louisiana Tech,2026-09-19T20:00:00+00:00,41cb691985e1569153b84d0a,ncaa-d05e246769f11b1972c1,2026-09-18T16:32:01.687611Z,2026-09-20T16:42:18.434539+00:00,unknown,17.0,55.0,early-season,False,27.46619788583333,True,16.215511379509724,20.0,WIN,0.0,,,,,55.63958163115961,49.5,WIN,1.0,,,,,T1-shadow-v1,c17e0de5d818d2124ec9,49.5,50.22563401292889,WIN,50.52587364075897,WIN
ncaa,401867804,1,2,2026,3,Baylor,Louisiana Tech,2026-09-19T20:00:00+00:00,d22c08a95a8427e1f8bf6721,ncaa-d05e246769f11b1972c1,2026-09-19T17:19:39.978555Z,2026-09-20T16:42:18.434539+00:00,unknown,17.0,55.0,early-season,False,2.672228179166667,True,16.13688574235139,20.0,WIN,0.0,0.0,20.0,Bovada,2026-09-19T19:36:13.880939+00:00,55.649444034117394,50.5,WIN,0.0,-0.5,50.0,Bovada,2026-09-19T19:36:13.880939+00:00,T1-shadow-v1,c17e0de5d818d2124ec9,50.5,51.22563401292889,WIN,51.52587364075897,WIN
ncaa,401868317,24,2,2026,3,UL Monroe,SE Louisiana,2026-09-19T20:30:00+00:00,2bc225a450bee99cd80ef360,ncaa-d05e246769f11b1972c1,2026-09-18T16:32:01.687611Z,2026-09-20T16:42:18.434539+00:00,unknown,-3.0,73.0,incomplete,False,27.96619788583333,True,5.1988873056327805,10.5,WIN,0.5,,,,,51.200827296898325,48.0,WIN,0.0,,,,,T1-shadow-v1,c17e0de5d818d2124ec9,48.0,48.72563401292889,WIN,50.059334118134494,WIN
ncaa,401868317,1,2,2026,3,UL Monroe,SE Louisiana,2026-09-19T20:30:00+00:00,719b3f603f6e37f6fdc9ba87,ncaa-d05e246769f11b1972c1,2026-09-19T17:19:39.978555Z,2026-09-20T16:42:18.434539+00:00,unknown,-3.0,73.0,incomplete,False,3.172228179166667,True,5.108182206192277,10.0,WIN,0.0,,,,,51.203489016755,48.0,WIN,0.0,,,,,T1-shadow-v1,c17e0de5d818d2124ec9,48.0,48.72563401292889,WIN,50.059334118134494,WIN
ncaa,401862710,24,2,2026,3,Old Dominion,East Carolina,2026-09-19T22:00:00+00:00,abd15068c4f453c147745b7d,ncaa-d05e246769f11b1972c1,2026-09-18T20:59:22.378036Z,2026-09-20T16:42:18.434539+00:00,unknown,-3.0,37.0,early-season,False,25.01045054555556,True,4.572925637638069,2.5,LOSS,0.0,,,,,59.74271805931263,49.0,LOSS,0.0,,,,,T1-shadow-v1,c17e0de5d818d2124ec9,49.0,49.72563401292889,LOSS,49.1708875685914,LOSS
ncaa,401862710,1,2,2026,3,Old Dominion,East Carolina,2026-09-19T22:00:00+00:00,2fe09dc9a5a188e6ca643999,ncaa-d05e246769f11b1972c1,2026-09-19T20:49:11.689173Z,2026-09-20T16:42:18.434539+00:00,unknown,-3.0,37.0,early-season,False,1.1800863408333333,True,4.6237103060776645,2.5,LOSS,0.0,,,,,59.76318113836828,49.0,LOSS,0.0,,,,,T1-shadow-v1,c17e0de5d818d2124ec9,49.0,49.72563401292889,LOSS,49.1708875685914,LOSS
ncaa,401864574,24,2,2026,3,App State,Charlotte,2026-09-19T22:00:00+00:00,5528baa8f3345119262fa3fd,ncaa-d05e246769f11b1972c1,2026-09-18T20:59:22.378036Z,2026-09-20T16:42:18.434539+00:00,unknown,5.0,47.0,early-season,False,25.01045054555556,True,20.52161876433093,17.0,LOSS,0.0,,,,,55.90551603341518,53.0,LOSS,0.0,,,,,T1-shadow-v1,c17e0de5d818d2124ec9,53.0,53.72563401292889,LOSS,53.82443285786004,LOSS
ncaa,401864574,1,2,2026,3,App State,Charlotte,2026-09-19T22:00:00+00:00,7adcdb915c6833080daaf431,ncaa-d05e246769f11b1972c1,2026-09-19T20:49:11.689173Z,2026-09-20T16:42:18.434539+00:00,unknown,5.0,47.0,early-season,False,1.1800863408333333,True,20.599788425841425,17.0,LOSS,0.0,,,,,55.92264839946052,53.0,LOSS,0.0,,,,,T1-shadow-v1,c17e0de5d818d2124ec9,53.0,53.72563401292889,LOSS,53.82443285786004,LOSS
ncaa,401862771,24,2,2026,3,Florida Atlantic,Florida International,2026-09-19T22:00:00+00:00,bd11a801bf5e398cb4b0d0ec,ncaa-d05e246769f11b1972c1,2026-09-18T20:59:22.378036Z,2026-09-20T16:42:18.434539+00:00,unknown,6.0,26.0,early-season,False,25.01045054555556,True,-0.3972445717327597,6.5,WIN,1.0,,,,,58.034571893682816,62.0,WIN,0.0,,,,,T1-shadow-v1,c17e0de5d818d2124ec9,62.0,62.72563401292889,LOSS,62.33072249332419,LOSS
ncaa,401862771,1,2,2026,3,Florida Atlantic,Florida International,2026-09-19T22:00:00+00:00,c04c9bd532c16fdb60dbb136,ncaa-d05e246769f11b1972c1,2026-09-19T20:49:11.689173Z,2026-09-20T16:42:18.434539+00:00,unknown,6.0,26.0,early-season,False,1.1800863408333333,True,-0.4037577094395961,5.5,LOSS,0.0,,,,,58.05598335387075,62.0,WIN,0.0,,,,,T1-shadow-v1,c17e0de5d818d2124ec9,62.0,62.72563401292889,LOSS,62.33072249332419,LOSS
ncaa,401871047,24,2,2026,3,Missouri State,Marshall,2026-09-19T22:30:00+00:00,22d19b103aff8644cf7d909e,ncaa-d05e246769f11b1972c1,2026-09-18T20:59:22.378036Z,2026-09-20T16:42:18.434539+00:00,unknown,-6.0,54.0,early-season,False,25.51045054555556,True,3.4908867851913854,-4.0,LOSS,0.0,,,,,57.67544491389244,53.0,WIN,-0.5,,,,,T1-shadow-v1,c17e0de5d818d2124ec9,53.0,53.72563401292889,WIN,52.85680983795347,LOSS
ncaa,401871047,1,2,2026,3,Missouri State,Marshall,2026-09-19T22:30:00+00:00,89032e9f62825e35cf681ef5,ncaa-d05e246769f11b1972c1,2026-09-19T20:49:11.689173Z,2026-09-20T16:42:18.434539+00:00,unknown,-6.0,54.0,early-season,False,1.6800863408333333,True,3.4659202918546703,-4.0,LOSS,0.0,,,,,57.705763893230944,52.5,WIN,0.0,,,,,T1-shadow-v1,c17e0de5d818d2124ec9,52.5,53.22563401292889,WIN,52.35680983795347,LOSS
ncaa,401866423,24,2,2026,3,South Alabama,Ohio,2026-09-19T23:00:00+00:00,43a743dabed7fe76b403195c,ncaa-d05e246769f11b1972c1,2026-09-18T20:59:22.378036Z,2026-09-20T16:42:18.434539+00:00,unknown,5.0,77.0,early-season,False,26.01045054555556,True,5.867116185051076,6.5,WIN,-0.5,,,,,54.80514141285272,48.5,WIN,0.5,,,,,T1-shadow-v1,c17e0de5d818d2124ec9,48.5,49.22563401292889,WIN,48.69364414041507,WIN
ncaa,401866423,1,2,2026,3,South Alabama,Ohio,2026-09-19T23:00:00+00:00,9a67dfe8b3dac3e0dc4a94c6,ncaa-d05e246769f11b1972c1,2026-09-19T20:49:11.689173Z,2026-09-20T16:42:18.434539+00:00,unknown,5.0,77.0,early-season,False,2.1800863408333333,True,5.840998870076724,7.0,WIN,0.0,,,,,54.83279271031845,49.0,WIN,0.0,,,,,T1-shadow-v1,c17e0de5d818d2124ec9,49.0,49.72563401292889,WIN,49.19364414041507,WIN
ncaa,401870764,24,2,2026,3,Sam Houston,Nicholls,2026-09-19T23:00:00+00:00,1464b5d279b93d1f7769627a,ncaa-d05e246769f11b1972c1,2026-09-18T20:59:22.378036Z,2026-09-20T16:42:18.434539+00:00,unknown,59.0,59.0,incomplete,False,26.01045054555556,False,20.60581711790292,17.5,WIN,3.5,,,,,52.96078766985266,49.0,WIN,2.5,,,,,T1-shadow-v1,c17e0de5d818d2124ec9,49.0,49.72563401292889,WIN,50.85031205601683,WIN
ncaa,401870764,1,2,2026,3,Sam Houston,Nicholls,2026-09-19T23:00:00+00:00,f392b46b5416dbe8c5c788f3,ncaa-d05e246769f11b1972c1,2026-09-19T20:49:11.689173Z,2026-09-20T16:42:18.434539+00:00,unknown,59.0,59.0,incomplete,False,2.1800863408333333,False,20.54941579027703,21.0,LOSS,0.0,,,,,52.95946942481041,51.5,WIN,0.0,,,,,T1-shadow-v1,c17e0de5d818d2124ec9,51.5,52.22563401292889,WIN,53.35031205601683,WIN
ncaa,401862777,24,2,2026,3,South Florida,Delaware State,2026-09-19T23:00:00+00:00,9d00fd9d041b65bfe7a1c347,ncaa-d05e246769f11b1972c1,2026-09-18T20:59:22.378036Z,2026-09-20T16:42:18.434539+00:00,unknown,42.0,76.0,incomplete,False,26.01045054555556,True,38.67049869617481,36.5,WIN,0.0,,,,,56.4443545948059,61.0,LOSS,0.0,,,,,T1-shadow-v1,c17e0de5d818d2124ec9,61.0,61.72563401292889,WIN,61.79393516404458,WIN
ncaa,401862777,1,2,2026,3,South Florida,Delaware State,2026-09-19T23:00:00+00:00,e107c24566cf57ce4fb811c7,ncaa-d05e246769f11b1972c1,2026-09-19T20:49:11.689173Z,2026-09-20T16:42:18.434539+00:00,unknown,42.0,76.0,incomplete,False,2.1800863408333333,True,38.88438212374656,36.5,WIN,0.0,,,,,56.46159642134982,61.0,LOSS,0.0,,,,,T1-shadow-v1,c17e0de5d818d2124ec9,61.0,61.72563401292889,WIN,61.79393516404458,WIN
ncaa,401862773,24,2,2026,3,Rice,Western Michigan,2026-09-19T23:00:00+00:00,85a227c3602c91493b947ce6,ncaa-d05e246769f11b1972c1,2026-09-18T20:59:22.378036Z,2026-09-20T16:42:18.434539+00:00,unknown,-7.0,49.0,early-season,False,26.01045054555556,True,-6.444334779607481,-9.5,WIN,0.5,,,,,50.96557313706806,43.5,WIN,0.0,,,,,T1-shadow-v1,c17e0de5d818d2124ec9,43.5,44.22563401292889,WIN,45.49803312608325,WIN
ncaa,401862773,1,2,2026,3,Rice,Western Michigan,2026-09-19T23:00:00+00:00,669c11c8e48fb98b8511fbb1,ncaa-d05e246769f11b1972c1,2026-09-19T20:49:11.689173Z,2026-09-20T16:42:18.434539+00:00,unknown,-7.0,49.0,early-season,False,2.1800863408333333,True,-6.525056596012149,-9.0,WIN,0.0,,,,,50.9714854062867,43.5,WIN,0.0,,,,,T1-shadow-v1,c17e0de5d818d2124ec9,43.5,44.22563401292889,WIN,45.49803312608325,WIN
ncaa,401856800,24,2,2026,3,UCF,Georgia State,2026-09-19T23:00:00+00:00,b2140f28bf602a78ed66356a,ncaa-d05e246769f11b1972c1,2026-09-18T20:59:22.378036Z,2026-09-20T16:42:18.434539+00:00,unknown,14.0,74.0,early-season,False,26.01045054555556,True,4.670109178226694,17.5,WIN,0.5,,,,,54.59030036004127,50.0,WIN,0.0,,,,,T1-shadow-v1,c17e0de5d818d2124ec9,50.0,50.72563401292889,WIN,50.829837173027286,WIN
ncaa,401856800,1,2,2026,3,UCF,Georgia State,2026-09-19T23:00:00+00:00,854267459c7dfa97c7ac056a,ncaa-d05e246769f11b1972c1,2026-09-19T20:49:11.689173Z,2026-09-20T16:42:18.434539+00:00,unknown,14.0,74.0,early-season,False,2.1800863408333333,True,4.717548950758478,17.0,WIN,0.0,,,,,54.60712596228629,50.0,WIN,0.0,,,,,T1-shadow-v1,c17e0de5d818d2124ec9,50.0,50.72563401292889,WIN,50.829837173027286,WIN
ncaa,401864443,24,2,2026,3,Middle Tennessee,Nevada,2026-09-19T23:00:00+00:00,2be5ddb54f7e75d96e147858,ncaa-d05e246769f11b1972c1,2026-09-18T20:59:22.378036Z,2026-09-20T16:42:18.434539+00:00,unknown,7.0,47.0,early-season,False,26.01045054555556,True,13.560447794625142,-4.0,WIN,0.0,,,,,52.82402781383647,50.5,LOSS,-0.5,,,,,T1-shadow-v1,c17e0de5d818d2124ec9,50.5,51.22563401292889,LOSS,51.74389270909924,LOSS
ncaa,401864443,1,2,2026,3,Middle Tennessee,Nevada,2026-09-19T23:00:00+00:00,c19c83a79a27616815492406,ncaa-d05e246769f11b1972c1,2026-09-19T20:49:11.689173Z,2026-09-20T16:42:18.434539+00:00,unknown,7.0,47.0,early-season,False,2.1800863408333333,True,13.54937666881787,-4.0,WIN,0.0,,,,,52.838187322400245,50.0,LOSS,0.0,,,,,T1-shadow-v1,c17e0de5d818d2124ec9,50.0,50.72563401292889,LOSS,51.24389270909924,LOSS
ncaa,401869948,24,2,2026,3,Jacksonville State,Georgia Southern,2026-09-19T23:00:00+00:00,594dfba177ba93fb4c185532,ncaa-d05e246769f11b1972c1,2026-09-18T20:59:22.378036Z,2026-09-20T16:42:18.434539+00:00,unknown,4.0,58.0,early-season,False,26.01045054555556,True,5.985350091046072,3.0,WIN,0.5,,,,,56.20562352129706,53.0,WIN,-0.5,,,,,T1-shadow-v1,c17e0de5d818d2124ec9,53.0,53.72563401292889,WIN,53.294072392211525,WIN
ncaa,401869948,1,2,2026,3,Jacksonville State,Georgia Southern,2026-09-19T23:00:00+00:00,90a70c6eaceeebf2eb5a54a3,ncaa-d05e246769f11b1972c1,2026-09-19T20:49:11.689173Z,2026-09-20T16:42:18.434539+00:00,unknown,4.0,58.0,early-season,False,2.1800863408333333,True,6.121944494492179,3.5,WIN,0.0,,,,,56.23046676081926,52.5,WIN,0.0,,,,,T1-shadow-v1,c17e0de5d818d2124ec9,52.5,53.22563401292889,WIN,52.794072392211525,WIN
ncaa,401856803,24,2,2026,3,Oklahoma State,Murray State,2026-09-19T23:00:00+00:00,e32a16bd2c8c2cc770f14f38,ncaa-d05e246769f11b1972c1,2026-09-18T20:59:22.378036Z,2026-09-20T16:42:18.434539+00:00,unknown,59.0,59.0,incomplete,True,26.01045054555556,False,14.658420635551035,55.5,LOSS,-0.5,,,,,53.41495245399338,70.0,WIN,-0.5,,,,,T1-shadow-v1,c17e0de5d818d2124ec9,70.0,70.7256340129289,LOSS,71.44507274912232,LOSS
ncaa,401856803,1,2,2026,3,Oklahoma State,Murray State,2026-09-19T23:00:00+00:00,1de8589c3c9d74e8bd8a630f,ncaa-d05e246769f11b1972c1,2026-09-19T20:49:11.689173Z,2026-09-20T16:42:18.434539+00:00,unknown,59.0,59.0,incomplete,True,2.1800863408333333,False,14.772125672696744,56.0,LOSS,0.0,,,,,53.422390545108485,70.5,WIN,0.0,,,,,T1-shadow-v1,c17e0de5d818d2124ec9,70.5,71.2256340129289,LOSS,71.94507274912232,LOSS
ncaa,401862772,24,2,2026,3,Memphis,UT Martin,2026-09-19T23:00:00+00:00,9e695ad5a86493752a0ba7cd,ncaa-d05e246769f11b1972c1,2026-09-18T20:59:22.378036Z,2026-09-20T16:42:18.434539+00:00,unknown,24.0,66.0,incomplete,False,26.01045054555556,True,32.32253431942912,34.5,WIN,0.0,,,,,55.42945871598874,57.0,LOSS,0.0,,,,,T1-shadow-v1,c17e0de5d818d2124ec9,57.0,57.72563401292889,WIN,56.96481127287144,LOSS
ncaa,401862772,1,2,2026,3,Memphis,UT Martin,2026-09-19T23:00:00+00:00,219d7e48f5ce39faf7b4eff7,ncaa-d05e246769f11b1972c1,2026-09-19T20:49:11.689173Z,2026-09-20T16:42:18.434539+00:00,unknown,24.0,66.0,incomplete,False,2.1800863408333333,True,32.41963475314099,34.5,WIN,0.0,,,,,55.46085678027695,57.0,LOSS,0.0,,,,,T1-shadow-v1,c17e0de5d818d2124ec9,57.0,57.72563401292889,WIN,56.96481127287144,LOSS
ncaa,401861963,24,2,2026,3,Southern Miss,UConn,2026-09-19T23:00:00+00:00,876d7ebadacd35ad473dcba9,ncaa-d05e246769f11b1972c1,2026-09-18T20:59:22.378036Z,2026-09-20T16:42:18.434539+00:00,unknown,-28.0,68.0,early-season,False,26.01045054555556,False,0.2881878988117057,-3.0,LOSS,0.0,,,,,60.16425347230852,54.5,WIN,0.0,,,,,T1-shadow-v1,c17e0de5d818d2124ec9,54.5,55.22563401292889,WIN,54.1918077998007,LOSS
ncaa,401861963,1,2,2026,3,Southern Miss,UConn,2026-09-19T23:00:00+00:00,647f7b18549b09ef1cd59772,ncaa-d05e246769f11b1972c1,2026-09-19T20:49:11.689173Z,2026-09-20T16:42:18.434539+00:00,unknown,-28.0,68.0,early-season,False,2.1800863408333333,False,0.2940798156679268,-3.0,LOSS,0.0,,,,,60.19706875765276,54.5,WIN,0.0,,,,,T1-shadow-v1,c17e0de5d818d2124ec9,54.5,55.22563401292889,WIN,54.1918077998007,LOSS
ncaa,401856689,24,2,2026,3,Missouri,Troy,2026-09-19T23:00:00+00:00,c0483a15fcc53d8b4a65be3d,ncaa-d05e246769f11b1972c1,2026-09-18T20:59:22.378036Z,2026-09-20T16:42:18.434539+00:00,unknown,10.0,44.0,early-season,False,26.01045054555556,True,25.273883223337283,27.0,WIN,0.0,,,,,53.68935172745012,50.5,LOSS,-0.5,,,,,T1-shadow-v1,c17e0de5d818d2124ec9,50.5,51.22563401292889,LOSS,52.10204406978181,LOSS
ncaa,401856689,1,2,2026,3,Missouri,Troy,2026-09-19T23:00:00+00:00,28c1d78afc5e6b5ac1e7eaa6,ncaa-d05e246769f11b1972c1,2026-09-19T20:49:11.689173Z,2026-09-20T16:42:18.434539+00:00,unknown,10.0,44.0,early-season,False,2.1800863408333333,True,25.29031340084861,27.0,WIN,0.0,,,,,53.69401421485971,50.0,LOSS,0.0,,,,,T1-shadow-v1,c17e0de5d818d2124ec9,50.0,50.72563401292889,LOSS,51.60204406978181,LOSS
ncaa,401858459,24,2,2026,3,Washington,Eastern Washington,2026-09-19T23:15:00+00:00,2382ff09d75f66913d322c90,ncaa-d05e246769f11b1972c1,2026-09-18T20:59:22.378036Z,2026-09-20T16:42:18.434539+00:00,unknown,32.0,64.0,incomplete,False,26.26045054555556,True,28.710166921312,42.5,WIN,0.0,,,,,54.2073183470692,58.0,LOSS,-0.5,,,,,T1-shadow-v1,c17e0de5d818d2124ec9,58.0,58.72563401292889,WIN,59.2722104511072,WIN
ncaa,401858459,1,2,2026,3,Washington,Eastern Washington,2026-09-19T23:15:00+00:00,08af659713d9c17d8a2d8a6f,ncaa-d05e246769f11b1972c1,2026-09-19T20:49:11.689173Z,2026-09-20T16:42:18.434539+00:00,unknown,32.0,64.0,incomplete,False,2.4300863408333333,True,29.01483277165157,42.5,WIN,0.0,,,,,54.21819283130823,58.5,LOSS,0.0,,,,,T1-shadow-v1,c17e0de5d818d2124ec9,58.5,59.22563401292889,WIN,59.7722104511072,WIN
ncaa,401858452,24,2,2026,3,Nebraska,North Dakota,2026-09-19T23:15:00+00:00,8e27d856466ed393ad7b4d10,ncaa-d05e246769f11b1972c1,2026-09-18T20:59:22.378036Z,2026-09-20T16:42:18.434539+00:00,unknown,27.0,41.0,incomplete,False,26.26045054555556,True,17.702412762045846,24.5,LOSS,-3.5,,,,,55.16252170247744,52.0,LOSS,4.0,,,,,T1-shadow-v1,c17e0de5d818d2124ec9,52.0,52.72563401292889,LOSS,52.55011947012212,LOSS
ncaa,401858452,1,2,2026,3,Nebraska,North Dakota,2026-09-19T23:15:00+00:00,0f595ab800a56faaf165fa35,ncaa-d05e246769f11b1972c1,2026-09-19T20:49:11.689173Z,2026-09-20T16:42:18.434539+00:00,unknown,27.0,41.0,incomplete,False,2.4300863408333333,True,17.625916565219182,28.0,WIN,0.0,,,,,55.18430779893001,56.0,WIN,0.0,,,,,T1-shadow-v1,c17e0de5d818d2124ec9,56.0,56.72563401292889,LOSS,56.55011947012212,LOSS
ncaa,401856690,24,2,2026,3,Oklahoma,New Mexico,2026-09-19T23:30:00+00:00,f6ba8a2d2feb23fea69d3f11,ncaa-d05e246769f11b1972c1,2026-09-18T20:59:22.378036Z,2026-09-20T16:42:18.434539+00:00,unknown,8.0,20.0,early-season,False,26.51045054555556,True,7.478004291990056,22.0,WIN,1.0,,,,,52.170254983837104,45.5,LOSS,0.0,,,,,T1-shadow-v1,c17e0de5d818d2124ec9,45.5,46.22563401292889,LOSS,47.4148194435331,LOSS
ncaa,401856690,1,2,2026,3,Oklahoma,New Mexico,2026-09-19T23:30:00+00:00,143ae5b14dc6166075ea1d23,ncaa-d05e246769f11b1972c1,2026-09-19T20:49:11.689173Z,2026-09-20T16:42:18.434539+00:00,unknown,8.0,20.0,early-season,False,2.6800863408333333,True,7.7246180830816575,21.0,WIN,0.0,,,,,52.17159477655205,45.5,LOSS,0.0,,,,,T1-shadow-v1,c17e0de5d818d2124ec9,45.5,46.22563401292889,LOSS,47.4148194435331,LOSS
ncaa,401856795,24,2,2026,3,Colorado State,BYU,2026-09-19T23:30:00+00:00,38e3dd71eb15bfc38fe00b3b,ncaa-d05e246769f11b1972c1,2026-09-18T20:59:22.378036Z,2026-09-20T16:42:18.434539+00:00,unknown,-18.0,64.0,early-season,False,26.51045054555556,True,-14.051491734916471,-17.0,LOSS,0.0,,,,,56.23611815686234,52.5,WIN,0.0,,,,,T1-shadow-v1,c17e0de5d818d2124ec9,52.5,53.22563401292889,WIN,52.63520144216436,WIN
ncaa,401856795,1,2,2026,3,Colorado State,BYU,2026-09-19T23:30:00+00:00,52be63ac1883cc335e5093ee,ncaa-d05e246769f11b1972c1,2026-09-19T20:49:11.689173Z,2026-09-20T16:42:18.434539+00:00,unknown,-18.0,64.0,early-season,False,2.6800863408333333,True,-14.250225949561951,-17.0,LOSS,0.0,,,,,56.26470919747421,52.5,WIN,0.0,,,,,T1-shadow-v1,c17e0de5d818d2124ec9,52.5,53.22563401292889,WIN,52.63520144216436,WIN
ncaa,401856692,24,2,2026,3,Tennessee,Kennesaw State,2026-09-19T23:45:00+00:00,69aa6fda6ad898e9cc156e69,ncaa-d05e246769f11b1972c1,2026-09-18T20:59:22.378036Z,2026-09-20T16:42:18.434539+00:00,unknown,33.0,51.0,early-season,False,26.76045054555556,True,33.51982887202258,35.5,WIN,0.0,,,,,59.54268089785832,60.0,WIN,0.0,,,,,T1-shadow-v1,c17e0de5d818d2124ec9,60.0,60.72563401292889,LOSS,59.73772314520669,WIN
ncaa,401856692,1,2,2026,3,Tennessee,Kennesaw State,2026-09-19T23:45:00+00:00,e2136fbe193bb854d555ebbc,ncaa-d05e246769f11b1972c1,2026-09-19T20:49:11.689173Z,2026-09-20T16:42:18.434539+00:00,unknown,33.0,51.0,early-season,False,2.9300863408333333,True,33.72045439774832,35.5,WIN,0.0,,,,,59.57584993086415,60.0,WIN,0.0,,,,,T1-shadow-v1,c17e0de5d818d2124ec9,60.0,60.72563401292889,LOSS,59.73772314520669,WIN
ncaa,401862775,24,2,2026,3,Tulsa,East Texas A&M,2026-09-20T00:00:00+00:00,c6a3bb77f55f107b5937d2dc,ncaa-d05e246769f11b1972c1,2026-09-18T20:59:22.378036Z,2026-09-20T16:42:18.434539+00:00,unknown,42.0,42.0,incomplete,True,27.01045054555556,True,19.511128899470965,42.5,WIN,0.0,1.5,41.0,Bovada,2026-09-19T23:35:26.042151+00:00,55.12255026996738,57.5,WIN,1.5,1.5,56.0,Bovada,2026-09-19T23:35:26.042151+00:00,T1-shadow-v1,c17e0de5d818d2124ec9,57.5,58.22563401292889,LOSS,58.96232267903002,LOSS
ncaa,401862775,1,2,2026,3,Tulsa,East Texas A&M,2026-09-20T00:00:00+00:00,35ac72050dc102d61334ea6d,ncaa-d05e246769f11b1972c1,2026-09-19T20:49:11.689173Z,2026-09-20T16:42:18.434539+00:00,unknown,42.0,42.0,incomplete,True,3.1800863408333333,True,19.39435440423956,42.5,WIN,0.0,1.5,41.0,Bovada,2026-09-19T23:35:26.042151+00:00,55.118703246184985,56.0,WIN,0.0,0.0,56.0,Bovada,2026-09-19T23:35:26.042151+00:00,T1-shadow-v1,c17e0de5d818d2124ec9,56.0,56.72563401292889,LOSS,57.46232267903002,LOSS
ncaa,401862776,24,2,2026,3,Louisiana,UAB,2026-09-20T00:00:00+00:00,1e2f710f6b1a253e339813ed,ncaa-d05e246769f11b1972c1,2026-09-18T20:59:22.378036Z,2026-09-20T16:42:18.434539+00:00,unknown,7.0,35.0,early-season,False,27.01045054555556,True,4.609708616474789,7.5,WIN,0.5,0.5,7.0,Bovada,2026-09-19T23:35:26.042151+00:00,53.66841302627024,56.0,WIN,1.0,0.5,55.5,Bovada,2026-09-19T23:35:26.042151+00:00,T1-shadow-v1,c17e0de5d818d2124ec9,56.0,56.72563401292889,LOSS,56.20065090860162,LOSS
ncaa,401862776,1,2,2026,3,Louisiana,UAB,2026-09-20T00:00:00+00:00,edc7dca5a0bad4c6f71515e7,ncaa-d05e246769f11b1972c1,2026-09-19T20:49:11.689173Z,2026-09-20T16:42:18.434539+00:00,unknown,7.0,35.0,early-season,False,3.1800863408333333,True,4.785620297408379,7.0,PUSH,0.0,0.0,7.0,Bovada,2026-09-19T23:35:26.042151+00:00,53.69633296619879,55.0,WIN,0.0,-0.5,55.5,Bovada,2026-09-19T23:35:26.042151+00:00,T1-shadow-v1,c17e0de5d818d2124ec9,55.0,55.72563401292889,LOSS,55.20065090860162,LOSS
ncaa,401856799,24,2,2026,3,TCU,Arkansas State,2026-09-20T00:00:00+00:00,907a2561bdb1d2519348bac4,ncaa-d05e246769f11b1972c1,2026-09-18T20:59:22.378036Z,2026-09-20T16:42:18.434539+00:00,unknown,24.0,38.0,early-season,False,27.01045054555556,True,15.989527012799556,19.0,LOSS,-0.5,,,,,56.012563395672295,56.0,LOSS,0.0,,,,,T1-shadow-v1,c17e0de5d818d2124ec9,56.0,56.72563401292889,LOSS,56.62633835520238,LOSS
ncaa,401856799,1,2,2026,3,TCU,Arkansas State,2026-09-20T00:00:00+00:00,7c63b8b2d324e64d9b4585b7,ncaa-d05e246769f11b1972c1,2026-09-19T20:49:11.689173Z,2026-09-20T16:42:18.434539+00:00,unknown,24.0,38.0,early-season,False,3.1800863408333333,True,16.079063344749542,19.5,LOSS,0.0,,,,,56.03257185765995,56.0,LOSS,0.0,,,,,T1-shadow-v1,c17e0de5d818d2124ec9,56.0,56.72563401292889,LOSS,56.62633835520238,LOSS
ncaa,401860885,24,2,2026,3,Boise State,South Dakota,2026-09-20T02:00:00+00:00,cf7090f35a78fbb023f25be9,ncaa-d05e246769f11b1972c1,2026-09-19T00:25:40.505277Z,2026-09-20T16:42:18.434539+00:00,unknown,14.0,62.0,incomplete,False,25.5720818675,True,18.16905652987877,26.0,WIN,-2.0,,,,,57.40917813303197,57.0,WIN,3.5,,,,,T1-shadow-v1,c17e0de5d818d2124ec9,57.0,57.72563401292889,WIN,56.275277347489,LOSS
ncaa,401860885,1,2,2026,3,Boise State,South Dakota,2026-09-20T02:00:00+00:00,4eef077789b22466cf1487a3,ncaa-d05e246769f11b1972c1,2026-09-20T00:11:43.519289Z,2026-09-20T16:42:18.434539+00:00,unknown,14.0,62.0,incomplete,False,1.8045779752777773,True,18.279532826666724,28.0,WIN,0.0,,,,,57.448087111850576,60.5,LOSS,0.0,,,,,T1-shadow-v1,c17e0de5d818d2124ec9,60.5,61.22563401292889,WIN,59.775277347489,LOSS
ncaa,401860887,24,2,2026,3,San Diego State,James Madison,2026-09-20T02:00:00+00:00,9978d1cf42c08aa207c99fc8,ncaa-d05e246769f11b1972c1,2026-09-19T00:25:40.505277Z,2026-09-20T16:42:18.434539+00:00,unknown,-13.0,39.0,early-season,False,25.5720818675,True,-1.5028092622372438,1.0,WIN,-1.0,,,,,52.51399662327252,46.5,LOSS,0.0,,,,,T1-shadow-v1,c17e0de5d818d2124ec9,46.5,47.22563401292889,LOSS,48.5688796584765,LOSS
ncaa,401860887,1,2,2026,3,San Diego State,James Madison,2026-09-20T02:00:00+00:00,beb23a3c61b549ac52cca5bc,ncaa-d05e246769f11b1972c1,2026-09-20T00:11:43.519289Z,2026-09-20T16:42:18.434539+00:00,unknown,-13.0,39.0,early-season,False,1.8045779752777773,True,-1.51682185710608,2.0,WIN,0.0,,,,,52.51085287759304,46.5,LOSS,0.0,,,,,T1-shadow-v1,c17e0de5d818d2124ec9,46.5,47.22563401292889,LOSS,48.5688796584765,LOSS
ncaa,401856793,24,2,2026,3,Arizona,Northern Illinois,2026-09-20T02:30:00+00:00,ba2957d9245935e5b9e08825,ncaa-d05e246769f11b1972c1,2026-09-19T00:25:40.505277Z,2026-09-20T16:42:18.434539+00:00,unknown,25.0,59.0,early-season,False,26.0720818675,True,32.162493994563654,34.0,WIN,0.0,,,,,52.87563788313721,50.0,WIN,0.0,,,,,T1-shadow-v1,c17e0de5d818d2124ec9,50.0,50.72563401292889,WIN,51.37021151616208,WIN
ncaa,401856793,1,2,2026,3,Arizona,Northern Illinois,2026-09-20T02:30:00+00:00,c606bbb4e39ffb356a8259ad,ncaa-d05e246769f11b1972c1,2026-09-20T00:11:43.519289Z,2026-09-20T16:42:18.434539+00:00,unknown,25.0,59.0,early-season,False,2.3045779752777777,True,32.07461139142762,34.0,WIN,0.0,,,,,52.88826509698768,50.0,WIN,0.0,,,,,T1-shadow-v1,c17e0de5d818d2124ec9,50.0,50.72563401292889,WIN,51.37021151616208,WIN
ncaa,401864507,24,2,2026,3,Sacramento State,North Dakota State,2026-09-20T02:30:00+00:00,bcac6eb085b081567eb86f1a,ncaa-d05e246769f11b1972c1,2026-09-19T00:25:40.505277Z,2026-09-20T16:42:18.434539+00:00,unknown,-21.0,41.0,incomplete,True,26.0720818675,True,-3.246791999934932,-26.5,WIN,0.0,,,,,54.86238980746829,50.5,LOSS,0.0,,,,,T1-shadow-v1,c17e0de5d818d2124ec9,50.5,51.22563401292889,LOSS,51.115748833151954,LOSS
ncaa,401864507,1,2,2026,3,Sacramento State,North Dakota State,2026-09-20T02:30:00+00:00,4ea51567a526ff73a0f56c96,ncaa-d05e246769f11b1972c1,2026-09-20T00:11:43.519289Z,2026-09-20T16:42:18.434539+00:00,unknown,-21.0,41.0,incomplete,True,2.3045779752777777,True,-3.390157767377616,-26.5,WIN,0.0,,,,,54.88537489990206,50.5,LOSS,0.0,,,,,T1-shadow-v1,c17e0de5d818d2124ec9,50.5,51.22563401292889,LOSS,51.115748833151954,LOSS
ncaa,401858458,24,2,2026,3,UCLA,Purdue,2026-09-20T03:00:00+00:00,45864e9c145d2b866e55c68a,ncaa-d05e246769f11b1972c1,2026-09-19T00:25:40.505277Z,2026-09-20T16:42:18.434539+00:00,unknown,14.0,90.0,early-season,False,26.5720818675,True,10.719149291688602,14.0,PUSH,0.5,,,,,52.20550367742727,52.5,LOSS,0.0,,,,,T1-shadow-v1,c17e0de5d818d2124ec9,52.5,53.22563401292889,WIN,53.40472591710184,WIN
ncaa,401858458,1,2,2026,3,UCLA,Purdue,2026-09-20T03:00:00+00:00,03820f2dd6ee850c17bf35cc,ncaa-d05e246769f11b1972c1,2026-09-20T00:11:43.519289Z,2026-09-20T16:42:18.434539+00:00,unknown,14.0,90.0,early-season,False,2.8045779752777777,True,10.724996546161522,13.5,LOSS,0.0,,,,,52.22578015854888,52.5,LOSS,0.0,,,,,T1-shadow-v1,c17e0de5d818d2124ec9,52.5,53.22563401292889,WIN,53.40472591710184,WIN
ncaa,401860886,24,2,2026,3,Oregon State,Montana,2026-09-20T03:00:00+00:00,24d80f4d52178f3c19915956,ncaa-d05e246769f11b1972c1,2026-09-19T00:25:40.505277Z,2026-09-20T16:42:18.434539+00:00,unknown,35.0,69.0,incomplete,False,26.5720818675,False,2.6726837290256635,16.5,LOSS,-1.0,,,,,55.359775342965925,54.0,WIN,2.0,,,,,T1-shadow-v1,c17e0de5d818d2124ec9,54.0,54.72563401292889,WIN,54.88035136231816,WIN
ncaa,401860886,1,2,2026,3,Oregon State,Montana,2026-09-20T03:00:00+00:00,b79a1fee30dad96a7ba56483,ncaa-d05e246769f11b1972c1,2026-09-20T00:11:43.519289Z,2026-09-20T16:42:18.434539+00:00,unknown,35.0,69.0,incomplete,False,2.8045779752777777,False,2.5719592287099635,17.5,LOSS,0.0,,,,,55.37732895185693,56.0,LOSS,0.0,,,,,T1-shadow-v1,c17e0de5d818d2124ec9,56.0,56.72563401292889,WIN,56.88035136231816,WIN
ncaa,401860888,24,2,2026,3,San José State,Fresno State,2026-09-20T03:00:00+00:00,375aef375479ec7c3e584930,ncaa-d05e246769f11b1972c1,2026-09-19T00:25:40.505277Z,2026-09-20T16:42:18.434539+00:00,unknown,-16.0,36.0,early-season,False,26.5720818675,True,1.5839410002513206,-6.5,LOSS,2.0,,,,,53.26529586738273,50.0,LOSS,-2.5,,,,,T1-shadow-v1,c17e0de5d818d2124ec9,50.0,50.72563401292889,LOSS,51.62090002474271,LOSS
ncaa,401860888,1,2,2026,3,San José State,Fresno State,2026-09-20T03:00:00+00:00,745a74549a0f538e5f138041,ncaa-d05e246769f11b1972c1,2026-09-20T00:11:43.519289Z,2026-09-20T16:42:18.434539+00:00,unknown,-16.0,36.0,early-season,False,2.8045779752777777,True,1.575547012372258,-4.5,LOSS,0.0,,,,,53.26844018023097,47.5,LOSS,0.0,,,,,T1-shadow-v1,c17e0de5d818d2124ec9,47.5,48.22563401292889,LOSS,49.12090002474271,LOSS
ncaa,401867908,1,2,2026,3,Long Island University,Villanova,2026-09-19T16:00:00+00:00,833455297b4c67b46f935abc,ncaa-d05e246769f11b1972c1,2026-09-19T12:34:15.536722Z,2026-09-20T16:42:18.434539+00:00,unknown,-4.0,36.0,incomplete,False,3.429017577222222,True,-0.271717376143047,-18.5,WIN,0.0,,,,,49.277226158980326,45.5,LOSS,0.0,,,,,T1-shadow-v1,c17e0de5d818d2124ec9,45.5,46.22563401292889,LOSS,48.14625847472573,LOSS
ncaa,401867817,1,2,2026,3,Columbia,Lafayette,2026-09-19T16:00:00+00:00,1d471a00f323cc93aa09201c,ncaa-d05e246769f11b1972c1,2026-09-19T12:34:15.536722Z,2026-09-20T16:42:18.434539+00:00,unknown,6.0,74.0,incomplete,False,3.429017577222222,True,9.084099466313518,2.5,WIN,0.0,,,,,51.53808578306696,47.5,WIN,0.0,,,,,T1-shadow-v1,c17e0de5d818d2124ec9,47.5,48.22563401292889,WIN,48.9960428705098,WIN
ncaa,401867834,1,2,2026,3,Lehigh,Dartmouth,2026-09-19T16:00:00+00:00,713233eab102f5605f86b8c5,ncaa-d05e246769f11b1972c1,2026-09-19T12:34:15.536722Z,2026-09-20T16:42:18.434539+00:00,unknown,4.0,44.0,incomplete,False,3.429017577222222,True,22.509346153023767,16.5,LOSS,0.0,,,,,52.29736817630421,50.5,LOSS,0.0,,,,,T1-shadow-v1,c17e0de5d818d2124ec9,50.5,51.22563401292889,LOSS,51.02021809372884,LOSS
ncaa,401868242,1,2,2026,3,East Tennessee State,West Georgia,2026-09-19T16:00:00+00:00,779f12d38f165e285ed1a47c,ncaa-d05e246769f11b1972c1,2026-09-19T12:34:15.536722Z,2026-09-20T16:42:18.434539+00:00,unknown,8.0,62.0,incomplete,False,3.429017577222222,True,5.414197371644805,16.5,WIN,0.0,,,,,53.37453062267896,53.5,LOSS,0.0,,,,,T1-shadow-v1,c17e0de5d818d2124ec9,53.5,54.22563401292889,WIN,54.87039772868352,WIN
ncaa,401867805,1,2,2026,3,New Haven,Brown,2026-09-19T16:00:00+00:00,bec9a75e05cdee87a2ad15b3,ncaa-d05e246769f11b1972c1,2026-09-19T12:34:15.536722Z,2026-09-20T16:42:18.434539+00:00,unknown,-7.0,27.0,incomplete,False,3.429017577222222,True,4.39580619344581,-10.0,WIN,0.0,,,,,57.70494725229487,50.5,LOSS,0.0,,,,,T1-shadow-v1,c17e0de5d818d2124ec9,50.5,51.22563401292889,LOSS,51.24868692567884,LOSS
ncaa,401866638,1,2,2026,3,Bryant,Princeton,2026-09-19T17:00:00+00:00,a9ad5ad2c25b3240d3654b1a,ncaa-d05e246769f11b1972c1,2026-09-19T12:34:15.536722Z,2026-09-20T16:42:18.434539+00:00,unknown,7.0,35.0,incomplete,False,4.429017577222222,True,9.109258652029528,-2.5,WIN,0.0,,,,,50.781006657527776,44.5,LOSS,0.0,,,,,T1-shadow-v1,c17e0de5d818d2124ec9,44.5,45.22563401292889,LOSS,46.394452744753885,LOSS
ncaa,401867826,1,2,2026,3,Colgate,Cornell,2026-09-19T17:00:00+00:00,f8fdda931b9379daf160e95d,ncaa-d05e246769f11b1972c1,2026-09-19T12:34:15.536722Z,2026-09-20T16:42:18.434539+00:00,unknown,13.0,27.0,incomplete,False,4.429017577222222,True,13.026989634839396,12.5,WIN,0.0,,,,,52.15432132441153,50.5,LOSS,0.0,,,,,T1-shadow-v1,c17e0de5d818d2124ec9,50.5,51.22563401292889,LOSS,52.1279291551528,LOSS
ncaa,401868397,1,2,2026,3,Davidson,VMI,2026-09-19T17:00:00+00:00,44a0eda09f5c5cfaae6aef10,ncaa-d05e246769f11b1972c1,2026-09-19T12:34:15.536722Z,2026-09-20T16:42:18.434539+00:00,unknown,3.0,51.0,incomplete,True,4.429017577222222,True,16.266554417473177,-4.0,WIN,0.0,,,,,54.340313876364505,42.5,WIN,0.0,,,,,T1-shadow-v1,c17e0de5d818d2124ec9,42.5,43.22563401292889,WIN,43.819369397732686,WIN
ncaa,401867686,1,2,2026,3,Butler,Chicago State,2026-09-19T17:00:00+00:00,b70789eb4ae2ce079295805a,ncaa-d05e246769f11b1972c1,2026-09-19T12:34:15.536722Z,2026-09-20T16:42:18.434539+00:00,unknown,27.0,67.0,incomplete,False,4.429017577222222,True,12.255962486641447,20.5,LOSS,0.0,,,,,52.76412345566263,54.5,LOSS,0.0,,,,,T1-shadow-v1,c17e0de5d818d2124ec9,54.5,55.22563401292889,WIN,55.59978639886047,WIN
ncaa,401866639,1,2,2026,3,New Hampshire,Harvard,2026-09-19T17:00:00+00:00,94db5ca17627128348ce334f,ncaa-d05e246769f11b1972c1,2026-09-19T12:34:15.536722Z,2026-09-20T16:42:18.434539+00:00,unknown,-24.0,38.0,incomplete,False,4.429017577222222,True,-1.8412782858198689,-15.5,LOSS,0.0,,,,,55.133689041737085,52.5,LOSS,0.0,,,,,T1-shadow-v1,c17e0de5d818d2124ec9,52.5,53.22563401292889,LOSS,52.12678057082984,WIN
ncaa,401867857,1,2,2026,3,Indiana State,Valparaiso,2026-09-19T17:00:00+00:00,35083433893bac7a28670cda,ncaa-d05e246769f11b1972c1,2026-09-19T12:34:15.536722Z,2026-09-20T16:42:18.434539+00:00,unknown,23.0,55.0,incomplete,False,4.429017577222222,True,16.412440566903243,24.5,WIN,0.0,,,,,55.720243015592686,55.5,LOSS,0.0,,,,,T1-shadow-v1,c17e0de5d818d2124ec9,55.5,56.22563401292889,LOSS,56.30063484699043,LOSS
ncaa,401868023,1,2,2026,3,Holy Cross,Yale,2026-09-19T18:00:00+00:00,fa779c9290520854a3fb6bd0,ncaa-d05e246769f11b1972c1,2026-09-19T12:34:15.536722Z,2026-09-20T16:42:18.434539+00:00,unknown,-10.0,66.0,incomplete,False,5.429017577222222,True,-4.033264492000567,-21.0,WIN,0.0,,,,,53.18319217054618,50.5,WIN,0.0,,,,,T1-shadow-v1,c17e0de5d818d2124ec9,50.5,51.22563401292889,WIN,51.95310129614873,WIN
ncaa,401868159,1,2,2026,3,St. Thomas (MN),Southern Utah,2026-09-19T18:00:00+00:00,611a441635769ed94dcf2a59,ncaa-d05e246769f11b1972c1,2026-09-19T12:34:15.536722Z,2026-09-20T16:42:18.434539+00:00,unknown,2.0,54.0,incomplete,True,5.429017577222222,True,8.246424501919408,-14.0,WIN,1.5,,,,,55.63570187098404,57.5,WIN,-5.0,,,,,T1-shadow-v1,c17e0de5d818d2124ec9,57.5,58.22563401292889,LOSS,57.713600180452325,LOSS
ncaa,401866634,1,2,2026,3,Stony Brook,Rhode Island,2026-09-19T18:30:00+00:00,7b8f46aefdc91bda7ca777ae,ncaa-d05e246769f11b1972c1,2026-09-19T17:19:39.978555Z,2026-09-20T16:42:18.434539+00:00,unknown,32.0,80.0,incomplete,False,1.1722281791666669,False,0.4490308669936289,-9.5,WIN,0.0,,,,,56.23778246758933,51.5,WIN,0.0,,,,,T1-shadow-v1,c17e0de5d818d2124ec9,51.5,52.22563401292889,WIN,52.48987769999095,WIN
ncaa,401868275,1,2,2026,3,Western Carolina,Presbyterian,2026-09-19T18:30:00+00:00,69dbd9aa8798776a5f95e1ed,ncaa-d05e246769f11b1972c1,2026-09-19T17:19:39.978555Z,2026-09-20T16:42:18.434539+00:00,unknown,44.0,72.0,incomplete,False,1.1722281791666669,False,13.805323684128131,33.5,LOSS,0.0,,,,,58.82283559029391,66.5,LOSS,0.0,,,,,T1-shadow-v1,c17e0de5d818d2124ec9,66.5,67.2256340129289,WIN,66.30552790004097,LOSS
ncaa,401867846,1,2,2026,3,Illinois State,Eastern Illinois,2026-09-19T19:00:00+00:00,539e7636562a8368d942344b,ncaa-d05e246769f11b1972c1,2026-09-19T17:19:39.978555Z,2026-09-20T16:42:18.434539+00:00,unknown,36.0,62.0,incomplete,False,1.6722281791666669,True,22.612233334049588,29.5,LOSS,0.0,,,,,52.65374796518822,53.5,LOSS,0.0,,,,,T1-shadow-v1,c17e0de5d818d2124ec9,53.5,54.22563401292889,WIN,54.90400533684625,WIN
ncaa,401867991,1,2,2026,3,Bucknell,Pennsylvania,2026-09-19T19:00:00+00:00,efdd82a237fb183552b765f3,ncaa-d05e246769f11b1972c1,2026-09-19T17:19:39.978555Z,2026-09-20T16:42:18.434539+00:00,unknown,-13.0,27.0,incomplete,False,1.6722281791666669,True,5.888768385641409,-3.5,LOSS,0.0,,,,,53.609379829943904,46.5,LOSS,0.0,,,,,T1-shadow-v1,c17e0de5d818d2124ec9,46.5,47.22563401292889,LOSS,46.96042690011706,LOSS
ncaa,401867898,1,2,2026,3,Montana State,Central Connecticut,2026-09-19T19:00:00+00:00,0d4fc682ea5b2afd31c6c63d,ncaa-d05e246769f11b1972c1,2026-09-19T17:19:39.978555Z,2026-09-20T16:42:18.434539+00:00,unknown,5.0,65.0,incomplete,False,1.6722281791666669,False,33.16224194960416,39.0,WIN,0.0,,,,,54.8996574581877,60.0,LOSS,0.0,,,,,T1-shadow-v1,c17e0de5d818d2124ec9,60.0,60.72563401292889,WIN,60.57669120310244,WIN
ncaa,401866635,1,2,2026,3,UAlbany,Monmouth,2026-09-19T19:30:00+00:00,7aa6ff725dcdbe758b930020,ncaa-d05e246769f11b1972c1,2026-09-19T17:19:39.978555Z,2026-09-20T16:42:18.434539+00:00,unknown,-8.0,48.0,incomplete,False,2.172228179166667,True,4.959321316956117,-2.5,LOSS,0.0,,,,,53.16751271992539,50.5,LOSS,0.0,,,,,T1-shadow-v1,c17e0de5d818d2124ec9,50.5,51.22563401292889,LOSS,51.57117379678729,LOSS
ncaa,401868018,1,2,2026,3,Richmond,Georgetown,2026-09-19T19:30:00+00:00,d78ef59316cb645efeed16fe,ncaa-d05e246769f11b1972c1,2026-09-19T17:19:39.978555Z,2026-09-20T16:42:18.434539+00:00,unknown,3.0,45.0,incomplete,False,2.172228179166667,True,20.489066465491803,15.5,LOSS,0.0,,,,,52.62610367662021,47.5,LOSS,0.0,,,,,T1-shadow-v1,c17e0de5d818d2124ec9,47.5,48.22563401292889,LOSS,49.639219200622136,LOSS
ncaa,401866641,1,2,2026,3,Norfolk State,Hampton,2026-09-19T20:00:00+00:00,1549785428cf0beb97e53c46,ncaa-d05e246769f11b1972c1,2026-09-19T17:19:39.978555Z,2026-09-20T16:42:18.434539+00:00,unknown,21.0,63.0,incomplete,False,2.672228179166667,True,16.270152011667356,6.5,WIN,0.0,-1.0,5.5,DraftKings,2026-09-19T19:36:13.880939+00:00,51.290868166016885,50.5,WIN,0.0,-1.0,49.5,DraftKings,2026-09-19T19:36:13.880939+00:00,T1-shadow-v1,c17e0de5d818d2124ec9,50.5,51.22563401292889,WIN,52.26568414104212,WIN
ncaa,401868051,1,2,2026,3,Idaho,Abilene Christian,2026-09-19T20:00:00+00:00,56785992a01602cad0f0ed6c,ncaa-d05e246769f11b1972c1,2026-09-19T17:19:39.978555Z,2026-09-20T16:42:18.434539+00:00,unknown,-2.0,80.0,incomplete,False,2.672228179166667,True,16.860783230041342,-1.5,LOSS,0.0,0.0,-1.5,DraftKings,2026-09-19T19:36:13.880939+00:00,54.02597428304643,56.5,LOSS,0.0,1.0,55.5,DraftKings,2026-09-19T19:36:13.880939+00:00,T1-shadow-v1,c17e0de5d818d2124ec9,56.5,57.22563401292889,WIN,57.1591618194616,WIN
ncaa,401866636,24,2,2026,3,Campbell,North Carolina A&T,2026-09-19T22:00:00+00:00,3a84d1fd769cc959cb07b4ff,ncaa-d05e246769f11b1972c1,2026-09-18T20:59:22.378036Z,2026-09-20T16:42:18.434539+00:00,unknown,28.0,56.0,incomplete,False,25.01045054555556,True,14.302355722111905,20.5,LOSS,0.0,,,,,54.28870398497757,56.5,WIN,0.0,,,,,T1-shadow-v1,c17e0de5d818d2124ec9,56.5,57.22563401292889,LOSS,57.43145007833351,LOSS
ncaa,401866636,1,2,2026,3,Campbell,North Carolina A&T,2026-09-19T22:00:00+00:00,357df595c394cd9e8a6e5623,ncaa-d05e246769f11b1972c1,2026-09-19T20:49:11.689173Z,2026-09-20T16:42:18.434539+00:00,unknown,28.0,56.0,incomplete,False,1.1800863408333333,True,14.303106100536136,20.5,LOSS,0.0,,,,,54.305127171827976,56.5,WIN,0.0,,,,,T1-shadow-v1,c17e0de5d818d2124ec9,56.5,57.22563401292889,LOSS,57.43145007833351,LOSS
ncaa,401866640,24,2,2026,3,Towson,Morgan State,2026-09-19T22:00:00+00:00,16befe938890456514111c62,ncaa-d05e246769f11b1972c1,2026-09-18T20:59:22.378036Z,2026-09-20T16:42:18.434539+00:00,unknown,-15.0,67.0,incomplete,False,25.01045054555556,False,14.33047720455586,10.0,LOSS,-1.5,,,,,53.520676378925714,44.5,WIN,0.0,,,,,T1-shadow-v1,c17e0de5d818d2124ec9,44.5,45.22563401292889,WIN,45.51061344693018,WIN
ncaa,401866640,1,2,2026,3,Towson,Morgan State,2026-09-19T22:00:00+00:00,2cc33f1b9a9a6d66b1c0cf15,ncaa-d05e246769f11b1972c1,2026-09-19T20:49:11.689173Z,2026-09-20T16:42:18.434539+00:00,unknown,-15.0,67.0,incomplete,False,1.1800863408333333,False,14.331305129491266,8.5,LOSS,0.0,,,,,53.53708128731383,44.5,WIN,0.0,,,,,T1-shadow-v1,c17e0de5d818d2124ec9,44.5,45.22563401292889,WIN,45.51061344693018,WIN
ncaa,401868337,24,2,2026,3,Chattanooga,Wofford,2026-09-19T22:00:00+00:00,9978027643373da7d9fae25a,ncaa-d05e246769f11b1972c1,2026-09-18T20:59:22.378036Z,2026-09-20T16:42:18.434539+00:00,unknown,34.0,48.0,incomplete,False,25.01045054555556,False,7.92216281444632,1.5,WIN,0.0,,,,,48.16610154738113,43.5,WIN,0.0,,,,,T1-shadow-v1,c17e0de5d818d2124ec9,43.5,44.22563401292889,WIN,46.74727820909056,WIN
ncaa,401868337,1,2,2026,3,Chattanooga,Wofford,2026-09-19T22:00:00+00:00,5b92575590025a4da02d624f,ncaa-d05e246769f11b1972c1,2026-09-19T20:49:11.689173Z,2026-09-20T16:42:18.434539+00:00,unknown,34.0,48.0,incomplete,False,1.1800863408333333,False,7.795597260355912,1.5,WIN,0.0,,,,,48.15169613142236,43.5,WIN,0.0,,,,,T1-shadow-v1,c17e0de5d818d2124ec9,43.5,44.22563401292889,WIN,46.74727820909056,WIN
ncaa,401868009,24,2,2026,3,William & Mary,Fordham,2026-09-19T22:00:00+00:00,5e2318e0fabf6e5e372efc35,ncaa-d05e246769f11b1972c1,2026-09-18T20:59:22.378036Z,2026-09-20T16:42:18.434539+00:00,unknown,-25.0,79.0,incomplete,False,25.01045054555556,False,13.677262992046131,19.5,WIN,3.0,,,,,51.66119849669092,51.5,WIN,0.0,,,,,T1-shadow-v1,c17e0de5d818d2124ec9,51.5,52.22563401292889,WIN,53.66717418393949,WIN
ncaa,401868009,1,2,2026,3,William & Mary,Fordham,2026-09-19T22:00:00+00:00,b1fa77ecbc62a27328d46fed,ncaa-d05e246769f11b1972c1,2026-09-19T20:49:11.689173Z,2026-09-20T16:42:18.434539+00:00,unknown,-25.0,79.0,incomplete,False,1.1800863408333333,False,13.64577858918475,16.5,WIN,0.0,,,,,51.65830547664552,51.5,WIN,0.0,,,,,T1-shadow-v1,c17e0de5d818d2124ec9,51.5,52.22563401292889,WIN,53.66717418393949,WIN
ncaa,401868142,24,2,2026,3,Eastern Kentucky,Dayton,2026-09-19T22:00:00+00:00,6e9832e7fd3c7e3d949290fd,ncaa-d05e246769f11b1972c1,2026-09-18T20:59:22.378036Z,2026-09-20T16:42:18.434539+00:00,unknown,-3.0,31.0,incomplete,False,25.01045054555556,True,5.590062721463863,11.5,WIN,0.0,,,,,49.942789023745455,46.5,LOSS,0.0,,,,,T1-shadow-v1,c17e0de5d818d2124ec9,46.5,47.22563401292889,LOSS,48.98308068824945,LOSS
ncaa,401868142,1,2,2026,3,Eastern Kentucky,Dayton,2026-09-19T22:00:00+00:00,1fd3bec209d021b2d5f6fe3b,ncaa-d05e246769f11b1972c1,2026-09-19T20:49:11.689173Z,2026-09-20T16:42:18.434539+00:00,unknown,-3.0,31.0,incomplete,False,1.1800863408333333,True,5.54404458042222,11.5,WIN,0.0,,,,,49.94024126879245,46.5,LOSS,0.0,,,,,T1-shadow-v1,c17e0de5d818d2124ec9,46.5,47.22563401292889,LOSS,48.98308068824945,LOSS
ncaa,401867979,24,2,2026,3,Gardner-Webb,North Carolina Central,2026-09-19T22:00:00+00:00,0e941cbef2ecaff3b7cde5d9,ncaa-d05e246769f11b1972c1,2026-09-18T20:59:22.378036Z,2026-09-20T16:42:18.434539+00:00,unknown,24.0,64.0,incomplete,False,25.01045054555556,True,6.2025634543157775,7.0,LOSS,0.0,,,,,55.48777941698155,51.5,WIN,2.0,,,,,T1-shadow-v1,c17e0de5d818d2124ec9,51.5,52.22563401292889,WIN,52.63592332104292,WIN
ncaa,401867979,1,2,2026,3,Gardner-Webb,North Carolina Central,2026-09-19T22:00:00+00:00,cf75030e8b671137d086248a,ncaa-d05e246769f11b1972c1,2026-09-19T20:49:11.689173Z,2026-09-20T16:42:18.434539+00:00,unknown,24.0,64.0,incomplete,False,1.1800863408333333,True,6.142856247019151,7.0,LOSS,0.0,,,,,55.49606278755172,53.5,WIN,0.0,,,,,T1-shadow-v1,c17e0de5d818d2124ec9,53.5,54.22563401292889,WIN,54.63592332104292,WIN
ncaa,401866637,24,2,2026,3,Elon,Sacred Heart,2026-09-19T22:00:00+00:00,88a68530d05a3c7ab537d397,ncaa-d05e246769f11b1972c1,2026-09-18T20:59:22.378036Z,2026-09-20T16:42:18.434539+00:00,unknown,3.0,45.0,incomplete,False,25.01045054555556,True,10.18656204825511,15.5,WIN,3.0,,,,,53.7850313510617,49.5,LOSS,-3.0,,,,,T1-shadow-v1,c17e0de5d818d2124ec9,49.5,50.22563401292889,LOSS,50.32281868742871,LOSS
ncaa,401866637,1,2,2026,3,Elon,Sacred Heart,2026-09-19T22:00:00+00:00,0aa4354e01af1eb533a67f42,ncaa-d05e246769f11b1972c1,2026-09-19T20:49:11.689173Z,2026-09-20T16:42:18.434539+00:00,unknown,3.0,45.0,incomplete,False,1.1800863408333333,True,10.216436165531489,12.5,WIN,0.0,,,,,53.80389559911637,46.5,LOSS,0.0,,,,,T1-shadow-v1,c17e0de5d818d2124ec9,46.5,47.22563401292889,LOSS,47.32281868742871,LOSS
ncaa,401867896,24,2,2026,3,South Dakota State,Youngstown State,2026-09-19T23:00:00+00:00,d52625979ac744e59dfae729,ncaa-d05e246769f11b1972c1,2026-09-18T20:59:22.378036Z,2026-09-20T16:42:18.434539+00:00,unknown,7.0,47.0,incomplete,False,26.01045054555556,True,12.630417764814776,10.0,LOSS,-0.5,,,,,60.231917613877016,59.5,LOSS,0.0,,,,,T1-shadow-v1,c17e0de5d818d2124ec9,59.5,60.22563401292889,LOSS,57.73320266242821,WIN
ncaa,401867896,1,2,2026,3,South Dakota State,Youngstown State,2026-09-19T23:00:00+00:00,0ac48cfc9dfca990398cede0,ncaa-d05e246769f11b1972c1,2026-09-19T20:49:11.689173Z,2026-09-20T16:42:18.434539+00:00,unknown,7.0,47.0,incomplete,False,2.1800863408333333,True,12.685948814344863,9.5,LOSS,0.0,,,,,60.284268801790496,59.5,LOSS,0.0,,,,,T1-shadow-v1,c17e0de5d818d2124ec9,59.5,60.22563401292889,LOSS,57.73320266242821,WIN
ncaa,401868133,24,2,2026,3,Southeast Missouri State,Central Arkansas,2026-09-19T23:00:00+00:00,751f88f92c17522957a535e1,ncaa-d05e246769f11b1972c1,2026-09-18T20:59:22.378036Z,2026-09-20T16:42:18.434539+00:00,unknown,18.0,36.0,incomplete,False,26.01045054555556,True,3.978051168490597,3.0,WIN,1.0,,,,,57.2039090329607,54.5,LOSS,0.0,,,,,T1-shadow-v1,c17e0de5d818d2124ec9,54.5,55.22563401292889,LOSS,55.43501374706245,LOSS
ncaa,401868133,1,2,2026,3,Southeast Missouri State,Central Arkansas,2026-09-19T23:00:00+00:00,9c9156d707c66c38f6ff0d56,ncaa-d05e246769f11b1972c1,2026-09-19T20:49:11.689173Z,2026-09-20T16:42:18.434539+00:00,unknown,18.0,36.0,incomplete,False,2.1800863408333333,True,3.97540793145184,4.0,LOSS,0.0,,,,,57.20962581232761,54.5,LOSS,0.0,,,,,T1-shadow-v1,c17e0de5d818d2124ec9,54.5,55.22563401292889,LOSS,55.43501374706245,LOSS
ncaa,401868151,24,2,2026,3,North Alabama,Alcorn State,2026-09-19T23:00:00+00:00,af14270b5c8659f6fd4a3066,ncaa-d05e246769f11b1972c1,2026-09-18T20:59:22.378036Z,2026-09-20T16:42:18.434539+00:00,unknown,18.0,58.0,incomplete,False,26.01045054555556,True,12.531683573847005,13.5,LOSS,0.0,,,,,57.10198717231956,52.5,WIN,0.0,,,,,T1-shadow-v1,c17e0de5d818d2124ec9,52.5,53.22563401292889,WIN,53.36620275796653,WIN
ncaa,401868151,1,2,2026,3,North Alabama,Alcorn State,2026-09-19T23:00:00+00:00,02b6804de2306387a6973afd,ncaa-d05e246769f11b1972c1,2026-09-19T20:49:11.689173Z,2026-09-20T16:42:18.434539+00:00,unknown,18.0,58.0,incomplete,False,2.1800863408333333,True,12.40240208784997,13.5,LOSS,0.0,,,,,57.11047226458068,52.5,WIN,0.0,,,,,T1-shadow-v1,c17e0de5d818d2124ec9,52.5,53.22563401292889,WIN,53.36620275796653,WIN
ncaa,401869147,24,2,2026,3,Incarnate Word,Houston Christian,2026-09-19T23:00:00+00:00,2f4fe6fdf6d79683d9af2e32,ncaa-d05e246769f11b1972c1,2026-09-18T20:59:22.378036Z,2026-09-20T16:42:18.434539+00:00,unknown,7.0,53.0,incomplete,False,26.01045054555556,True,17.158695454660588,14.0,LOSS,0.0,,,,,56.40578491800909,50.5,WIN,0.0,,,,,T1-shadow-v1,c17e0de5d818d2124ec9,50.5,51.22563401292889,WIN,51.62700592240508,WIN
ncaa,401869147,1,2,2026,3,Incarnate Word,Houston Christian,2026-09-19T23:00:00+00:00,ab0398c403d5ec8f00420672,ncaa-d05e246769f11b1972c1,2026-09-19T20:49:11.689173Z,2026-09-20T16:42:18.434539+00:00,unknown,7.0,53.0,incomplete,False,2.1800863408333333,True,17.162825924087294,14.0,LOSS,0.0,,,,,56.40964481294804,50.5,WIN,0.0,,,,,T1-shadow-v1,c17e0de5d818d2124ec9,50.5,51.22563401292889,WIN,51.62700592240508,WIN
ncaa,401867984,24,2,2026,3,Furman,South Carolina State,2026-09-19T23:00:00+00:00,da0c2567f4fdbe2ca1714663,ncaa-d05e246769f11b1972c1,2026-09-18T20:59:22.378036Z,2026-09-20T16:42:18.434539+00:00,unknown,-3.0,37.0,incomplete,False,26.01045054555556,True,2.845698752321035,-9.5,WIN,5.0,,,,,55.03477994469789,46.5,LOSS,0.0,,,,,T1-shadow-v1,c17e0de5d818d2124ec9,46.5,47.22563401292889,LOSS,48.02590216252876,LOSS
ncaa,401867984,1,2,2026,3,Furman,South Carolina State,2026-09-19T23:00:00+00:00,cf30915cab9888b9cf1e44f4,ncaa-d05e246769f11b1972c1,2026-09-19T20:49:11.689173Z,2026-09-20T16:42:18.434539+00:00,unknown,-3.0,37.0,incomplete,False,2.1800863408333333,True,2.727858695511475,-4.5,WIN,0.0,,,,,55.03354753750438,46.5,LOSS,0.0,,,,,T1-shadow-v1,c17e0de5d818d2124ec9,46.5,47.22563401292889,LOSS,48.02590216252876,LOSS
ncaa,401868237,24,2,2026,3,Tarleton State,Merrimack,2026-09-19T23:00:00+00:00,9f3f24ac714284de285a4e01,ncaa-d05e246769f11b1972c1,2026-09-18T20:59:22.378036Z,2026-09-20T16:42:18.434539+00:00,unknown,25.0,65.0,incomplete,False,26.01045054555556,True,23.70050848229342,32.5,WIN,0.0,,,,,56.82205056257176,58.5,LOSS,4.0,,,,,T1-shadow-v1,c17e0de5d818d2124ec9,58.5,59.22563401292889,WIN,59.216032790324576,WIN
ncaa,401868237,1,2,2026,3,Tarleton State,Merrimack,2026-09-19T23:00:00+00:00,2bddab66b2e80b8e8660b76c,ncaa-d05e246769f11b1972c1,2026-09-19T20:49:11.689173Z,2026-09-20T16:42:18.434539+00:00,unknown,25.0,65.0,incomplete,False,2.1800863408333333,True,23.815415764682896,32.5,WIN,0.0,,,,,56.8400855857103,54.5,WIN,0.0,,,,,T1-shadow-v1,c17e0de5d818d2124ec9,54.5,55.22563401292889,WIN,55.216032790324576,WIN
ncaa,401868062,24,2,2026,3,West Florida,Austin Peay,2026-09-19T23:00:00+00:00,9b0b399a947038ebbfc55c24,ncaa-d05e246769f11b1972c1,2026-09-18T20:59:22.378036Z,2026-09-20T16:42:18.434539+00:00,unknown,-22.0,54.0,incomplete,False,26.01045054555556,True,-2.761248138137608,-9.5,LOSS,-2.0,,,,,57.51852313102831,55.5,LOSS,-0.5,,,,,T1-shadow-v1,c17e0de5d818d2124ec9,55.5,56.22563401292889,LOSS,55.899225140081846,LOSS
ncaa,401868062,1,2,2026,3,West Florida,Austin Peay,2026-09-19T23:00:00+00:00,a0e9587bed26ecf8e8436bf5,ncaa-d05e246769f11b1972c1,2026-09-19T20:49:11.689173Z,2026-09-20T16:42:18.434539+00:00,unknown,-22.0,54.0,incomplete,False,2.1800863408333333,True,-2.8233296072180094,-11.5,LOSS,0.0,,,,,57.54033039016038,55.0,LOSS,0.0,,,,,T1-shadow-v1,c17e0de5d818d2124ec9,55.0,55.72563401292889,LOSS,55.399225140081846,LOSS
ncaa,401868196,24,2,2026,3,Florida A&M,Tennessee State,2026-09-19T23:00:00+00:00,f06b22893749e25f05a11211,ncaa-d05e246769f11b1972c1,2026-09-18T20:59:22.378036Z,2026-09-20T16:42:18.434539+00:00,unknown,-3.0,55.0,incomplete,False,26.01045054555556,True,14.465144772743216,3.5,LOSS,-0.5,,,,,51.44224488125824,47.5,WIN,0.0,,,,,T1-shadow-v1,c17e0de5d818d2124ec9,47.5,48.22563401292889,WIN,49.688786297217824,WIN
ncaa,401868196,1,2,2026,3,Florida A&M,Tennessee State,2026-09-19T23:00:00+00:00,6a8142793c4920b010746ca2,ncaa-d05e246769f11b1972c1,2026-09-19T20:49:11.689173Z,2026-09-20T16:42:18.434539+00:00,unknown,-3.0,55.0,incomplete,False,2.1800863408333333,True,14.445851350211566,3.0,LOSS,0.0,,,,,51.4397816665074,47.5,WIN,0.0,,,,,T1-shadow-v1,c17e0de5d818d2124ec9,47.5,48.22563401292889,WIN,49.688786297217824,WIN
ncaa,401868205,24,2,2026,3,Western Illinois,Morehead State,2026-09-19T23:00:00+00:00,71cb4c7a9d682efc3da6d160,ncaa-d05e246769f11b1972c1,2026-09-18T20:59:22.378036Z,2026-09-20T16:42:18.434539+00:00,unknown,57.0,61.0,incomplete,False,26.01045054555556,False,12.724197458066453,20.5,LOSS,0.0,,,,,56.7506987321084,59.5,LOSS,-2.0,,,,,T1-shadow-v1,c17e0de5d818d2124ec9,59.5,60.22563401292889,WIN,59.90579121350325,WIN
ncaa,401868205,1,2,2026,3,Western Illinois,Morehead State,2026-09-19T23:00:00+00:00,98689cc6ead3bca696d3e846,ncaa-d05e246769f11b1972c1,2026-09-19T20:49:11.689173Z,2026-09-20T16:42:18.434539+00:00,unknown,57.0,61.0,incomplete,False,2.1800863408333333,False,12.681604391871687,20.5,LOSS,0.0,,,,,56.77202764856451,61.5,WIN,0.0,,,,,T1-shadow-v1,c17e0de5d818d2124ec9,61.5,62.22563401292889,LOSS,61.90579121350325,LOSS
ncaa,401868247,24,2,2026,3,UT Rio Grande Valley,McNeese,2026-09-20T00:00:00+00:00,952d0b7d3abd864d1656db54,ncaa-d05e246769f11b1972c1,2026-09-18T20:59:22.378036Z,2026-09-20T16:42:18.434539+00:00,unknown,17.0,37.0,incomplete,False,27.01045054555556,True,13.419329637373917,5.5,WIN,0.0,,,,,53.11117260997578,52.5,LOSS,0.0,,,,,T1-shadow-v1,c17e0de5d818d2124ec9,52.5,53.22563401292889,LOSS,53.530338171035424,LOSS
ncaa,401868247,1,2,2026,3,UT Rio Grande Valley,McNeese,2026-09-20T00:00:00+00:00,5de4ffe63dad372c92fb9801,ncaa-d05e246769f11b1972c1,2026-09-19T20:49:11.689173Z,2026-09-20T16:42:18.434539+00:00,unknown,17.0,37.0,incomplete,False,3.1800863408333333,True,13.427921356718862,5.5,WIN,0.0,,,,,53.12787153837684,52.5,LOSS,0.0,,,,,T1-shadow-v1,c17e0de5d818d2124ec9,52.5,53.22563401292889,LOSS,53.530338171035424,LOSS
ncaa,401868124,24,2,2026,3,Utah Tech,Northern Arizona,2026-09-20T00:00:00+00:00,a3385250cf03c48755ae5125,ncaa-d05e246769f11b1972c1,2026-09-18T20:59:22.378036Z,2026-09-20T16:42:18.434539+00:00,unknown,-12.0,58.0,incomplete,False,27.01045054555556,True,-2.104445786396921,-21.5,WIN,5.0,,,,,53.075352314108606,53.5,LOSS,2.0,,,,,T1-shadow-v1,c17e0de5d818d2124ec9,53.5,54.22563401292889,WIN,55.19400873376512,WIN
ncaa,401868124,1,2,2026,3,Utah Tech,Northern Arizona,2026-09-20T00:00:00+00:00,74c51aff6aba7c5632db76bd,ncaa-d05e246769f11b1972c1,2026-09-19T20:49:11.689173Z,2026-09-20T16:42:18.434539+00:00,unknown,-12.0,58.0,incomplete,False,3.1800863408333333,True,-2.268310541127517,-16.5,WIN,0.0,,,,,53.0798484256449,51.5,WIN,0.0,,,,,T1-shadow-v1,c17e0de5d818d2124ec9,51.5,52.22563401292889,WIN,53.19400873376512,WIN
ncaa,401868307,24,2,2026,3,Prairie View A&M,Stephen F. Austin,2026-09-20T00:00:00+00:00,7dd0896ff29de639522e894d,ncaa-d05e246769f11b1972c1,2026-09-18T20:59:22.378036Z,2026-09-20T16:42:18.434539+00:00,unknown,-21.0,41.0,incomplete,False,27.01045054555556,True,-2.583156186864876,-16.5,LOSS,0.0,,,,,55.171809443590696,50.5,LOSS,2.0,,,,,T1-shadow-v1,c17e0de5d818d2124ec9,50.5,51.22563401292889,LOSS,51.516337863939725,LOSS
ncaa,401868307,1,2,2026,3,Prairie View A&M,Stephen F. Austin,2026-09-20T00:00:00+00:00,24e38ac07fadad1fefa494e0,ncaa-d05e246769f11b1972c1,2026-09-19T20:49:11.689173Z,2026-09-20T16:42:18.434539+00:00,unknown,-21.0,41.0,incomplete,False,3.1800863408333333,True,-2.730500622119896,-16.5,LOSS,0.0,,,,,55.18477514453995,52.5,LOSS,0.0,,,,,T1-shadow-v1,c17e0de5d818d2124ec9,52.5,53.22563401292889,LOSS,53.516337863939725,LOSS
ncaa,401868075,24,2,2026,3,Cal Poly,San Diego,2026-09-20T00:00:00+00:00,03ee0ed3de5b4992a5b930e8,ncaa-d05e246769f11b1972c1,2026-09-18T20:59:22.378036Z,2026-09-20T16:42:18.434539+00:00,unknown,-3.0,73.0,incomplete,False,27.01045054555556,True,18.158713965763308,19.5,WIN,2.0,,,,,56.07269832384542,58.5,LOSS,1.0,,,,,T1-shadow-v1,c17e0de5d818d2124ec9,58.5,59.22563401292889,WIN,59.3230915106134,WIN
ncaa,401868075,1,2,2026,3,Cal Poly,San Diego,2026-09-20T00:00:00+00:00,93972bf903a9a0999ca4d670,ncaa-d05e246769f11b1972c1,2026-09-19T20:49:11.689173Z,2026-09-20T16:42:18.434539+00:00,unknown,-3.0,73.0,incomplete,False,3.1800863408333333,True,18.17921749958745,17.5,LOSS,0.0,,,,,56.08656359513923,57.5,LOSS,0.0,,,,,T1-shadow-v1,c17e0de5d818d2124ec9,57.5,58.22563401292889,WIN,58.3230915106134,WIN
ncaa,401868168,24,2,2026,3,Weber State,Northwestern State,2026-09-20T00:00:00+00:00,e900ba8b26c6aa6153df2329,ncaa-d05e246769f11b1972c1,2026-09-18T20:59:22.378036Z,2026-09-20T16:42:18.434539+00:00,unknown,29.0,69.0,incomplete,True,27.01045054555556,True,14.34970465913836,34.5,WIN,0.0,-1.0,35.5,DraftKings,2026-09-19T23:35:26.042151+00:00,57.06449422869805,54.5,WIN,2.0,2.0,56.5,DraftKings,2026-09-19T23:35:26.042151+00:00,T1-shadow-v1,c17e0de5d818d2124ec9,54.5,55.22563401292889,WIN,55.37374764238636,WIN
ncaa,401868168,1,2,2026,3,Weber State,Northwestern State,2026-09-20T00:00:00+00:00,45124d1b43ea88e887259007,ncaa-d05e246769f11b1972c1,2026-09-19T20:49:11.689173Z,2026-09-20T16:42:18.434539+00:00,unknown,29.0,69.0,incomplete,True,3.1800863408333333,True,14.495510446091554,34.5,WIN,0.0,-1.0,35.5,DraftKings,2026-09-19T23:35:26.042151+00:00,57.074369111865245,56.5,WIN,0.0,0.0,56.5,DraftKings,2026-09-19T23:35:26.042151+00:00,T1-shadow-v1,c17e0de5d818d2124ec9,56.5,57.22563401292889,WIN,57.37374764238636,WIN
ncaa,401868164,24,2,2026,3,UC Davis,Stetson,2026-09-20T02:00:00+00:00,e46221294afb77978ed13471,ncaa-d05e246769f11b1972c1,2026-09-19T00:25:40.505277Z,2026-09-20T16:42:18.434539+00:00,unknown,38.0,52.0,incomplete,False,25.5720818675,True,28.05653535798753,47.5,WIN,0.0,,,,,56.76706164513661,65.5,WIN,1.0,,,,,T1-shadow-v1,c17e0de5d818d2124ec9,65.5,66.2256340129289,LOSS,66.38293969807424,LOSS
ncaa,401868164,1,2,2026,3,UC Davis,Stetson,2026-09-20T02:00:00+00:00,b775d69cb4dcd5fc80a5eef8,ncaa-d05e246769f11b1972c1,2026-09-20T00:11:43.519289Z,2026-09-20T16:42:18.434539+00:00,unknown,38.0,52.0,incomplete,False,1.8045779752777773,True,28.156769946614663,47.5,WIN,0.0,,,,,56.78243602422834,64.5,WIN,0.0,,,,,T1-shadow-v1,c17e0de5d818d2124ec9,64.5,65.2256340129289,LOSS,65.38293969807424,LOSS
nfl,2026_02_PHI_TEN,24,2,2026,2,TEN,PHI,2026-09-20T13:00:00+00:00,525ccce466b855d51c786c67,nfl-f6b86a58964932e2e1c2,2026-09-19T12:34:15.536722Z,2026-09-21T18:29:45.133352+00:00,unknown,-4.0,44.0,incomplete,False,24.429017577222226,True,-12.070800000000007,-7.0,LOSS,0.0,,,,,44.18750000000001,39.5,WIN,0.0,,,,,,,,,,,
nfl,2026_02_PHI_TEN,1,2,2026,2,TEN,PHI,2026-09-20T13:00:00+00:00,d69d44e441fe161abaa0cb9f,nfl-f6b86a58964932e2e1c2,2026-09-20T11:34:23.330885Z,2026-09-21T18:29:45.133352+00:00,unknown,-4.0,44.0,incomplete,False,1.4268525319444445,True,-12.070800000000007,-7.0,LOSS,0.0,,,,,44.18750000000001,39.5,WIN,0.0,,,,,,,,,,,
nfl,2026_02_CLE_TB,24,2,2026,2,TB,CLE,2026-09-20T13:00:00+00:00,0d78692a1909d04032be6e59,nfl-f6b86a58964932e2e1c2,2026-09-19T12:34:15.536722Z,2026-09-21T18:29:45.133352+00:00,unknown,-4.0,42.0,incomplete,False,24.429017577222226,True,6.547850000000003,8.5,WIN,1.0,,,,,42.28305,41.5,WIN,0.0,,,,,,,,,,,
nfl,2026_02_CLE_TB,1,2,2026,2,TB,CLE,2026-09-20T13:00:00+00:00,9858392f9cc30cbe7bee4c0d,nfl-f6b86a58964932e2e1c2,2026-09-20T11:34:23.330885Z,2026-09-21T18:29:45.133352+00:00,unknown,-4.0,42.0,incomplete,False,1.4268525319444445,True,6.547850000000003,7.5,WIN,0.0,,,,,42.28305,41.5,WIN,0.0,,,,,,,,,,,
nfl,2026_02_GB_NYJ,24,2,2026,2,NYJ,GB,2026-09-20T13:00:00+00:00,1b8b30bed9adfcb440e38072,nfl-f6b86a58964932e2e1c2,2026-09-19T12:34:15.536722Z,2026-09-21T18:29:45.133352+00:00,unknown,-3.0,37.0,incomplete,False,24.429017577222226,True,-6.022750000000003,-3.5,LOSS,0.0,,,,,46.35265,44.5,LOSS,0.0,,,,,,,,,,,
nfl,2026_02_GB_NYJ,1,2,2026,2,NYJ,GB,2026-09-20T13:00:00+00:00,c5bb9ee292dcf497ea8d7ccf,nfl-f6b86a58964932e2e1c2,2026-09-20T11:34:23.330885Z,2026-09-21T18:29:45.133352+00:00,unknown,-3.0,37.0,incomplete,False,1.4268525319444445,True,-6.022750000000003,-3.5,LOSS,0.0,,,,,46.35265,44.5,LOSS,0.0,,,,,,,,,,,
nfl,2026_02_PIT_NE,24,2,2026,2,NE,PIT,2026-09-20T13:00:00+00:00,95ed57bca892f843ef5f3ccd,nfl-f6b86a58964932e2e1c2,2026-09-19T12:34:15.536722Z,2026-09-21T18:29:45.133352+00:00,unknown,17.0,23.0,incomplete,False,24.429017577222226,False,-0.53005,5.5,LOSS,0.0,,,,,42.29465,41.5,LOSS,0.0,,,,,,,,,,,
nfl,2026_02_PIT_NE,1,2,2026,2,NE,PIT,2026-09-20T13:00:00+00:00,073aa3464137ff830dacbbe6,nfl-f6b86a58964932e2e1c2,2026-09-20T11:34:23.330885Z,2026-09-21T18:29:45.133352+00:00,unknown,17.0,23.0,incomplete,False,1.4268525319444445,False,-0.53005,5.5,LOSS,0.0,,,,,42.29465,41.5,LOSS,0.0,,,,,,,,,,,
nfl,2026_02_NO_BAL,24,2,2026,2,BAL,NO,2026-09-20T13:00:00+00:00,73c81d49ac4932c194a71da0,nfl-f6b86a58964932e2e1c2,2026-09-19T12:34:15.536722Z,2026-09-21T18:29:45.133352+00:00,unknown,-7.0,41.0,incomplete,False,24.429017577222226,False,13.97760000000001,8.5,LOSS,0.0,,,,,47.1309,46.5,LOSS,-1.0,,,,,,,,,,,
nfl,2026_02_NO_BAL,1,2,2026,2,BAL,NO,2026-09-20T13:00:00+00:00,48f23bbd221609c454604b10,nfl-f6b86a58964932e2e1c2,2026-09-20T11:34:23.330885Z,2026-09-21T18:29:45.133352+00:00,unknown,-7.0,41.0,incomplete,False,1.4268525319444445,False,13.97760000000001,8.5,LOSS,0.0,,,,,47.1309,45.5,LOSS,0.0,,,,,,,,,,,
nfl,2026_02_MIN_CHI,24,2,2026,2,CHI,MIN,2026-09-20T13:00:00+00:00,9d1c7d931014909307510fba,nfl-f6b86a58964932e2e1c2,2026-09-19T12:34:15.536722Z,2026-09-21T18:29:45.133352+00:00,unknown,-6.0,12.0,incomplete,False,24.429017577222226,True,2.527,4.5,WIN,0.0,,,,,44.2643,48.5,WIN,1.0,,,,,,,,,,,
nfl,2026_02_MIN_CHI,1,2,2026,2,CHI,MIN,2026-09-20T13:00:00+00:00,1d6087f87b3010f274772a8f,nfl-f6b86a58964932e2e1c2,2026-09-20T11:34:23.330885Z,2026-09-21T18:29:45.133352+00:00,unknown,-6.0,12.0,incomplete,False,1.4268525319444445,True,2.527,4.5,WIN,0.0,,,,,44.2643,47.5,WIN,0.0,,,,,,,,,,,
nfl,2026_02_CAR_ATL,24,2,2026,2,ATL,CAR,2026-09-20T13:00:00+00:00,6cb0076d6780b7902acf71b0,nfl-f6b86a58964932e2e1c2,2026-09-19T12:34:15.536722Z,2026-09-21T18:29:45.133352+00:00,unknown,-31.0,37.0,incomplete,False,24.429017577222226,False,-2.1376500000000003,-2.5,LOSS,0.0,,,,,45.33545,43.5,LOSS,0.0,,,,,,,,,,,
nfl,2026_02_CAR_ATL,1,2,2026,2,ATL,CAR,2026-09-20T13:00:00+00:00,c2be1e0a7e5b807ad93c1e97,nfl-f6b86a58964932e2e1c2,2026-09-20T11:34:23.330885Z,2026-09-21T18:29:45.133352+00:00,unknown,-31.0,37.0,incomplete,False,1.4268525319444445,False,-2.1376500000000003,-2.5,LOSS,0.0,,,,,45.33545,43.5,LOSS,0.0,,,,,,,,,,,
nfl,2026_02_CIN_HOU,24,2,2026,2,HOU,CIN,2026-09-20T13:00:00+00:00,e217af1561c41eedc10c072f,nfl-f6b86a58964932e2e1c2,2026-09-19T12:34:15.536722Z,2026-09-21T18:29:45.133352+00:00,unknown,-14.0,26.0,incomplete,False,24.429017577222226,True,0.6200000000000001,2.5,WIN,0.0,,,,,45.1424,45.5,WIN,0.0,,,,,,,,,,,
nfl,2026_02_CIN_HOU,1,2,2026,2,HOU,CIN,2026-09-20T13:00:00+00:00,969f8c8be09b24a4bf4d47da,nfl-f6b86a58964932e2e1c2,2026-09-20T11:34:23.330885Z,2026-09-21T18:29:45.133352+00:00,unknown,-14.0,26.0,incomplete,False,1.4268525319444445,True,0.6200000000000001,2.5,WIN,0.0,,,,,45.1424,45.5,WIN,0.0,,,,,,,,,,,
nfl,2026_02_JAX_DEN,24,2,2026,2,DEN,JAX,2026-09-20T16:05:00+00:00,e05e124078f899853d4dedfa,nfl-f6b86a58964932e2e1c2,2026-09-19T12:34:15.536722Z,2026-09-21T18:29:45.133352+00:00,unknown,7.0,33.0,incomplete,False,27.51235091055556,True,-3.8410000000000006,2.5,LOSS,-0.5,,,,,46.3341,45.5,LOSS,0.0,,,,,,,,,,,
nfl,2026_02_JAX_DEN,1,2,2026,2,DEN,JAX,2026-09-20T16:05:00+00:00,9db83015a7d5363679c0466c,nfl-f6b86a58964932e2e1c2,2026-09-20T11:34:23.330885Z,2026-09-21T18:29:45.133352+00:00,unknown,7.0,33.0,incomplete,False,4.510185865277778,True,-3.8410000000000006,3.0,LOSS,0.0,,,,,46.3341,45.5,LOSS,0.0,,,,,,,,,,,
nfl,2026_02_LV_LAC,24,2,2026,2,LAC,LV,2026-09-20T16:05:00+00:00,65d10427385c13f352025e48,nfl-f6b86a58964932e2e1c2,2026-09-19T12:34:15.536722Z,2026-09-21T18:29:45.133352+00:00,unknown,-12.0,40.0,incomplete,False,27.51235091055556,True,-1.3306500000000003,6.5,WIN,-0.5,,,,,39.51384999999999,43.5,WIN,0.0,,,,,,,,,,,
nfl,2026_02_LV_LAC,1,2,2026,2,LAC,LV,2026-09-20T16:05:00+00:00,36a3502ee783b27845625472,nfl-f6b86a58964932e2e1c2,2026-09-20T11:34:23.330885Z,2026-09-21T18:29:45.133352+00:00,unknown,-12.0,40.0,incomplete,False,4.510185865277778,True,-1.3306500000000003,7.0,WIN,0.0,,,,,39.51384999999999,43.5,WIN,0.0,,,,,,,,,,,
nfl,2026_02_MIA_SF,24,2,2026,2,SF,MIA,2026-09-20T16:25:00+00:00,86342066badc57bb2b64089c,nfl-f6b86a58964932e2e1c2,2026-09-19T12:34:15.536722Z,2026-09-21T18:29:45.133352+00:00,unknown,22.0,48.0,incomplete,False,27.845684243888886,True,11.586850000000007,13.5,LOSS,0.0,,,,,48.99955,44.5,WIN,0.0,,,,,,,,,,,
nfl,2026_02_MIA_SF,1,2,2026,2,SF,MIA,2026-09-20T16:25:00+00:00,d81d0fbd2cdc99faf5a4ea4e,nfl-f6b86a58964932e2e1c2,2026-09-20T11:34:23.330885Z,2026-09-21T18:29:45.133352+00:00,unknown,22.0,48.0,incomplete,False,4.843519198611111,True,11.586850000000007,13.5,LOSS,0.0,,,,,48.99955,44.5,WIN,0.0,,,,,,,,,,,
nfl,2026_02_SEA_ARI,24,2,2026,2,ARI,SEA,2026-09-20T16:25:00+00:00,2e2c8f00ed765c71d4f44f0e,nfl-f6b86a58964932e2e1c2,2026-09-19T12:34:15.536722Z,2026-09-21T18:29:45.133352+00:00,unknown,-24.0,38.0,incomplete,False,27.845684243888886,False,0.2297500000000001,-3.5,LOSS,0.0,,,,,45.08645,40.5,LOSS,0.0,,,,,,,,,,,
nfl,2026_02_SEA_ARI,1,2,2026,2,ARI,SEA,2026-09-20T16:25:00+00:00,030085e354a32909f4324b02,nfl-f6b86a58964932e2e1c2,2026-09-20T11:34:23.330885Z,2026-09-21T18:29:45.133352+00:00,unknown,-24.0,38.0,incomplete,False,4.843519198611111,False,0.2297500000000001,-3.5,LOSS,0.0,,,,,45.08645,40.5,LOSS,0.0,,,,,,,,,,,
nfl,2026_02_WAS_DAL,24,2,2026,2,DAL,WAS,2026-09-20T16:25:00+00:00,37f01124aa8f34202631928e,nfl-f6b86a58964932e2e1c2,2026-09-19T12:34:15.536722Z,2026-09-21T18:29:45.133352+00:00,unknown,17.0,57.0,incomplete,False,27.845684243888886,True,1.5445000000000002,3.5,LOSS,0.0,,,,,52.8976,50.5,WIN,0.0,,,,,,,,,,,
nfl,2026_02_WAS_DAL,1,2,2026,2,DAL,WAS,2026-09-20T16:25:00+00:00,1536360cd8a1906229c2031d,nfl-f6b86a58964932e2e1c2,2026-09-20T11:34:23.330885Z,2026-09-21T18:29:45.133352+00:00,unknown,17.0,57.0,incomplete,False,4.843519198611111,True,1.5445000000000002,3.5,LOSS,0.0,,,,,52.8976,50.5,WIN,0.0,,,,,,,,,,,
nfl,2026_02_IND_KC,24,2,2026,2,KC,IND,2026-09-20T20:20:00+00:00,1bc5062b91dd7107c99bdcb6,nfl-f6b86a58964932e2e1c2,2026-09-19T17:19:39.978555Z,2026-09-21T18:29:45.133352+00:00,unknown,3.0,63.0,incomplete,False,27.0055615125,True,8.999500000000005,6.0,LOSS,0.0,,,,,45.73180000000002,46.5,LOSS,0.0,,,,,,,,,,,
nfl,2026_02_IND_KC,1,2,2026,2,KC,IND,2026-09-20T20:20:00+00:00,98c74b260df9942910a93e8d,nfl-f6b86a58964932e2e1c2,2026-09-20T18:53:52.266197Z,2026-09-21T18:29:45.133352+00:00,unknown,3.0,63.0,incomplete,False,1.4354816119444445,True,8.999500000000006,6.0,LOSS,0.0,,,,,45.73180000000001,46.5,LOSS,0.0,,,,,,,,,,,
nfl,2026_02_NYG_LA,24,2,2026,2,LA,NYG,2026-09-21T20:15:00+00:00,a57420a91f5e306bc23b3e89,nfl-f6b86a58964932e2e1c2,2026-09-20T18:53:52.266197Z,2026-09-22T17:32:21.787158+00:00,unknown,22.0,34.0,incomplete,False,25.35214827861111,False,1.3234500000000005,6.5,LOSS,0.0,,,,,52.47085,47.5,LOSS,0.0,,,,,,,,,,,
ncaa,401869941,24,2,2026,4,Coastal Carolina,Liberty,2026-09-24T23:30:00+00:00,7f9069e186418763711be7b3,ncaa-d05e246769f11b1972c1,2026-09-23T23:00:15.398763Z,2026-09-25T17:46:54.713109+00:00,unknown,-17.0,51.0,developing,False,24.495722565833333,True,1.0194580664936113,-2.5,LOSS,0.0,,,,,56.00912796841816,50.0,WIN,0.0,,,,,T1-shadow-v1,c17e0de5d818d2124ec9,50.0,50.72563401292889,WIN,50.55514661444841,WIN
ncaa,401869941,1,2,2026,4,Coastal Carolina,Liberty,2026-09-24T23:30:00+00:00,e076fb513887bc201fd71be1,ncaa-d05e246769f11b1972c1,2026-09-24T21:36:42.319432Z,2026-09-25T17:46:54.713109+00:00,unknown,-17.0,51.0,developing,False,1.888244602222222,True,1.0194580664936113,-2.5,LOSS,0.0,,,,,56.00912796841816,50.0,WIN,0.0,,,,,T1-shadow-v1,c17e0de5d818d2124ec9,50.0,50.72563401292889,WIN,50.55514661444841,WIN
nfl,2026_03_ATL_GB,24,2,2026,3,GB,ATL,2026-09-24T20:15:00+00:00,507a59cabfa93a60089bc1a2,nfl-f6b86a58964932e2e1c2,2026-09-23T18:27:13.018396Z,2026-09-25T17:46:54.713109+00:00,unknown,-21.0,49.0,incomplete,False,25.796383778888888,False,3.506500000000001,4.5,WIN,0.0,,,,,46.77029999999999,42.5,WIN,0.0,,,,,,,,,,,
nfl,2026_03_ATL_GB,1,2,2026,3,GB,ATL,2026-09-24T20:15:00+00:00,938ded61a9d2c1604b8f35a7,nfl-f6b86a58964932e2e1c2,2026-09-24T17:19:31.579328Z,2026-09-25T17:46:54.713109+00:00,unknown,-21.0,49.0,incomplete,False,2.9245612977777777,False,3.506500000000001,4.5,WIN,0.0,,,,,46.77029999999999,42.5,WIN,0.0,,,,,,,,,,,
ncaa,401862779,24,2,2026,4,Temple,Army,2026-09-25T20:00:00+00:00,8b1ce70230f0bab60fc5a443,ncaa-d05e246769f11b1972c1,2026-09-24T17:19:31.579328Z,2026-09-26T16:53:22.846873+00:00,unknown,-4.0,38.0,early-season,False,26.67456129777777,True,9.699379204418817,-3.0,LOSS,-1.0,,,,,53.90329058745563,48.0,LOSS,1.0,,,,,T1-shadow-v1,c17e0de5d818d2124ec9,48.0,48.72563401292889,LOSS,48.69910203289663,LOSS
ncaa,401862779,1,2,2026,4,Temple,Army,2026-09-25T20:00:00+00:00,741572bb5819f4cb3416286a,ncaa-d05e246769f11b1972c1,2026-09-25T18:43:34.237025Z,2026-09-26T16:53:22.846873+00:00,unknown,-4.0,38.0,early-season,False,1.273823048611111,True,9.6696078421509,-4.0,PUSH,0.0,,,,,53.89692905591709,49.0,LOSS,0.0,,,,,T1-shadow-v1,c17e0de5d818d2124ec9,49.0,49.72563401292889,LOSS,49.69910203289663,LOSS
ncaa,401858468,24,2,2026,4,Rutgers,Howard,2026-09-25T23:00:00+00:00,25055b6f8a146f3e4409d11c,ncaa-d05e246769f11b1972c1,2026-09-24T21:36:42.319432Z,2026-09-26T16:53:22.846873+00:00,unknown,51.0,65.0,incomplete,True,25.388244602222223,False,14.632279103062665,43.5,LOSS,0.5,1.5,42.0,Bovada,2026-09-25T22:49:31.735310+00:00,52.07849866730261,55.5,LOSS,-1.5,-2.5,58.0,Bovada,2026-09-25T22:49:31.735310+00:00,T1-shadow-v1,c17e0de5d818d2124ec9,55.5,56.22563401292889,WIN,57.11536862409088,WIN
ncaa,401858468,1,2,2026,4,Rutgers,Howard,2026-09-25T23:00:00+00:00,383150eee19feca0b73a4b0f,ncaa-d05e246769f11b1972c1,2026-09-25T18:43:34.237025Z,2026-09-26T16:53:22.846873+00:00,unknown,51.0,65.0,incomplete,True,4.273823048611111,False,14.578247624891873,43.0,LOSS,0.0,1.0,42.0,Bovada,2026-09-25T22:49:31.735310+00:00,52.08362172366817,57.0,LOSS,0.0,-1.0,58.0,Bovada,2026-09-25T22:49:31.735310+00:00,T1-shadow-v1,c17e0de5d818d2124ec9,57.0,57.72563401292889,WIN,58.61536862409088,WIN
ncaa,401862778,24,2,2026,4,UAB,Navy,2026-09-25T23:00:00+00:00,1e816ebcf022a7f8c500e257,ncaa-d05e246769f11b1972c1,2026-09-24T21:36:42.319432Z,2026-09-26T16:53:22.846873+00:00,unknown,4.0,44.0,early-season,False,25.388244602222223,True,10.961955324790246,-6.5,WIN,0.0,,,,,59.678369963591045,51.0,LOSS,0.0,,,,,T1-shadow-v1,c17e0de5d818d2124ec9,51.0,51.72563401292889,LOSS,50.47742838831243,WIN
ncaa,401862778,1,2,2026,4,UAB,Navy,2026-09-25T23:00:00+00:00,0ad08975d59789060977bd1a,ncaa-d05e246769f11b1972c1,2026-09-25T18:43:34.237025Z,2026-09-26T16:53:22.846873+00:00,unknown,4.0,44.0,early-season,False,4.273823048611111,True,10.969950419209471,-6.5,WIN,0.0,,,,,59.65202125584696,51.0,LOSS,0.0,,,,,T1-shadow-v1,c17e0de5d818d2124ec9,51.0,51.72563401292889,LOSS,50.47742838831243,WIN
ncaa,401858461,24,2,2026,4,Indiana,Northwestern,2026-09-26T00:00:00+00:00,1108b6849bb8c771690b3ac0,ncaa-d05e246769f11b1972c1,2026-09-24T21:36:42.319432Z,2026-09-26T16:53:22.846873+00:00,unknown,6.0,52.0,early-season,False,26.388244602222223,True,21.18902973848755,20.5,LOSS,-0.5,,,,,56.565035917705735,49.5,WIN,0.0,,,,,T1-shadow-v1,c17e0de5d818d2124ec9,49.5,50.22563401292889,WIN,49.59373467950898,WIN
ncaa,401858461,1,2,2026,4,Indiana,Northwestern,2026-09-26T00:00:00+00:00,d729cd6c86c8cedc0cdf0f90,ncaa-d05e246769f11b1972c1,2026-09-25T18:43:34.237025Z,2026-09-26T16:53:22.846873+00:00,unknown,6.0,52.0,early-season,False,5.273823048611112,True,21.13598634688613,20.5,LOSS,-0.5,-0.5,20.0,Bovada,2026-09-25T23:20:50.151525+00:00,56.53853113039384,50.0,WIN,-0.5,-0.5,49.5,Bovada,2026-09-25T23:20:50.151525+00:00,T1-shadow-v1,c17e0de5d818d2124ec9,50.0,50.72563401292889,WIN,50.09373467950898,WIN
ncaa,401858234,24,2,2026,4,California,Clemson,2026-09-26T02:30:00+00:00,fac4478e3c7b57a92e6c98c7,ncaa-d05e246769f11b1972c1,2026-09-25T00:36:38.523128Z,2026-09-26T16:53:22.846873+00:00,unknown,-14.0,34.0,developing,False,25.889299131111112,True,-6.721415639142189,-1.0,WIN,1.0,1.5,-2.5,Bovada,2026-09-26T01:59:38.377279+00:00,48.70492439430439,51.0,WIN,-0.5,-0.5,51.5,Bovada,2026-09-26T01:59:38.377279+00:00,T1-shadow-v1,c17e0de5d818d2124ec9,51.0,51.72563401292889,LOSS,52.625784950923226,LOSS
ncaa,401858234,1,2,2026,4,California,Clemson,2026-09-26T02:30:00+00:00,baf5e1739b09bc9e981346fd,ncaa-d05e246769f11b1972c1,2026-09-25T23:21:28.911296Z,2026-09-26T16:53:22.846873+00:00,unknown,-14.0,34.0,developing,False,3.1419690844444443,True,-6.826950159546526,-2.0,WIN,0.0,0.5,-2.5,Bovada,2026-09-26T01:59:38.377279+00:00,48.67735676749291,51.5,WIN,0.0,0.0,51.5,Bovada,2026-09-26T01:59:38.377279+00:00,T1-shadow-v1,c17e0de5d818d2124ec9,51.5,52.22563401292889,LOSS,53.125784950923226,LOSS
ncaa,401867806,1,2,2026,4,Brown,Harvard,2026-09-25T23:00:00+00:00,c5be54fa4301a8c6f6fd9de3,ncaa-d05e246769f11b1972c1,2026-09-25T18:43:34.237025Z,2026-09-26T16:53:22.846873+00:00,unknown,-4.0,24.0,incomplete,False,4.273823048611111,True,-9.626779806775977,-13.5,WIN,0.0,,,,,64.78371909273199,42.5,LOSS,0.0,,,,,T1-shadow-v1,c17e0de5d818d2124ec9,42.5,43.22563401292889,LOSS,42.0414701546804,WIN
ncaa,401860897,24,2,2026,4,Western Michigan,Boise State,2026-09-26T19:30:00+00:00,5d0b5925649c29e0e5886757,ncaa-d05e246769f11b1972c1,2026-09-25T18:43:34.237025Z,2026-09-27T17:32:44.912350+00:00,unknown,-25.0,39.0,developing,False,24.77382304861112,False,0.2201871889084944,-7.5,LOSS,0.0,,,,,54.804286514775136,50.0,LOSS,0.5,,,,,T1-shadow-v1,c17e0de5d818d2124ec9,50.0,50.72563401292889,LOSS,50.80862805275901,LOSS
ncaa,401860897,1,2,2026,4,Western Michigan,Boise State,2026-09-26T19:30:00+00:00,85065bf321d56032da57b9d2,ncaa-d05e246769f11b1972c1,2026-09-26T16:30:25.242848Z,2026-09-27T17:32:44.912350+00:00,unknown,-25.0,39.0,developing,False,2.992988097777778,False,0.19006049547297,-7.5,LOSS,0.0,,,,,55.81163423147672,50.5,LOSS,0.0,,,,,T1-shadow-v1,c17e0de5d818d2124ec9,50.5,51.22563401292889,LOSS,51.30862805275901,LOSS
ncaa,401856704,24,2,2026,4,Tennessee,Texas,2026-09-26T16:00:00+00:00,37ffac31daec72b6d0e63ed5,ncaa-d05e246769f11b1972c1,2026-09-25T13:56:05.136818Z,2026-09-27T17:32:44.912350+00:00,unknown,-3.0,37.0,developing,False,26.06523977277778,True,9.713657013612854,-5.0,WIN,0.0,,,,,58.28232310171441,54.5,LOSS,0.5,,,,,T1-shadow-v1,c17e0de5d818d2124ec9,54.5,55.22563401292889,LOSS,54.43130395844792,WIN
ncaa,401856704,1,2,2026,4,Tennessee,Texas,2026-09-26T16:00:00+00:00,93362e62485a50a7cf068964,ncaa-d05e246769f11b1972c1,2026-09-26T11:33:23.505424Z,2026-09-27T17:32:44.912350+00:00,unknown,-3.0,37.0,developing,False,4.443470715555556,True,9.898885872378282,-5.0,WIN,0.0,,,,,60.70175704587714,55.0,LOSS,0.0,,,,,T1-shadow-v1,c17e0de5d818d2124ec9,55.0,55.72563401292889,LOSS,54.93130395844792,WIN
ncaa,401858465,24,2,2026,4,Ohio State,Illinois,2026-09-26T16:00:00+00:00,1c34e5a720b84fa258c75f3a,ncaa-d05e246769f11b1972c1,2026-09-25T13:56:05.136818Z,2026-09-27T17:32:44.912350+00:00,unknown,23.0,61.0,developing,False,26.06523977277778,True,30.959003128519765,27.0,LOSS,-0.5,,,,,51.637405335392536,54.0,LOSS,-0.5,,,,,T1-shadow-v1,c17e0de5d818d2124ec9,54.0,54.72563401292889,WIN,54.55671385387287,WIN
ncaa,401858465,1,2,2026,4,Ohio State,Illinois,2026-09-26T16:00:00+00:00,605e46ee9d6ab004636ef4b6,ncaa-d05e246769f11b1972c1,2026-09-26T11:33:23.505424Z,2026-09-27T17:32:44.912350+00:00,unknown,23.0,61.0,developing,False,4.443470715555556,True,30.7910609396943,26.5,LOSS,0.0,,,,,54.19605874041063,54.5,LOSS,0.0,,,,,T1-shadow-v1,c17e0de5d818d2124ec9,54.5,55.22563401292889,WIN,55.05671385387287,WIN
ncaa,401858462,24,2,2026,4,Maryland,UCLA,2026-09-26T17:30:00+00:00,978b96d1bf69aef5001f99d8,ncaa-d05e246769f11b1972c1,2026-09-25T13:56:05.136818Z,2026-09-27T17:32:44.912350+00:00,unknown,-51.0,57.0,developing,False,27.56523977277778,False,2.987734135243312,-1.5,LOSS,-1.0,,,,,51.11247932550949,56.5,LOSS,0.5,,,,,T1-shadow-v1,c17e0de5d818d2124ec9,56.5,57.22563401292889,WIN,57.67765935214283,WIN
ncaa,401858462,1,2,2026,4,Maryland,UCLA,2026-09-26T17:30:00+00:00,2724d3d3c5ef036d3419306a,ncaa-d05e246769f11b1972c1,2026-09-26T11:33:23.505424Z,2026-09-27T17:32:44.912350+00:00,unknown,-51.0,57.0,developing,False,5.943470715555556,False,3.085570286753885,-1.5,LOSS,-1.0,,,,,53.5245542087668,56.0,LOSS,0.0,,,,,T1-shadow-v1,c17e0de5d818d2124ec9,56.0,56.72563401292889,WIN,57.17765935214283,WIN
ncaa,401856700,24,2,2026,4,Georgia,Oklahoma,2026-09-26T19:30:00+00:00,d048dc0001ede6fd74be3c00,ncaa-d05e246769f11b1972c1,2026-09-25T18:43:34.237025Z,2026-09-27T17:32:44.912350+00:00,unknown,28.0,54.0,developing,False,24.77382304861112,True,22.177241673815928,13.5,WIN,0.0,,,,,50.81340205369099,44.0,WIN,0.0,,,,,T1-shadow-v1,c17e0de5d818d2124ec9,44.0,44.72563401292889,WIN,45.48588085847629,WIN
ncaa,401856700,1,2,2026,4,Georgia,Oklahoma,2026-09-26T19:30:00+00:00,fe1cda479a89e01a1452ddb7,ncaa-d05e246769f11b1972c1,2026-09-26T16:30:25.242848Z,2026-09-27T17:32:44.912350+00:00,unknown,28.0,54.0,developing,False,2.992988097777778,True,22.109350147516363,13.5,WIN,0.0,,,,,53.05834104098098,44.0,WIN,0.0,,,,,T1-shadow-v1,c17e0de5d818d2124ec9,44.0,44.72563401292889,WIN,45.48588085847629,WIN
ncaa,401856699,24,2,2026,4,Florida,Ole Miss,2026-09-26T19:30:00+00:00,dd5952bbb2fc5617fd1f1f55,ncaa-d05e246769f11b1972c1,2026-09-25T18:43:34.237025Z,2026-09-27T17:32:44.912350+00:00,unknown,24.0,80.0,developing,False,24.77382304861112,False,-3.9647039471929055,3.5,LOSS,-0.5,,,,,59.369209955726326,59.0,WIN,0.0,,,,,T1-shadow-v1,c17e0de5d818d2124ec9,59.0,59.72563401292889,WIN,58.41035169639631,LOSS
ncaa,401856699,1,2,2026,4,Florida,Ole Miss,2026-09-26T19:30:00+00:00,bb0373c66251de5907b204fd,ncaa-d05e246769f11b1972c1,2026-09-26T16:30:25.242848Z,2026-09-27T17:32:44.912350+00:00,unknown,24.0,80.0,developing,False,2.992988097777778,False,-3.700785639702737,4.0,LOSS,0.0,,,,,61.72721396445906,59.0,WIN,0.0,,,,,T1-shadow-v1,c17e0de5d818d2124ec9,59.0,59.72563401292889,WIN,58.41035169639631,LOSS
ncaa,401858463,24,2,2026,4,Michigan,Iowa,2026-09-26T19:30:00+00:00,d320e9db7f29e5acaf548444,ncaa-d05e246769f11b1972c1,2026-09-25T18:43:34.237025Z,2026-09-27T17:32:44.912350+00:00,unknown,-1.0,39.0,developing,False,24.77382304861112,True,8.618834540901782,5.5,LOSS,-0.5,,,,,46.95009443418266,38.0,WIN,0.5,,,,,T1-shadow-v1,c17e0de5d818d2124ec9,38.0,38.72563401292889,WIN,39.93383389123901,WIN
ncaa,401858463,1,2,2026,4,Michigan,Iowa,2026-09-26T19:30:00+00:00,f93b0c9c812117952e47d0fc,ncaa-d05e246769f11b1972c1,2026-09-26T16:30:25.242848Z,2026-09-27T17:32:44.912350+00:00,unknown,-1.0,39.0,developing,False,2.992988097777778,True,8.617028052775746,5.0,LOSS,0.0,,,,,50.21601686500982,38.5,WIN,0.0,,,,,T1-shadow-v1,c17e0de5d818d2124ec9,38.5,39.22563401292889,WIN,40.43383389123901,WIN
ncaa,401856698,24,2,2026,4,Auburn,Vanderbilt,2026-09-26T20:15:00+00:00,bf35a7446e0b7a65c376b648,ncaa-d05e246769f11b1972c1,2026-09-25T18:43:34.237025Z,2026-09-27T17:32:44.912350+00:00,unknown,6.0,36.0,developing,False,25.52382304861112,True,-0.2116438617014861,9.5,WIN,-0.5,,,,,53.76219426851688,55.5,WIN,-0.5,,,,,T1-shadow-v1,c17e0de5d818d2124ec9,55.5,56.22563401292889,LOSS,55.69873022036485,LOSS
ncaa,401856698,1,2,2026,4,Auburn,Vanderbilt,2026-09-26T20:15:00+00:00,f06769c4aa87b5001092d376,ncaa-d05e246769f11b1972c1,2026-09-26T16:30:25.242848Z,2026-09-27T17:32:44.912350+00:00,unknown,6.0,36.0,developing,False,3.742988097777778,True,-0.3008791989200223,10.0,WIN,0.0,,,,,56.97199104896587,56.0,LOSS,0.0,,,,,T1-shadow-v1,c17e0de5d818d2124ec9,56.0,56.72563401292889,LOSS,56.19873022036485,LOSS
ncaa,401858466,24,2,2026,4,Penn State,Wisconsin,2026-09-26T21:00:00+00:00,22a826bd986d95f4f0ead8a8,ncaa-d05e246769f11b1972c1,2026-09-25T18:43:34.237025Z,2026-09-27T17:32:44.912350+00:00,unknown,-4.0,44.0,developing,False,26.27382304861112,True,15.609722230469952,10.0,LOSS,0.0,,,,,49.79082293894265,44.0,PUSH,0.0,,,,,T1-shadow-v1,c17e0de5d818d2124ec9,44.0,44.72563401292889,PUSH,45.64325285102839,PUSH
ncaa,401858466,1,2,2026,4,Penn State,Wisconsin,2026-09-26T21:00:00+00:00,b3df64de75c8dd0a26f887a1,ncaa-d05e246769f11b1972c1,2026-09-26T16:30:25.242848Z,2026-09-27T17:32:44.912350+00:00,unknown,-4.0,44.0,developing,False,4.492988097777777,True,15.560488901183405,10.0,LOSS,0.0,,,,,51.135965935766826,44.0,PUSH,0.0,,,,,T1-shadow-v1,c17e0de5d818d2124ec9,44.0,44.72563401292889,PUSH,45.64325285102839,PUSH
ncaa,401858464,24,2,2026,4,Michigan State,Nebraska,2026-09-26T21:00:00+00:00,5b09a5c6850773e25c4eca25,ncaa-d05e246769f11b1972c1,2026-09-25T18:43:34.237025Z,2026-09-27T17:32:44.912350+00:00,unknown,-18.0,44.0,developing,False,26.27382304861112,True,-8.791636531341892,-6.0,WIN,0.0,,,,,54.30603229343333,49.0,LOSS,0.0,,,,,T1-shadow-v1,c17e0de5d818d2124ec9,49.0,49.72563401292889,LOSS,49.56365083282626,LOSS
ncaa,401858464,1,2,2026,4,Michigan State,Nebraska,2026-09-26T21:00:00+00:00,0ee3b1fc4ca169e8bbddd246,ncaa-d05e246769f11b1972c1,2026-09-26T16:30:25.242848Z,2026-09-27T17:32:44.912350+00:00,unknown,-18.0,44.0,developing,False,4.492988097777777,True,-8.669198093063423,-6.0,WIN,0.0,,,,,55.5818084945551,49.0,LOSS,0.0,,,,,T1-shadow-v1,c17e0de5d818d2124ec9,49.0,49.72563401292889,LOSS,49.56365083282626,LOSS
ncaa,401856696,24,2,2026,4,Alabama,South Carolina,2026-09-26T23:00:00+00:00,1ded6af3e7091a9d590c44a1,ncaa-d05e246769f11b1972c1,2026-09-25T18:43:34.237025Z,2026-09-27T17:32:44.912350+00:00,unknown,31.0,67.0,developing,False,28.27382304861112,True,13.759404584501686,12.5,WIN,0.0,,,,,47.96660918302214,54.0,LOSS,0.0,,,,,T1-shadow-v1,c17e0de5d818d2124ec9,54.0,54.72563401292889,WIN,55.58418179358322,WIN
ncaa,401856696,1,2,2026,4,Alabama,South Carolina,2026-09-26T23:00:00+00:00,0243688a68fdce9e75eaca7b,ncaa-d05e246769f11b1972c1,2026-09-26T21:17:10.380001Z,2026-09-27T17:32:44.912350+00:00,unknown,31.0,67.0,developing,False,1.7137833330555554,True,13.614101409405912,12.5,WIN,0.0,,,,,52.068437329374255,54.0,LOSS,0.0,,,,,T1-shadow-v1,c17e0de5d818d2124ec9,54.0,54.72563401292889,WIN,55.58418179358322,WIN
ncaa,401856881,24,2,2026,4,West Virginia,Oklahoma State,2026-09-26T23:00:00+00:00,a9c1c2f3458464a1e3c6212e,ncaa-d05e246769f11b1972c1,2026-09-25T18:43:34.237025Z,2026-09-27T17:32:44.912350+00:00,unknown,-17.0,65.0,developing,False,28.27382304861112,False,20.990817942145263,2.0,LOSS,-0.5,,,,,49.97985030894807,61.0,LOSS,1.0,,,,,T1-shadow-v1,c17e0de5d818d2124ec9,61.0,61.72563401292889,WIN,62.630611720890656,WIN
ncaa,401856881,1,2,2026,4,West Virginia,Oklahoma State,2026-09-26T23:00:00+00:00,331dce40b3190223d15b9aa2,ncaa-d05e246769f11b1972c1,2026-09-26T21:17:10.380001Z,2026-09-27T17:32:44.912350+00:00,unknown,-17.0,65.0,developing,False,1.7137833330555554,False,21.07303392605908,1.5,LOSS,0.0,,,,,52.29794487779454,60.0,LOSS,0.0,,,,,T1-shadow-v1,c17e0de5d818d2124ec9,60.0,60.72563401292889,WIN,61.630611720890656,WIN
ncaa,401858469,24,2,2026,4,USC,Oregon,2026-09-26T23:30:00+00:00,bca0ad48925ab4354db691df,ncaa-d05e246769f11b1972c1,2026-09-25T23:21:28.911296Z,2026-09-27T17:32:44.912350+00:00,unknown,-14.0,68.0,developing,False,24.141969084444444,True,-0.1713759816428977,-3.0,LOSS,-1.0,,,,,56.8473007761142,61.5,LOSS,0.5,,,,,T1-shadow-v1,c17e0de5d818d2124ec9,61.5,62.22563401292889,WIN,60.94123197744549,LOSS
ncaa,401858469,1,2,2026,4,USC,Oregon,2026-09-26T23:30:00+00:00,cceab6526dbeee03775b5672,ncaa-d05e246769f11b1972c1,2026-09-26T21:17:10.380001Z,2026-09-27T17:32:44.912350+00:00,unknown,-14.0,68.0,developing,False,2.2137833330555554,True,0.0028890235114595,-4.0,LOSS,0.0,0.5,-3.5,Bovada,2026-09-26T23:09:37.832448+00:00,59.096820052956,61.0,LOSS,0.0,0.5,60.5,Bovada,2026-09-26T23:09:37.832448+00:00,T1-shadow-v1,c17e0de5d818d2124ec9,61.0,61.72563401292889,WIN,60.44123197744549,LOSS
ncaa,401856702,24,2,2026,4,LSU,Texas A&M,2026-09-26T23:30:00+00:00,d54b6a6d68141e3bbb9d592d,ncaa-d05e246769f11b1972c1,2026-09-25T23:21:28.911296Z,2026-09-27T17:32:44.912350+00:00,unknown,29.0,41.0,developing,False,24.141969084444444,False,-4.651293469033588,7.5,LOSS,-1.0,,,,,47.45006876125432,52.0,WIN,0.0,,,,,T1-shadow-v1,c17e0de5d818d2124ec9,52.0,52.72563401292889,LOSS,53.73432645409738,LOSS
ncaa,401856702,1,2,2026,4,LSU,Texas A&M,2026-09-26T23:30:00+00:00,98ee83be44d5d1c743bc36e6,ncaa-d05e246769f11b1972c1,2026-09-26T21:17:10.380001Z,2026-09-27T17:32:44.912350+00:00,unknown,29.0,41.0,developing,False,2.2137833330555554,False,-4.716298282658289,8.5,LOSS,0.0,,,,,51.41607111021729,52.0,WIN,0.0,,,,,T1-shadow-v1,c17e0de5d818d2124ec9,52.0,52.72563401292889,LOSS,53.73432645409738,LOSS
ncaa,401856703,24,2,2026,4,Mississippi State,Missouri,2026-09-26T23:45:00+00:00,1fb0f25dee57975a11037946,ncaa-d05e246769f11b1972c1,2026-09-25T23:21:28.911296Z,2026-09-27T17:32:44.912350+00:00,unknown,7.0,55.0,developing,False,24.391969084444444,True,-2.5830448803217303,6.0,LOSS,1.0,,,,,54.26949566240295,58.5,WIN,0.0,,,,,T1-shadow-v1,c17e0de5d818d2124ec9,58.5,59.22563401292889,LOSS,59.18877051721711,LOSS
ncaa,401856703,1,2,2026,4,Mississippi State,Missouri,2026-09-26T23:45:00+00:00,b4bd432038ec2a39c927d32a,ncaa-d05e246769f11b1972c1,2026-09-26T21:17:10.380001Z,2026-09-27T17:32:44.912350+00:00,unknown,7.0,55.0,developing,False,2.463783333055556,True,-2.5443643482436107,5.0,LOSS,0.0,1.5,3.5,Bovada,2026-09-26T23:09:37.832448+00:00,56.72433255288251,58.5,WIN,0.0,0.0,58.5,Bovada,2026-09-26T23:09:37.832448+00:00,T1-shadow-v1,c17e0de5d818d2124ec9,58.5,59.22563401292889,LOSS,59.18877051721711,LOSS
ncaa,401856806,24,2,2026,4,Georgia Southern,Houston,2026-09-26T20:00:00+00:00,f2a871e93272509f0aa2c30f,ncaa-d05e246769f11b1972c1,2026-09-25T18:43:34.237025Z,2026-09-27T17:32:44.912350+00:00,unknown,-14.0,70.0,developing,False,25.27382304861112,True,-2.369316681855802,-17.0,WIN,0.0,,,,,53.51011185345862,56.5,LOSS,0.0,,,,,T1-shadow-v1,c17e0de5d818d2124ec9,56.5,57.22563401292889,WIN,57.41173123551668,WIN
ncaa,401856806,1,2,2026,4,Georgia Southern,Houston,2026-09-26T20:00:00+00:00,4205ce70364f4b693b98e749,ncaa-d05e246769f11b1972c1,2026-09-26T16:30:25.242848Z,2026-09-27T17:32:44.912350+00:00,unknown,-14.0,70.0,developing,False,3.492988097777778,True,-2.494772815878358,-17.0,WIN,0.0,,,,,55.119293538139466,56.5,LOSS,0.0,,,,,T1-shadow-v1,c17e0de5d818d2124ec9,56.5,57.22563401292889,WIN,57.41173123551668,WIN
ncaa,401856805,24,2,2026,4,Texas Tech,Sam Houston,2026-09-26T16:00:00+00:00,ef7ac483fc6112fccfa4e45c,ncaa-d05e246769f11b1972c1,2026-09-25T13:56:05.136818Z,2026-09-27T17:32:44.912350+00:00,unknown,35.0,63.0,developing,False,26.06523977277778,True,29.64501546375912,34.5,LOSS,0.0,,,,,53.81356754179848,56.0,LOSS,0.0,,,,,T1-shadow-v1,c17e0de5d818d2124ec9,56.0,56.72563401292889,WIN,57.12247392187437,WIN
ncaa,401856805,1,2,2026,4,Texas Tech,Sam Houston,2026-09-26T16:00:00+00:00,2ee06880e91b7da591a3e402,ncaa-d05e246769f11b1972c1,2026-09-26T11:33:23.505424Z,2026-09-27T17:32:44.912350+00:00,unknown,35.0,63.0,developing,False,4.443470715555556,True,29.572629134343565,34.5,LOSS,0.0,,,,,55.43342263532234,56.0,LOSS,0.0,,,,,T1-shadow-v1,c17e0de5d818d2124ec9,56.0,56.72563401292889,WIN,57.12247392187437,WIN
ncaa,401858243,24,2,2026,4,Louisville,Wake Forest,2026-09-26T16:00:00+00:00,2b8b65094f71c27b516df4bc,ncaa-d05e246769f11b1972c1,2026-09-25T13:56:05.136818Z,2026-09-27T17:32:44.912350+00:00,unknown,-3.0,57.0,developing,False,26.06523977277778,True,8.42227530845517,13.5,WIN,1.0,,,,,57.27314129640008,57.5,WIN,0.5,,,,,T1-shadow-v1,c17e0de5d818d2124ec9,57.5,58.22563401292889,LOSS,57.72702394956482,LOSS
ncaa,401858243,1,2,2026,4,Louisville,Wake Forest,2026-09-26T16:00:00+00:00,c7b1e218ec48a20999475d26,ncaa-d05e246769f11b1972c1,2026-09-26T11:33:23.505424Z,2026-09-27T17:32:44.912350+00:00,unknown,-3.0,57.0,developing,False,4.443470715555556,True,8.347328592472765,12.5,WIN,0.0,,,,,59.587802523118434,57.0,PUSH,0.0,,,,,T1-shadow-v1,c17e0de5d818d2124ec9,57.0,57.72563401292889,PUSH,57.22702394956482,PUSH
ncaa,401866425,24,2,2026,4,Kent State,Ball State,2026-09-26T16:00:00+00:00,0ed6224d044ca9a52fac4049,ncaa-d05e246769f11b1972c1,2026-09-25T13:56:05.136818Z,2026-09-27T17:32:44.912350+00:00,unknown,13.0,39.0,developing,False,26.06523977277778,True,8.305683835158222,3.0,WIN,0.0,,,,,52.24592300163079,51.0,LOSS,0.0,,,,,T1-shadow-v1,c17e0de5d818d2124ec9,51.0,51.72563401292889,LOSS,52.48576884203407,LOSS
ncaa,401866425,1,2,2026,4,Kent State,Ball State,2026-09-26T16:00:00+00:00,b4143f67b68d066bff15b188,ncaa-d05e246769f11b1972c1,2026-09-26T11:33:23.505424Z,2026-09-27T17:32:44.912350+00:00,unknown,13.0,39.0,developing,False,4.443470715555556,True,8.383383751932099,3.0,WIN,0.0,,,,,52.74952312497266,51.0,LOSS,0.0,,,,,T1-shadow-v1,c17e0de5d818d2124ec9,51.0,51.72563401292889,LOSS,52.48576884203407,LOSS
ncaa,401858236,24,2,2026,4,Pittsburgh,Bucknell,2026-09-26T16:00:00+00:00,63f5802df734b770ab5dbe3c,ncaa-d05e246769f11b1972c1,2026-09-25T13:56:05.136818Z,2026-09-27T17:32:44.912350+00:00,unknown,59.0,59.0,incomplete,True,26.06523977277778,False,12.528072734562487,52.5,LOSS,-1.0,,,,,54.331689411874414,63.5,WIN,0.0,,,,,T1-shadow-v1,c17e0de5d818d2124ec9,63.5,64.2256340129289,LOSS,64.69236230128837,LOSS
ncaa,401858236,1,2,2026,4,Pittsburgh,Bucknell,2026-09-26T16:00:00+00:00,4ff3e962f5683dec32c1dcef,ncaa-d05e246769f11b1972c1,2026-09-26T11:33:23.505424Z,2026-09-27T17:32:44.912350+00:00,unknown,59.0,59.0,incomplete,True,4.443470715555556,False,12.531782982542635,53.5,LOSS,0.0,,,,,54.46822376676393,63.5,WIN,0.0,,,,,T1-shadow-v1,c17e0de5d818d2124ec9,63.5,64.2256340129289,LOSS,64.69236230128837,LOSS
ncaa,401856813,24,2,2026,4,Baylor,Colorado,2026-09-26T16:00:00+00:00,dd30188a77e43ead66c9d605,ncaa-d05e246769f11b1972c1,2026-09-25T13:56:05.136818Z,2026-09-27T17:32:44.912350+00:00,unknown,10.0,36.0,developing,False,26.06523977277778,True,7.397017583900706,9.5,LOSS,0.5,,,,,56.68431779249613,55.5,LOSS,0.0,,,,,T1-shadow-v1,c17e0de5d818d2124ec9,55.5,56.22563401292889,LOSS,55.9399890030194,LOSS
ncaa,401856813,1,2,2026,4,Baylor,Colorado,2026-09-26T16:00:00+00:00,a6f8c7878312eacea25cc650,ncaa-d05e246769f11b1972c1,2026-09-26T11:33:23.505424Z,2026-09-27T17:32:44.912350+00:00,unknown,10.0,36.0,developing,False,4.443470715555556,True,7.473594037786745,9.0,LOSS,0.0,,,,,58.297404535567104,55.5,LOSS,0.0,,,,,T1-shadow-v1,c17e0de5d818d2124ec9,55.5,56.22563401292889,LOSS,55.9399890030194,LOSS
ncaa,401864512,24,2,2026,4,Akron,UNLV,2026-09-26T16:00:00+00:00,ab9424683a08506d321d0b2f,ncaa-d05e246769f11b1972c1,2026-09-25T13:56:05.136818Z,2026-09-27T17:32:44.912350+00:00,unknown,-28.0,48.0,developing,False,26.06523977277778,True,-5.363542385765585,-13.5,LOSS,0.0,,,,,56.66262201354769,53.0,LOSS,0.0,,,,,T1-shadow-v1,c17e0de5d818d2124ec9,53.0,53.72563401292889,LOSS,53.612212380227405,LOSS
ncaa,401864512,1,2,2026,4,Akron,UNLV,2026-09-26T16:00:00+00:00,1976b299aa8fee0fed490e19,ncaa-d05e246769f11b1972c1,2026-09-26T11:33:23.505424Z,2026-09-27T17:32:44.912350+00:00,unknown,-28.0,48.0,developing,False,4.443470715555556,True,-5.306741919324028,-13.5,LOSS,0.0,,,,,57.33038551899774,53.0,LOSS,0.0,,,,,T1-shadow-v1,c17e0de5d818d2124ec9,53.0,53.72563401292889,LOSS,53.61221238022741,LOSS
ncaa,401858242,24,2,2026,4,Boston College,Virginia Tech,2026-09-26T16:00:00+00:00,8c7a1ba1d4a82bab96789975,ncaa-d05e246769f11b1972c1,2026-09-25T13:56:05.136818Z,2026-09-27T17:32:44.912350+00:00,unknown,-7.0,35.0,developing,False,26.06523977277778,True,-7.123746002051228,-14.0,WIN,0.0,,,,,55.05786880963879,47.5,LOSS,-1.0,,,,,T1-shadow-v1,c17e0de5d818d2124ec9,47.5,48.22563401292889,LOSS,47.97982198627113,LOSS
ncaa,401858242,1,2,2026,4,Boston College,Virginia Tech,2026-09-26T16:00:00+00:00,491fe11669cc9bbd8c20606c,ncaa-d05e246769f11b1972c1,2026-09-26T11:33:23.505424Z,2026-09-27T17:32:44.912350+00:00,unknown,-7.0,35.0,developing,False,4.443470715555556,True,-7.145365819473622,-14.0,WIN,0.0,,,,,57.21367006479071,46.5,LOSS,0.0,,,,,T1-shadow-v1,c17e0de5d818d2124ec9,46.5,47.22563401292889,LOSS,46.97982198627113,LOSS
ncaa,401860896,24,2,2026,4,UTSA,Colorado State,2026-09-26T16:00:00+00:00,8b6925ea4198e797f507a86b,ncaa-d05e246769f11b1972c1,2026-09-25T13:56:05.136818Z,2026-09-27T17:32:44.912350+00:00,unknown,14.0,104.0,developing,False,26.06523977277778,True,10.69418632682033,14.0,PUSH,0.0,,,,,60.82359200642237,56.5,WIN,0.5,,,,,T1-shadow-v1,c17e0de5d818d2124ec9,56.5,57.22563401292889,WIN,56.44554586103575,LOSS
ncaa,401860896,1,2,2026,4,UTSA,Colorado State,2026-09-26T16:00:00+00:00,085f2b8a823660a0f5240b2e,ncaa-d05e246769f11b1972c1,2026-09-26T11:33:23.505424Z,2026-09-27T17:32:44.912350+00:00,unknown,14.0,104.0,developing,False,4.443470715555556,True,10.70439350411863,14.0,PUSH,0.0,,,,,61.37335668583726,57.0,WIN,0.0,,,,,T1-shadow-v1,c17e0de5d818d2124ec9,57.0,57.72563401292889,WIN,56.94554586103575,LOSS
ncaa,401860893,24,2,2026,4,Toledo,San Diego State,2026-09-26T16:00:00+00:00,fc3293842d92569e41478587,ncaa-d05e246769f11b1972c1,2026-09-25T13:56:05.136818Z,2026-09-27T17:32:44.912350+00:00,unknown,25.0,57.0,developing,False,26.06523977277778,True,10.644173832657396,3.0,WIN,-0.5,,,,,47.70526919974158,51.5,LOSS,0.5,,,,,T1-shadow-v1,c17e0de5d818d2124ec9,51.5,52.22563401292889,WIN,53.58849506117833,WIN
ncaa,401860893,1,2,2026,4,Toledo,San Diego State,2026-09-26T16:00:00+00:00,42deea7e6e486b44b8ff6281,ncaa-d05e246769f11b1972c1,2026-09-26T11:33:23.505424Z,2026-09-27T17:32:44.912350+00:00,unknown,25.0,57.0,developing,False,4.443470715555556,True,10.57176309349896,2.5,WIN,0.0,,,,,49.74085176385216,51.0,LOSS,0.0,,,,,T1-shadow-v1,c17e0de5d818d2124ec9,51.0,51.72563401292889,WIN,53.08849506117833,WIN
ncaa,401864576,24,2,2026,4,Kentucky,South Alabama,2026-09-26T16:45:00+00:00,e5731a47f18817e52883cb31,ncaa-d05e246769f11b1972c1,2026-09-25T13:56:05.136818Z,2026-09-27T17:32:44.912350+00:00,unknown,24.0,66.0,developing,False,26.81523977277778,True,3.2332936678530144,20.5,LOSS,0.0,,,,,51.28403772627908,54.5,LOSS,0.5,,,,,T1-shadow-v1,c17e0de5d818d2124ec9,54.5,55.22563401292889,WIN,55.82768098613101,WIN
ncaa,401864576,1,2,2026,4,Kentucky,South Alabama,2026-09-26T16:45:00+00:00,1cac1db906c6d3661c7d7015,ncaa-d05e246769f11b1972c1,2026-09-26T11:33:23.505424Z,2026-09-27T17:32:44.912350+00:00,unknown,24.0,66.0,developing,False,5.193470715555556,True,3.0325181923526814,20.5,LOSS,0.0,,,,,52.56938406290055,54.0,LOSS,0.0,,,,,T1-shadow-v1,c17e0de5d818d2124ec9,54.0,54.72563401292889,WIN,55.32768098613101,WIN
ncaa,401866427,24,2,2026,4,Eastern Michigan,Lindenwood,2026-09-26T17:00:00+00:00,f79290a2a233add53da243b9,ncaa-d05e246769f11b1972c1,2026-09-25T13:56:05.136818Z,2026-09-27T17:32:44.912350+00:00,unknown,26.0,32.0,incomplete,False,27.06523977277778,True,10.754289808898768,25.5,LOSS,1.5,2.0,23.5,DraftKings,2026-09-26T16:29:59.393518+00:00,55.529564220566975,50.5,LOSS,3.0,3.0,53.5,DraftKings,2026-09-26T16:29:59.393518+00:00,T1-shadow-v1,c17e0de5d818d2124ec9,50.5,51.22563401292889,LOSS,51.53814886835535,LOSS
ncaa,401866427,1,2,2026,4,Eastern Michigan,Lindenwood,2026-09-26T17:00:00+00:00,bf4d14dde4ca180202a3425f,ncaa-d05e246769f11b1972c1,2026-09-26T11:33:23.505424Z,2026-09-27T17:32:44.912350+00:00,unknown,26.0,32.0,incomplete,False,5.443470715555556,True,11.13101875722775,25.5,LOSS,1.5,,,,,54.292297487338615,51.0,LOSS,2.5,,,,,T1-shadow-v1,c17e0de5d818d2124ec9,51.0,51.72563401292889,LOSS,52.03814886835535,LOSS
ncaa,401864511,24,2,2026,4,Georgia State,Northern Illinois,2026-09-26T18:00:00+00:00,884a5d0e4288235ead529431,ncaa-d05e246769f11b1972c1,2026-09-25T13:56:05.136818Z,2026-09-27T17:32:44.912350+00:00,unknown,21.0,49.0,developing,False,28.06523977277778,True,17.256511620885227,10.5,WIN,-0.5,,,,,53.52226131906915,56.5,WIN,0.0,,,,,T1-shadow-v1,c17e0de5d818d2124ec9,56.5,57.22563401292889,LOSS,57.54548172876298,LOSS
ncaa,401864511,1,2,2026,4,Georgia State,Northern Illinois,2026-09-26T18:00:00+00:00,f5147dfd42d748b08a25c7b3,ncaa-d05e246769f11b1972c1,2026-09-26T16:30:25.242848Z,2026-09-27T17:32:44.912350+00:00,unknown,21.0,49.0,developing,False,1.492988097777778,True,17.21550553734274,10.0,WIN,0.0,,,,,54.41637861790507,56.5,WIN,0.0,,,,,T1-shadow-v1,c17e0de5d818d2124ec9,56.5,57.22563401292889,LOSS,57.54548172876298,LOSS
ncaa,401858467,24,2,2026,4,Purdue,Notre Dame,2026-09-26T18:00:00+00:00,fbf1cf8b2eff1080fc47a9cd,ncaa-d05e246769f11b1972c1,2026-09-25T13:56:05.136818Z,2026-09-27T17:32:44.912350+00:00,unknown,-39.0,59.0,developing,False,28.06523977277778,True,-25.475566491052213,-28.0,LOSS,0.5,,,,,54.68272913327214,58.0,LOSS,1.0,,,,,T1-shadow-v1,c17e0de5d818d2124ec9,58.0,58.72563401292889,WIN,58.48290964917814,WIN
ncaa,401858467,1,2,2026,4,Purdue,Notre Dame,2026-09-26T18:00:00+00:00,76e46f419007dc9d48a75380,ncaa-d05e246769f11b1972c1,2026-09-26T16:30:25.242848Z,2026-09-27T17:32:44.912350+00:00,unknown,-39.0,59.0,developing,False,1.492988097777778,True,-25.349670263965496,-27.5,LOSS,0.0,,,,,57.130972664852514,57.0,WIN,0.0,,,,,T1-shadow-v1,c17e0de5d818d2124ec9,57.0,57.72563401292889,WIN,57.48290964917814,WIN
ncaa,401864510,24,2,2026,4,Wyoming,Hawai'i,2026-09-26T19:00:00+00:00,5632c278a74f858a4c72dc1f,ncaa-d05e246769f11b1972c1,2026-09-25T18:43:34.237025Z,2026-09-27T17:32:44.912350+00:00,unknown,17.0,37.0,developing,False,24.27382304861112,True,0.3102275232666915,-2.5,WIN,0.5,,,,,47.81240975154846,43.5,LOSS,0.0,,,,,T1-shadow-v1,c17e0de5d818d2124ec9,43.5,44.22563401292889,LOSS,45.68533555258195,LOSS
ncaa,401864510,1,2,2026,4,Wyoming,Hawai'i,2026-09-26T19:00:00+00:00,dd77cb9393201c0922c25603,ncaa-d05e246769f11b1972c1,2026-09-26T16:30:25.242848Z,2026-09-27T17:32:44.912350+00:00,unknown,17.0,37.0,developing,False,2.492988097777778,True,0.3004853455311194,-2.0,WIN,0.0,,,,,49.24281226012708,43.5,LOSS,0.0,,,,,T1-shadow-v1,c17e0de5d818d2124ec9,43.5,44.22563401292889,LOSS,45.68533555258195,LOSS
ncaa,401858237,24,2,2026,4,Florida State,Central Arkansas,2026-09-26T19:00:00+00:00,ad0e11f422b5548679163538,ncaa-d05e246769f11b1972c1,2026-09-25T18:43:34.237025Z,2026-09-27T17:32:44.912350+00:00,unknown,27.0,41.0,incomplete,True,24.27382304861112,True,14.685955891551576,45.5,WIN,-1.0,,,,,58.33084189578714,63.5,WIN,0.0,,,,,T1-shadow-v1,c17e0de5d818d2124ec9,63.5,64.2256340129289,LOSS,63.74373841920377,LOSS
ncaa,401858237,1,2,2026,4,Florida State,Central Arkansas,2026-09-26T19:00:00+00:00,ba34a25d12bb7b15ae6cebfd,ncaa-d05e246769f11b1972c1,2026-09-26T16:30:25.242848Z,2026-09-27T17:32:44.912350+00:00,unknown,27.0,41.0,incomplete,True,2.492988097777778,True,15.253362825212225,46.5,WIN,0.0,,,,,57.27840071926708,63.5,WIN,0.0,,,,,T1-shadow-v1,c17e0de5d818d2124ec9,63.5,64.2256340129289,LOSS,63.74373841920377,LOSS
ncaa,401864579,24,2,2026,4,New Mexico State,New Mexico,2026-09-26T19:30:00+00:00,e721e489e3cd1eb295ec5ab5,ncaa-d05e246769f11b1972c1,2026-09-25T18:43:34.237025Z,2026-09-27T17:32:44.912350+00:00,unknown,-24.0,60.0,developing,False,24.77382304861112,True,-11.67793726620015,-11.0,WIN,0.0,,,,,52.620622281190165,48.5,WIN,-1.0,,,,,T1-shadow-v1,c17e0de5d818d2124ec9,48.5,49.22563401292889,WIN,49.91433045857757,WIN
ncaa,401864579,1,2,2026,4,New Mexico State,New Mexico,2026-09-26T19:30:00+00:00,ed9dc78bc6660f103ca451f7,ncaa-d05e246769f11b1972c1,2026-09-26T16:30:25.242848Z,2026-09-27T17:32:44.912350+00:00,unknown,-24.0,60.0,developing,False,2.992988097777778,True,-11.80666136164677,-11.0,WIN,0.0,,,,,53.37615137633952,47.5,WIN,0.0,,,,,T1-shadow-v1,c17e0de5d818d2124ec9,47.5,48.22563401292889,WIN,48.91433045857757,WIN
ncaa,401856815,24,2,2026,4,UCF,TCU,2026-09-26T19:30:00+00:00,4918116e79ac799a06ebffdd,ncaa-d05e246769f11b1972c1,2026-09-25T18:43:34.237025Z,2026-09-27T17:32:44.912350+00:00,unknown,8.0,34.0,developing,False,24.77382304861112,True,-1.681344151238445,-3.0,WIN,0.0,,,,,52.02128055930682,48.5,LOSS,-0.5,,,,,T1-shadow-v1,c17e0de5d818d2124ec9,48.5,49.22563401292889,LOSS,49.628547937094304,LOSS
ncaa,401856815,1,2,2026,4,UCF,TCU,2026-09-26T19:30:00+00:00,554901b136fe2d1072b095aa,ncaa-d05e246769f11b1972c1,2026-09-26T16:30:25.242848Z,2026-09-27T17:32:44.912350+00:00,unknown,8.0,34.0,developing,False,2.992988097777778,True,-1.700608729631038,-3.0,WIN,0.0,,,,,54.1903219242849,48.0,LOSS,0.0,,,,,T1-shadow-v1,c17e0de5d818d2124ec9,48.0,48.72563401292889,LOSS,49.128547937094304,LOSS
ncaa,401856816,24,2,2026,4,Iowa State,Utah,2026-09-26T19:30:00+00:00,fdf7e74d37594e8436fc4cfd,ncaa-d05e246769f11b1972c1,2026-09-25T18:43:34.237025Z,2026-09-27T17:32:44.912350+00:00,unknown,-14.0,48.0,developing,False,24.77382304861112,True,-7.85369055675749,-7.5,WIN,0.0,,,,,55.52889609389792,47.5,WIN,-0.5,,,,,T1-shadow-v1,c17e0de5d818d2124ec9,47.5,48.22563401292889,WIN,47.82593648863273,WIN
ncaa,401856816,1,2,2026,4,Iowa State,Utah,2026-09-26T19:30:00+00:00,90f890557db0bc955accdd90,ncaa-d05e246769f11b1972c1,2026-09-26T16:30:25.242848Z,2026-09-27T17:32:44.912350+00:00,unknown,-14.0,48.0,developing,False,2.992988097777778,True,-7.937707385501077,-7.5,WIN,0.0,,,,,57.98116360563781,47.0,WIN,0.0,,,,,T1-shadow-v1,c17e0de5d818d2124ec9,47.0,47.72563401292889,WIN,47.32593648863273,WIN
ncaa,401866428,24,2,2026,4,Ohio,Stonehill,2026-09-26T19:30:00+00:00,841902f235692d259f1b6a85,ncaa-d05e246769f11b1972c1,2026-09-25T18:43:34.237025Z,2026-09-27T17:32:44.912350+00:00,unknown,28.0,42.0,incomplete,True,24.77382304861112,True,9.255182405629055,33.5,WIN,1.0,,,,,50.17257700907183,53.5,WIN,0.0,,,,,T1-shadow-v1,c17e0de5d818d2124ec9,53.5,54.22563401292889,LOSS,55.23255316333336,LOSS
ncaa,401866428,1,2,2026,4,Ohio,Stonehill,2026-09-26T19:30:00+00:00,214eece1fc498c780141c0d8,ncaa-d05e246769f11b1972c1,2026-09-26T16:30:25.242848Z,2026-09-27T17:32:44.912350+00:00,unknown,28.0,42.0,incomplete,True,2.992988097777778,True,9.251419822110384,32.5,WIN,0.0,,,,,50.88011975349371,53.5,WIN,0.0,,,,,T1-shadow-v1,c17e0de5d818d2124ec9,53.5,54.22563401292889,LOSS,55.23255316333336,LOSS
ncaa,401861970,24,2,2026,4,Miami (OH),UConn,2026-09-26T19:30:00+00:00,b5fee2bd726158bc00abd3f3,ncaa-d05e246769f11b1972c1,2026-09-25T18:43:34.237025Z,2026-09-27T17:32:44.912350+00:00,unknown,3.0,45.0,developing,False,24.77382304861112,True,1.1019347353219586,3.5,WIN,0.5,,,,,58.515289470645854,52.0,LOSS,0.0,,,,,T1-shadow-v1,c17e0de5d818d2124ec9,52.0,52.72563401292889,LOSS,51.90065010133278,WIN
ncaa,401861970,1,2,2026,4,Miami (OH),UConn,2026-09-26T19:30:00+00:00,233e07a90652cc0b134d4bce,ncaa-d05e246769f11b1972c1,2026-09-26T16:30:25.242848Z,2026-09-27T17:32:44.912350+00:00,unknown,3.0,45.0,developing,False,2.992988097777778,True,1.1463009716143138,3.0,PUSH,0.0,,,,,60.08184294877946,52.0,LOSS,0.0,,,,,T1-shadow-v1,c17e0de5d818d2124ec9,52.0,52.72563401292889,LOSS,51.90065010133278,WIN
ncaa,401868188,24,2,2026,4,Marshall,Gardner-Webb,2026-09-26T19:30:00+00:00,70f8fb1414523234ae9fd9cd,ncaa-d05e246769f11b1972c1,2026-09-25T18:43:34.237025Z,2026-09-27T17:32:44.912350+00:00,unknown,1.0,71.0,incomplete,False,24.77382304861112,True,11.993657597845608,23.5,WIN,-2.0,,,,,56.83080694159937,52.5,WIN,4.0,,,,,T1-shadow-v1,c17e0de5d818d2124ec9,52.5,53.22563401292889,WIN,53.377277171409325,WIN
ncaa,401868188,1,2,2026,4,Marshall,Gardner-Webb,2026-09-26T19:30:00+00:00,7a79f16785c4067cca9ba541,ncaa-d05e246769f11b1972c1,2026-09-26T16:30:25.242848Z,2026-09-27T17:32:44.912350+00:00,unknown,1.0,71.0,incomplete,False,2.992988097777778,True,12.194322985510556,25.5,WIN,0.0,,,,,55.88147134127875,56.5,LOSS,0.0,,,,,T1-shadow-v1,c17e0de5d818d2124ec9,56.5,57.22563401292889,WIN,57.377277171409325,WIN
ncaa,401866426,24,2,2026,4,Buffalo,Robert Morris,2026-09-26T19:30:00+00:00,87dd0bb4180d21cf2bd459dc,ncaa-d05e246769f11b1972c1,2026-09-25T18:43:34.237025Z,2026-09-27T17:32:44.912350+00:00,unknown,3.0,59.0,incomplete,True,24.77382304861112,True,7.15470309781059,28.5,WIN,0.0,,,,,47.3310695023772,46.5,WIN,0.0,,,,,T1-shadow-v1,c17e0de5d818d2124ec9,46.5,47.22563401292889,WIN,48.67705597410946,WIN
ncaa,401866426,1,2,2026,4,Buffalo,Robert Morris,2026-09-26T19:30:00+00:00,97948a981c08605a3e940844,ncaa-d05e246769f11b1972c1,2026-09-26T16:30:25.242848Z,2026-09-27T17:32:44.912350+00:00,unknown,3.0,59.0,incomplete,True,2.992988097777778,True,7.156917844657524,28.5,WIN,0.0,,,,,48.17740150573432,46.5,WIN,0.0,,,,,T1-shadow-v1,c17e0de5d818d2124ec9,46.5,47.22563401292889,WIN,48.67705597410946,WIN
ncaa,401858244,24,2,2026,4,Duke,William & Mary,2026-09-26T19:30:00+00:00,225cb50dcba41bc5924d406f,ncaa-d05e246769f11b1972c1,2026-09-25T18:43:34.237025Z,2026-09-27T17:32:44.912350+00:00,unknown,55.0,69.0,incomplete,True,24.77382304861112,False,22.569024478295404,44.5,LOSS,0.0,,,,,58.132863377168135,62.5,LOSS,0.0,,,,,T1-shadow-v1,c17e0de5d818d2124ec9,62.5,63.22563401292889,WIN,62.97781272115141,WIN
ncaa,401858244,1,2,2026,4,Duke,William & Mary,2026-09-26T19:30:00+00:00,39a3b815ae92835030369b40,ncaa-d05e246769f11b1972c1,2026-09-26T16:30:25.242848Z,2026-09-27T17:32:44.912350+00:00,unknown,55.0,69.0,incomplete,True,2.992988097777778,False,23.01924613820929,44.5,LOSS,0.0,,,,,56.634788294231946,62.5,LOSS,0.0,,,,,T1-shadow-v1,c17e0de5d818d2124ec9,62.5,63.22563401292889,WIN,62.97781272115141,WIN
ncaa,401862781,24,2,2026,4,East Carolina,North Carolina Central,2026-09-26T20:00:00+00:00,e7d2001df940fb0f27cb5586,ncaa-d05e246769f11b1972c1,2026-09-25T18:43:34.237025Z,2026-09-27T17:32:44.912350+00:00,unknown,33.0,51.0,incomplete,True,25.27382304861112,False,7.728170878540257,36.5,WIN,-1.0,,,,,60.56073379730695,55.5,LOSS,3.0,,,,,T1-shadow-v1,c17e0de5d818d2124ec9,55.5,56.22563401292889,LOSS,55.5953812792768,LOSS
ncaa,401862781,1,2,2026,4,East Carolina,North Carolina Central,2026-09-26T20:00:00+00:00,433259225d635a1010c979d3,ncaa-d05e246769f11b1972c1,2026-09-26T16:30:25.242848Z,2026-09-27T17:32:44.912350+00:00,unknown,33.0,51.0,incomplete,True,3.492988097777778,False,7.738394866946014,37.5,WIN,0.0,,,,,60.45733503825639,58.5,LOSS,0.0,,,,,T1-shadow-v1,c17e0de5d818d2124ec9,58.5,59.22563401292889,LOSS,58.5953812792768,LOSS
ncaa,401862785,24,2,2026,4,Bowling Green,South Florida,2026-09-26T21:00:00+00:00,e104b8d8c5b946792e9f400a,ncaa-d05e246769f11b1972c1,2026-09-25T18:43:34.237025Z,2026-09-27T17:32:44.912350+00:00,unknown,-8.0,20.0,developing,False,26.27382304861112,True,-22.430714818154456,-18.0,LOSS,0.0,,,,,51.95406664992062,49.0,LOSS,0.0,,,,,T1-shadow-v1,c17e0de5d818d2124ec9,49.0,49.72563401292889,LOSS,50.19302390318218,LOSS
ncaa,401862785,1,2,2026,4,Bowling Green,South Florida,2026-09-26T21:00:00+00:00,445f77cdbb057b6051f6ed19,ncaa-d05e246769f11b1972c1,2026-09-26T16:30:25.242848Z,2026-09-27T17:32:44.912350+00:00,unknown,-8.0,20.0,developing,False,4.492988097777777,True,-22.28357677489748,-18.0,LOSS,0.0,,,,,55.17513650585855,49.0,LOSS,0.0,,,,,T1-shadow-v1,c17e0de5d818d2124ec9,49.0,49.72563401292889,LOSS,50.19302390318218,LOSS
ncaa,401869961,24,2,2026,4,Old Dominion,James Madison,2026-09-26T22:00:00+00:00,755917e9f83d01e2056c0c32,ncaa-d05e246769f11b1972c1,2026-09-25T18:43:34.237025Z,2026-09-27T17:32:44.912350+00:00,unknown,-26.0,66.0,developing,False,27.27382304861112,False,-0.3200389510765803,-6.0,LOSS,-0.5,,,,,51.99020171061837,44.5,WIN,-0.5,,,,,T1-shadow-v1,c17e0de5d818d2124ec9,44.5,45.22563401292889,WIN,45.60073075944968,WIN
ncaa,401869961,1,2,2026,4,Old Dominion,James Madison,2026-09-26T22:00:00+00:00,eadff31bf1fe0c4053b2c811,ncaa-d05e246769f11b1972c1,2026-09-26T16:30:25.242848Z,2026-09-27T17:32:44.912350+00:00,unknown,-26.0,66.0,developing,False,5.492988097777777,False,-0.3062273867233846,-7.0,LOSS,0.5,0.5,-6.5,Bovada,2026-09-26T21:16:40.290951+00:00,54.70752994022196,42.5,WIN,1.5,1.5,44.0,Bovada,2026-09-26T21:16:40.290951+00:00,T1-shadow-v1,c17e0de5d818d2124ec9,42.5,43.22563401292889,WIN,43.60073075944968,WIN
ncaa,401860892,24,2,2026,4,Texas State,Incarnate Word,2026-09-26T22:00:00+00:00,9b985c21b90fe24facf454b1,ncaa-d05e246769f11b1972c1,2026-09-25T18:43:34.237025Z,2026-09-27T17:32:44.912350+00:00,unknown,53.0,73.0,incomplete,False,27.27382304861112,False,11.075471523692324,30.5,LOSS,0.0,,,,,61.3566500053208,64.5,LOSS,-2.0,,,,,T1-shadow-v1,c17e0de5d818d2124ec9,64.5,65.2256340129289,WIN,64.24283618135175,LOSS
ncaa,401860892,1,2,2026,4,Texas State,Incarnate Word,2026-09-26T22:00:00+00:00,83ee57f3b621b9aa4876a127,ncaa-d05e246769f11b1972c1,2026-09-26T16:30:25.242848Z,2026-09-27T17:32:44.912350+00:00,unknown,53.0,73.0,incomplete,False,5.492988097777777,False,11.071586309685928,31.0,LOSS,0.5,0.5,30.5,Bovada,2026-09-26T21:16:40.290951+00:00,61.262304542575606,66.0,LOSS,-0.5,-0.5,66.5,Bovada,2026-09-26T21:16:40.290951+00:00,T1-shadow-v1,c17e0de5d818d2124ec9,66.0,66.7256340129289,WIN,65.74283618135175,LOSS
ncaa,401858239,24,2,2026,4,Virginia,Delaware,2026-09-26T22:00:00+00:00,511aadbe2e4e195c8cdca22b,ncaa-d05e246769f11b1972c1,2026-09-25T18:43:34.237025Z,2026-09-27T17:32:44.912350+00:00,unknown,39.0,45.0,developing,False,27.27382304861112,True,13.715719127211278,20.0,LOSS,0.0,,,,,55.66360189265721,52.5,LOSS,0.0,,,,,T1-shadow-v1,c17e0de5d818d2124ec9,52.5,53.22563401292889,LOSS,53.25177427617119,LOSS
ncaa,401858239,1,2,2026,4,Virginia,Delaware,2026-09-26T22:00:00+00:00,cf2b1022805fe8b6796772b6,ncaa-d05e246769f11b1972c1,2026-09-26T16:30:25.242848Z,2026-09-27T17:32:44.912350+00:00,unknown,39.0,45.0,developing,False,5.492988097777777,True,13.493112024098805,20.0,LOSS,0.0,,,,,56.80112882221152,52.5,LOSS,0.0,,,,,T1-shadow-v1,c17e0de5d818d2124ec9,52.5,53.22563401292889,LOSS,53.25177427617119,LOSS
ncaa,401867909,24,2,2026,4,Florida International,Long Island University,2026-09-26T22:00:00+00:00,60bac868b75f578fc6dda755,ncaa-d05e246769f11b1972c1,2026-09-25T18:43:34.237025Z,2026-09-27T17:32:44.912350+00:00,unknown,17.0,23.0,incomplete,True,27.27382304861112,True,12.573194330351864,36.5,WIN,-1.0,,,,,47.61557267561879,53.5,WIN,-0.5,,,,,T1-shadow-v1,c17e0de5d818d2124ec9,53.5,54.22563401292889,LOSS,55.73847236337887,LOSS
ncaa,401867909,1,2,2026,4,Florida International,Long Island University,2026-09-26T22:00:00+00:00,3fd25234c2a331487c2bc7ca,ncaa-d05e246769f11b1972c1,2026-09-26T16:30:25.242848Z,2026-09-27T17:32:44.912350+00:00,unknown,17.0,23.0,incomplete,True,5.492988097777777,True,12.590193875505747,37.5,WIN,0.0,0.0,37.5,Bovada,2026-09-26T21:16:40.290951+00:00,48.96858166739688,54.5,WIN,0.5,0.5,54.0,Bovada,2026-09-26T21:16:40.290951+00:00,T1-shadow-v1,c17e0de5d818d2124ec9,54.5,55.22563401292889,LOSS,56.73847236337887,LOSS
ncaa,401858238,24,2,2026,4,Miami,Central Michigan,2026-09-26T22:30:00+00:00,3d11870dbf5f438fb9245ae7,ncaa-d05e246769f11b1972c1,2026-09-25T18:43:34.237025Z,2026-09-27T17:32:44.912350+00:00,unknown,49.0,55.0,developing,False,27.77382304861112,True,33.68241590108869,41.0,LOSS,0.0,,,,,53.73966578505813,53.5,WIN,-0.5,,,,,T1-shadow-v1,c17e0de5d818d2124ec9,53.5,54.22563401292889,WIN,54.29890607688732,WIN
ncaa,401858238,1,2,2026,4,Miami,Central Michigan,2026-09-26T22:30:00+00:00,da478b35482b8a6de44c478f,ncaa-d05e246769f11b1972c1,2026-09-26T21:17:10.380001Z,2026-09-27T17:32:44.912350+00:00,unknown,49.0,55.0,developing,False,1.2137833330555554,True,33.515625342505544,41.0,LOSS,0.0,,,,,55.27545101656755,53.0,WIN,0.0,,,,,T1-shadow-v1,c17e0de5d818d2124ec9,53.0,53.72563401292889,WIN,53.79890607688732,WIN
ncaa,401862780,24,2,2026,4,Charlotte,Louisiana,2026-09-26T22:30:00+00:00,4b9a494e100aa503a12a134a,ncaa-d05e246769f11b1972c1,2026-09-25T18:43:34.237025Z,2026-09-27T17:32:44.912350+00:00,unknown,-27.0,41.0,developing,False,27.77382304861112,True,-10.38005508048973,-10.0,WIN,-1.0,,,,,55.02040001358244,49.0,LOSS,0.5,,,,,T1-shadow-v1,c17e0de5d818d2124ec9,49.0,49.72563401292889,LOSS,50.02380346494156,LOSS
ncaa,401862780,1,2,2026,4,Charlotte,Louisiana,2026-09-26T22:30:00+00:00,0f44219d201c2505161f38ea,ncaa-d05e246769f11b1972c1,2026-09-26T21:17:10.380001Z,2026-09-27T17:32:44.912350+00:00,unknown,-27.0,41.0,developing,False,1.2137833330555554,True,-10.44459514920282,-9.0,WIN,0.0,,,,,55.1264971833636,49.5,LOSS,0.0,,,,,T1-shadow-v1,c17e0de5d818d2124ec9,49.5,50.22563401292889,LOSS,50.52380346494156,LOSS
ncaa,401862784,24,2,2026,4,Tulane,Southern Miss,2026-09-26T23:00:00+00:00,0e4b4df4545105bd16855d04,ncaa-d05e246769f11b1972c1,2026-09-25T18:43:34.237025Z,2026-09-27T17:32:44.912350+00:00,unknown,3.0,45.0,developing,False,28.27382304861112,True,8.523198152811878,19.0,WIN,0.5,,,,,54.900438970068166,53.0,LOSS,-0.5,,,,,T1-shadow-v1,c17e0de5d818d2124ec9,53.0,53.72563401292889,LOSS,53.6971690846384,LOSS
ncaa,401862784,1,2,2026,4,Tulane,Southern Miss,2026-09-26T23:00:00+00:00,5fa2fb57d51a5308f56e9ff8,ncaa-d05e246769f11b1972c1,2026-09-26T21:17:10.380001Z,2026-09-27T17:32:44.912350+00:00,unknown,3.0,45.0,developing,False,1.7137833330555554,True,8.471739610639387,18.5,WIN,0.0,,,,,56.52289377282412,52.5,LOSS,0.0,,,,,T1-shadow-v1,c17e0de5d818d2124ec9,52.5,53.22563401292889,LOSS,53.1971690846384,LOSS
ncaa,401856814,24,2,2026,4,Cincinnati,Kansas State,2026-09-26T23:00:00+00:00,df2daf0f54f9734897666815,ncaa-d05e246769f11b1972c1,2026-09-25T18:43:34.237025Z,2026-09-27T17:32:44.912350+00:00,unknown,5.0,57.0,developing,False,28.27382304861112,True,3.705892621452361,-6.0,WIN,0.0,,,,,59.77242920302565,55.5,WIN,-0.5,,,,,T1-shadow-v1,c17e0de5d818d2124ec9,55.5,56.22563401292889,WIN,54.75266234733007,LOSS
ncaa,401856814,1,2,2026,4,Cincinnati,Kansas State,2026-09-26T23:00:00+00:00,11be33b9b32216cdf98d39a2,ncaa-d05e246769f11b1972c1,2026-09-26T21:17:10.380001Z,2026-09-27T17:32:44.912350+00:00,unknown,5.0,57.0,developing,False,1.7137833330555554,True,3.648656371232085,-6.0,WIN,0.0,,,,,61.25312426662003,55.0,WIN,0.0,,,,,T1-shadow-v1,c17e0de5d818d2124ec9,55.0,55.72563401292889,WIN,54.25266234733007,LOSS
ncaa,401871048,24,2,2026,4,Jacksonville State,Middle Tennessee,2026-09-26T23:00:00+00:00,ecd2f7e1a83727a37dbc6b0c,ncaa-d05e246769f11b1972c1,2026-09-25T18:43:34.237025Z,2026-09-27T17:32:44.912350+00:00,unknown,10.0,36.0,developing,False,28.27382304861112,True,9.065798946033365,7.0,WIN,0.0,,,,,57.63450328939233,51.5,LOSS,0.0,,,,,T1-shadow-v1,c17e0de5d818d2124ec9,51.5,52.22563401292889,LOSS,51.736265201966965,LOSS
ncaa,401871048,1,2,2026,4,Jacksonville State,Middle Tennessee,2026-09-26T23:00:00+00:00,94bde6b4905c1ae8d1a420bf,ncaa-d05e246769f11b1972c1,2026-09-26T21:17:10.380001Z,2026-09-27T17:32:44.912350+00:00,unknown,10.0,36.0,developing,False,1.7137833330555554,True,9.109490265162668,7.0,WIN,0.0,,,,,58.13455813267717,51.5,LOSS,0.0,,,,,T1-shadow-v1,c17e0de5d818d2124ec9,51.5,52.22563401292889,LOSS,51.736265201966965,LOSS
ncaa,401869931,24,2,2026,4,Arkansas State,Kennesaw State,2026-09-26T23:00:00+00:00,8535f33b56aa2d40a2746141,ncaa-d05e246769f11b1972c1,2026-09-25T18:43:34.237025Z,2026-09-27T17:32:44.912350+00:00,unknown,3.0,31.0,developing,False,28.27382304861112,True,2.006506613229571,6.5,WIN,0.0,,,,,56.256281975877705,53.0,LOSS,-0.5,,,,,T1-shadow-v1,c17e0de5d818d2124ec9,53.0,53.72563401292889,LOSS,53.60698848060368,LOSS
ncaa,401869931,1,2,2026,4,Arkansas State,Kennesaw State,2026-09-26T23:00:00+00:00,cc5f038dddb6153f6a0d4043,ncaa-d05e246769f11b1972c1,2026-09-26T21:17:10.380001Z,2026-09-27T17:32:44.912350+00:00,unknown,3.0,31.0,developing,False,1.7137833330555554,True,2.0325772557231305,6.5,WIN,0.0,,,,,57.311773387202585,52.5,LOSS,0.0,,,,,T1-shadow-v1,c17e0de5d818d2124ec9,52.5,53.22563401292889,LOSS,53.10698848060368,LOSS
ncaa,401870745,24,2,2026,4,Western Kentucky,Mercyhurst,2026-09-26T23:00:00+00:00,0629126d7913def9bf340504,ncaa-d05e246769f11b1972c1,2026-09-25T18:43:34.237025Z,2026-09-27T17:32:44.912350+00:00,unknown,45.0,59.0,incomplete,True,28.27382304861112,False,8.330685159074928,40.5,LOSS,0.0,,,,,53.140307062253655,56.5,LOSS,-2.5,,,,,T1-shadow-v1,c17e0de5d818d2124ec9,56.5,57.22563401292889,WIN,57.75621949769976,WIN
ncaa,401870745,1,2,2026,4,Western Kentucky,Mercyhurst,2026-09-26T23:00:00+00:00,e7dc5656000df216d054e8de,ncaa-d05e246769f11b1972c1,2026-09-26T21:17:10.380001Z,2026-09-27T17:32:44.912350+00:00,unknown,45.0,59.0,incomplete,True,1.7137833330555554,False,8.335623210430883,40.5,LOSS,0.0,,,,,53.55295116421338,59.0,PUSH,0.0,,,,,T1-shadow-v1,c17e0de5d818d2124ec9,59.0,59.72563401292889,PUSH,60.25621949769976,PUSH
ncaa,401862783,24,2,2026,4,North Texas,Houston Christian,2026-09-26T23:30:00+00:00,beb44c36a7c3d6a1d0f31511,ncaa-d05e246769f11b1972c1,2026-09-25T23:21:28.911296Z,2026-09-27T17:32:44.912350+00:00,unknown,49.0,77.0,incomplete,False,24.141969084444444,False,21.09734797073093,38.5,LOSS,0.5,,,,,61.49391285174525,60.5,WIN,0.0,,,,,T1-shadow-v1,c17e0de5d818d2124ec9,60.5,61.22563401292889,WIN,60.62582298243532,WIN
ncaa,401862783,1,2,2026,4,North Texas,Houston Christian,2026-09-26T23:30:00+00:00,6e86ee58e16b5d68050e2cae,ncaa-d05e246769f11b1972c1,2026-09-26T21:17:10.380001Z,2026-09-27T17:32:44.912350+00:00,unknown,49.0,77.0,incomplete,False,2.2137833330555554,False,21.086603456576576,38.0,LOSS,0.0,,,,,60.99896090332249,60.5,WIN,0.0,,,,,T1-shadow-v1,c17e0de5d818d2124ec9,60.5,61.22563401292889,WIN,60.62582298243532,WIN
ncaa,401856804,24,2,2026,4,Washington State,Arizona,2026-09-26T23:30:00+00:00,efc88d36ac0f1e8656105ac2,ncaa-d05e246769f11b1972c1,2026-09-25T23:21:28.911296Z,2026-09-27T17:32:44.912350+00:00,unknown,-10.0,58.0,developing,False,24.141969084444444,True,-6.978188006574114,-10.5,WIN,-0.5,,,,,50.31276985994814,48.0,WIN,0.0,,,,,T1-shadow-v1,c17e0de5d818d2124ec9,48.0,48.72563401292889,WIN,49.47216842062669,WIN
ncaa,401856804,1,2,2026,4,Washington State,Arizona,2026-09-26T23:30:00+00:00,645f515721a6b9284243a1fe,ncaa-d05e246769f11b1972c1,2026-09-26T21:17:10.380001Z,2026-09-27T17:32:44.912350+00:00,unknown,-10.0,58.0,developing,False,2.2137833330555554,True,-7.070131915335007,-11.0,WIN,0.0,,,,,52.31005971569193,48.0,WIN,0.0,,,,,T1-shadow-v1,c17e0de5d818d2124ec9,48.0,48.72563401292889,WIN,49.47216842062669,WIN
ncaa,401864572,24,2,2026,4,NC State,App State,2026-09-26T23:30:00+00:00,7b082932d2a1ad853531e027,ncaa-d05e246769f11b1972c1,2026-09-25T23:21:28.911296Z,2026-09-27T17:32:44.912350+00:00,unknown,10.0,72.0,developing,False,24.141969084444444,True,12.226371651109329,14.0,WIN,1.5,1.0,13.0,Bovada,2026-09-26T23:09:37.832448+00:00,61.393336968876646,55.5,WIN,0.0,0.5,56.0,Bovada,2026-09-26T23:09:37.832448+00:00,T1-shadow-v1,c17e0de5d818d2124ec9,55.5,56.22563401292889,WIN,55.02159145061146,LOSS
ncaa,401864572,1,2,2026,4,NC State,App State,2026-09-26T23:30:00+00:00,4bf15753652f7b015387be72,ncaa-d05e246769f11b1972c1,2026-09-26T21:17:10.380001Z,2026-09-27T17:32:44.912350+00:00,unknown,10.0,72.0,developing,False,2.2137833330555554,True,12.194323582449549,12.5,WIN,0.0,-0.5,13.0,Bovada,2026-09-26T23:09:37.832448+00:00,62.18594672870193,55.5,WIN,0.0,0.5,56.0,Bovada,2026-09-26T23:09:37.832448+00:00,T1-shadow-v1,c17e0de5d818d2124ec9,55.5,56.22563401292889,WIN,55.02159145061146,LOSS
ncaa,401860894,24,2,2026,4,Utah State,Troy,2026-09-26T23:30:00+00:00,eb15948f4126260b4b85132d,ncaa-d05e246769f11b1972c1,2026-09-25T23:21:28.911296Z,2026-09-27T17:32:44.912350+00:00,unknown,11.0,31.0,developing,False,24.141969084444444,True,3.1517184158344222,3.0,WIN,0.0,,,,,53.62537517492287,47.0,LOSS,0.0,,,,,T1-shadow-v1,c17e0de5d818d2124ec9,47.0,47.72563401292889,LOSS,47.94600745882938,LOSS
ncaa,401860894,1,2,2026,4,Utah State,Troy,2026-09-26T23:30:00+00:00,060ae76b05c0994723fdc4c5,ncaa-d05e246769f11b1972c1,2026-09-26T21:17:10.380001Z,2026-09-27T17:32:44.912350+00:00,unknown,11.0,31.0,developing,False,2.2137833330555554,True,3.159509846074628,3.0,WIN,0.0,,,,,55.37769130355505,47.0,LOSS,0.0,,,,,T1-shadow-v1,c17e0de5d818d2124ec9,47.0,47.72563401292889,LOSS,47.94600745882938,LOSS
ncaa,401856697,24,2,2026,4,Arkansas,Tulsa,2026-09-27T00:00:00+00:00,687544fa049ccbc191cf3e10,ncaa-d05e246769f11b1972c1,2026-09-25T23:21:28.911296Z,2026-09-27T17:32:44.912350+00:00,unknown,28.0,40.0,developing,False,24.641969084444444,True,9.506193640327586,7.0,WIN,0.0,,,,,55.80504462302011,51.0,LOSS,-1.0,,,,,T1-shadow-v1,c17e0de5d818d2124ec9,51.0,51.72563401292889,LOSS,51.47350364639867,LOSS
ncaa,401856697,1,2,2026,4,Arkansas,Tulsa,2026-09-27T00:00:00+00:00,a07561104d25943e42c4d360,ncaa-d05e246769f11b1972c1,2026-09-26T21:17:10.380001Z,2026-09-27T17:32:44.912350+00:00,unknown,28.0,40.0,developing,False,2.713783333055556,True,9.471814045966427,7.0,WIN,0.0,,,,,57.770771958322186,50.0,LOSS,0.0,,,,,T1-shadow-v1,c17e0de5d818d2124ec9,50.0,50.72563401292889,LOSS,50.47350364639867,LOSS
ncaa,401862782,24,2,2026,4,UL Monroe,Florida Atlantic,2026-09-27T00:00:00+00:00,77b09ecec91c83644c33a219,ncaa-d05e246769f11b1972c1,2026-09-25T23:21:28.911296Z,2026-09-27T17:32:44.912350+00:00,unknown,-28.0,62.0,developing,False,24.641969084444444,False,-0.9635601493645664,-11.5,LOSS,0.0,,,,,56.301734685236845,58.0,LOSS,0.0,,,,,T1-shadow-v1,c17e0de5d818d2124ec9,58.0,58.72563401292889,WIN,58.68079121800883,WIN
ncaa,401862782,1,2,2026,4,UL Monroe,Florida Atlantic,2026-09-27T00:00:00+00:00,859851992fe8d6b567994d03,ncaa-d05e246769f11b1972c1,2026-09-26T21:17:10.380001Z,2026-09-27T17:32:44.912350+00:00,unknown,-28.0,62.0,developing,False,2.713783333055556,False,-0.9685983722192096,-11.5,LOSS,0.0,,,,,56.34536717647279,58.0,LOSS,0.0,,,,,T1-shadow-v1,c17e0de5d818d2124ec9,58.0,58.72563401292889,WIN,58.68079121800883,WIN
ncaa,401858241,24,2,2026,4,SMU,Missouri State,2026-09-27T01:00:00+00:00,9d36059dae087534b252bb17,ncaa-d05e246769f11b1972c1,2026-09-25T23:21:28.911296Z,2026-09-27T17:32:44.912350+00:00,unknown,10.0,58.0,developing,False,25.641969084444444,True,27.11605051157068,34.5,WIN,4.0,,,,,61.56914987464799,60.0,LOSS,0.5,,,,,T1-shadow-v1,c17e0de5d818d2124ec9,60.0,60.72563401292889,LOSS,59.60671617376594,WIN
ncaa,401858241,1,2,2026,4,SMU,Missouri State,2026-09-27T01:00:00+00:00,edd59241c6049ea0c9f6ea43,ncaa-d05e246769f11b1972c1,2026-09-26T21:17:10.380001Z,2026-09-27T17:32:44.912350+00:00,unknown,10.0,58.0,developing,False,3.713783333055556,True,27.156456226168643,31.5,WIN,1.0,1.0,30.5,Bovada,2026-09-27T00:41:17.492621+00:00,62.65446311680476,60.0,LOSS,0.5,0.5,60.5,Bovada,2026-09-27T00:41:17.492621+00:00,T1-shadow-v1,c17e0de5d818d2124ec9,60.0,60.72563401292889,LOSS,59.60671617376594,WIN
ncaa,401866429,24,2,2026,4,Sacramento State,Massachusetts,2026-09-27T01:00:00+00:00,3cea30c61730a3d173d8a6f6,ncaa-d05e246769f11b1972c1,2026-09-25T23:21:28.911296Z,2026-09-27T17:32:44.912350+00:00,unknown,-29.0,41.0,incomplete,False,25.641969084444444,False,8.980343720510369,-4.5,LOSS,-1.5,,,,,55.25219145024543,48.5,LOSS,1.0,,,,,T1-shadow-v1,c17e0de5d818d2124ec9,48.5,49.22563401292889,LOSS,49.30913468126927,LOSS
ncaa,401866429,1,2,2026,4,Sacramento State,Massachusetts,2026-09-27T01:00:00+00:00,8040a72fc1991fbdda19fb20,ncaa-d05e246769f11b1972c1,2026-09-26T21:17:10.380001Z,2026-09-27T17:32:44.912350+00:00,unknown,-29.0,41.0,incomplete,False,3.713783333055556,False,8.921479179006006,-4.5,LOSS,-1.5,-1.5,-6.0,Bovada,2026-09-27T00:41:17.492621+00:00,55.47675860315809,49.0,LOSS,0.5,0.5,49.5,Bovada,2026-09-27T00:41:17.492621+00:00,T1-shadow-v1,c17e0de5d818d2124ec9,49.0,49.72563401292889,LOSS,49.80913468126927,LOSS
ncaa,401860895,24,2,2026,4,UTEP,Oregon State,2026-09-27T01:00:00+00:00,d8ddd85caa31b1b749030919,ncaa-d05e246769f11b1972c1,2026-09-25T23:21:28.911296Z,2026-09-27T17:32:44.912350+00:00,unknown,-26.0,40.0,developing,False,25.641969084444444,False,5.611527456680406,-11.0,LOSS,-0.5,-0.5,-11.5,Bovada,2026-09-27T00:41:17.492621+00:00,49.75776817631077,56.0,WIN,-0.5,-0.5,56.5,Bovada,2026-09-27T00:41:17.492621+00:00,T1-shadow-v1,c17e0de5d818d2124ec9,56.0,56.72563401292889,LOSS,57.71055665706135,LOSS
ncaa,401860895,1,2,2026,4,UTEP,Oregon State,2026-09-27T01:00:00+00:00,aadd8339089ee993a7d126ad,ncaa-d05e246769f11b1972c1,2026-09-26T21:17:10.380001Z,2026-09-27T17:32:44.912350+00:00,unknown,-26.0,40.0,developing,False,3.713783333055556,False,5.557129693819711,-11.0,LOSS,-0.5,-0.5,-11.5,Bovada,2026-09-27T00:41:17.492621+00:00,51.16332323830717,56.0,WIN,-0.5,-0.5,56.5,Bovada,2026-09-27T00:41:17.492621+00:00,T1-shadow-v1,c17e0de5d818d2124ec9,56.0,56.72563401292889,LOSS,57.71055665706135,LOSS
ncaa,401860891,24,2,2026,4,Fresno State,Rice,2026-09-27T02:00:00+00:00,182368d807aa54ee470b9b5a,ncaa-d05e246769f11b1972c1,2026-09-25T23:21:28.911296Z,2026-09-27T17:32:44.912350+00:00,unknown,14.0,62.0,developing,False,26.641969084444444,True,10.600939982279383,13.0,LOSS,0.5,,,,,48.32138227436581,44.0,WIN,-0.5,,,,,T1-shadow-v1,c17e0de5d818d2124ec9,44.0,44.72563401292889,WIN,46.264464517540674,WIN
ncaa,401860891,1,2,2026,4,Fresno State,Rice,2026-09-27T02:00:00+00:00,0f87d7d578b0e4f0d4870237,ncaa-d05e246769f11b1972c1,2026-09-27T00:42:00.288107Z,2026-09-27T17:32:44.912350+00:00,unknown,14.0,62.0,developing,False,1.2999199702777775,True,10.519931694660883,12.5,LOSS,0.0,,,,,49.06597243613542,43.5,WIN,0.0,,,,,T1-shadow-v1,c17e0de5d818d2124ec9,43.5,44.22563401292889,WIN,45.764464517540674,WIN
ncaa,401864509,24,2,2026,4,Nevada,Air Force,2026-09-27T02:30:00+00:00,6b72db3c24952862a5325d8b,ncaa-d05e246769f11b1972c1,2026-09-25T23:21:28.911296Z,2026-09-27T17:32:44.912350+00:00,unknown,-3.0,69.0,early-season,False,27.141969084444444,True,1.0317297366200329,-5.5,WIN,0.0,,,,,53.90558267389459,50.5,WIN,0.0,,,,,T1-shadow-v1,c17e0de5d818d2124ec9,50.5,51.22563401292889,WIN,51.26689075160915,WIN
ncaa,401864509,1,2,2026,4,Nevada,Air Force,2026-09-27T02:30:00+00:00,edf239e1ccb558bb98b016cd,ncaa-d05e246769f11b1972c1,2026-09-27T00:42:00.288107Z,2026-09-27T17:32:44.912350+00:00,unknown,-3.0,69.0,early-season,False,1.7999199702777775,True,1.1847920538896108,-5.5,WIN,0.0,,,,,52.17405027126797,50.5,WIN,0.0,,,,,T1-shadow-v1,c17e0de5d818d2124ec9,50.5,51.22563401292889,WIN,51.26689075160915,WIN
ncaa,401858240,24,2,2026,4,Stanford,Georgia Tech,2026-09-27T02:30:00+00:00,6105b38ed66249eb6023b300,ncaa-d05e246769f11b1972c1,2026-09-25T23:21:28.911296Z,2026-09-27T17:32:44.912350+00:00,unknown,7.0,61.0,developing,False,27.141969084444444,True,-4.120438412754127,-3.5,LOSS,-0.5,,,,,53.66342545908207,48.5,WIN,0.5,,,,,T1-shadow-v1,c17e0de5d818d2124ec9,48.5,49.22563401292889,WIN,49.06446861404763,WIN
ncaa,401858240,1,2,2026,4,Stanford,Georgia Tech,2026-09-27T02:30:00+00:00,883afcc16c2db21f6ee126e2,ncaa-d05e246769f11b1972c1,2026-09-27T00:42:00.288107Z,2026-09-27T17:32:44.912350+00:00,unknown,7.0,61.0,developing,False,1.7999199702777775,True,-4.226551784001505,-3.0,LOSS,0.0,,,,,55.88030838462345,49.0,WIN,0.0,,,,,T1-shadow-v1,c17e0de5d818d2124ec9,49.0,49.72563401292889,WIN,49.56446861404763,WIN
ncaa,401858470,24,2,2026,4,Washington,Minnesota,2026-09-27T03:00:00+00:00,d2a966895d2560d0a8f376e7,ncaa-d05e246769f11b1972c1,2026-09-25T23:21:28.911296Z,2026-09-27T17:32:44.912350+00:00,unknown,-3.0,51.0,developing,False,27.641969084444444,False,18.73080516112548,10.5,LOSS,2.0,,,,,48.63307053611573,46.0,WIN,0.0,,,,,T1-shadow-v1,c17e0de5d818d2124ec9,46.0,46.72563401292889,WIN,47.597237166541404,WIN
ncaa,401858470,1,2,2026,4,Washington,Minnesota,2026-09-27T03:00:00+00:00,ced367d203e51b045be27e43,ncaa-d05e246769f11b1972c1,2026-09-27T00:42:00.288107Z,2026-09-27T17:32:44.912350+00:00,unknown,-3.0,51.0,developing,False,2.2999199702777777,False,18.13459400522461,12.5,LOSS,0.0,,,,,51.16601538455217,46.0,WIN,0.0,,,,,T1-shadow-v1,c17e0de5d818d2124ec9,46.0,46.72563401292889,WIN,47.597237166541404,WIN
ncaa,401868263,1,2,2026,4,Marist,Presbyterian,2026-09-26T16:00:00+00:00,b856943f89271cc502839d40,ncaa-d05e246769f11b1972c1,2026-09-26T11:33:23.505424Z,2026-09-27T17:32:44.912350+00:00,unknown,35.0,49.0,incomplete,False,4.443470715555556,False,0.946434192686774,8.5,LOSS,0.0,,,,,49.56333038412993,45.5,WIN,0.0,,,,,T1-shadow-v1,c17e0de5d818d2124ec9,45.5,46.22563401292889,WIN,47.62538468709201,WIN
ncaa,401866642,1,2,2026,4,Sacred Heart,New Hampshire,2026-09-26T16:00:00+00:00,56bdf3a2a2d3abe56fe991c7,ncaa-d05e246769f11b1972c1,2026-09-26T11:33:23.505424Z,2026-09-27T17:32:44.912350+00:00,unknown,7.0,33.0,incomplete,False,4.443470715555556,True,6.558055165991953,4.0,WIN,0.0,,,,,55.68462444363177,44.5,LOSS,0.0,,,,,T1-shadow-v1,c17e0de5d818d2124ec9,44.5,45.22563401292889,LOSS,44.74717108999101,LOSS
ncaa,401867818,1,2,2026,4,Georgetown,Columbia,2026-09-26T16:30:00+00:00,5ef3fe49f67156f5260f5c91,ncaa-d05e246769f11b1972c1,2026-09-26T11:33:23.505424Z,2026-09-27T17:32:44.912350+00:00,unknown,-3.0,37.0,incomplete,False,4.943470715555556,True,-4.576380509760409,-7.0,WIN,0.0,0.0,-7.0,DraftKings,2026-09-26T16:29:59.393518+00:00,47.52218182404162,52.5,WIN,0.0,6.0,46.5,DraftKings,2026-09-26T16:29:59.393518+00:00,T1-shadow-v1,c17e0de5d818d2124ec9,52.5,53.22563401292889,LOSS,55.13484080212172,LOSS
ncaa,401868024,1,2,2026,4,Lafayette,Holy Cross,2026-09-26T16:30:00+00:00,b7263a915be3224ca93aa4b9,ncaa-d05e246769f11b1972c1,2026-09-26T11:33:23.505424Z,2026-09-27T17:32:44.912350+00:00,unknown,-8.0,68.0,incomplete,False,4.943470715555556,True,10.995717175127252,5.5,LOSS,0.0,,,,,51.66055149147321,47.5,WIN,0.0,,,,,T1-shadow-v1,c17e0de5d818d2124ec9,47.5,48.22563401292889,WIN,49.17270527499978,WIN
ncaa,401868034,1,2,2026,4,Pennsylvania,Lehigh,2026-09-26T17:00:00+00:00,6053b7ea0946b8f45544f2ce,ncaa-d05e246769f11b1972c1,2026-09-26T11:33:23.505424Z,2026-09-27T17:32:44.912350+00:00,unknown,-13.0,27.0,incomplete,False,5.443470715555556,True,-7.898802016240486,-12.5,LOSS,0.0,0.0,-12.5,DraftKings,2026-09-26T16:29:59.393518+00:00,57.43315042399122,46.5,LOSS,-1.0,-1.0,45.5,DraftKings,2026-09-26T16:29:59.393518+00:00,T1-shadow-v1,c17e0de5d818d2124ec9,46.5,47.22563401292889,LOSS,46.21627191724116,WIN
ncaa,401866648,1,2,2026,4,Fordham,Stony Brook,2026-09-26T17:00:00+00:00,0d59ae4a2a6c1e80b68b6bbd,ncaa-d05e246769f11b1972c1,2026-09-26T11:33:23.505424Z,2026-09-27T17:32:44.912350+00:00,unknown,-15.0,47.0,incomplete,False,5.443470715555556,True,-1.136513142812732,-10.5,LOSS,1.0,,,,,50.3879897194246,52.5,WIN,2.0,,,,,T1-shadow-v1,c17e0de5d818d2124ec9,52.5,53.22563401292889,LOSS,54.31975189088401,LOSS
ncaa,401868219,1,2,2026,4,Davidson,Drake,2026-09-26T17:00:00+00:00,8355f701d7fbeafd4a94d5ed,ncaa-d05e246769f11b1972c1,2026-09-26T11:33:23.505424Z,2026-09-27T17:32:44.912350+00:00,unknown,-19.0,83.0,incomplete,False,5.443470715555556,False,3.6284707028109633,-11.5,LOSS,0.0,0.0,-11.5,DraftKings,2026-09-26T16:29:59.393518+00:00,49.0063939477645,53.5,LOSS,-5.0,-5.0,58.5,DraftKings,2026-09-26T16:29:59.393518+00:00,T1-shadow-v1,c17e0de5d818d2124ec9,53.5,54.22563401292889,WIN,55.71954097306314,WIN
ncaa,401866647,1,2,2026,4,Dartmouth,Monmouth,2026-09-26T17:00:00+00:00,6159e704cbaad9c0ea119c3d,ncaa-d05e246769f11b1972c1,2026-09-26T11:33:23.505424Z,2026-09-27T17:32:44.912350+00:00,unknown,-3.0,59.0,incomplete,False,5.443470715555556,True,4.322979872767548,3.0,LOSS,0.0,,,,,58.20796961627561,51.5,WIN,0.0,,,,,T1-shadow-v1,c17e0de5d818d2124ec9,51.5,52.22563401292889,WIN,51.27408805339107,LOSS
ncaa,401872618,1,2,2026,4,Merrimack,New Haven,2026-09-26T17:00:00+00:00,2ed76d7e2b513d9f6e86372c,ncaa-d05e246769f11b1972c1,2026-09-26T11:33:23.505424Z,2026-09-27T17:32:44.912350+00:00,unknown,7.0,27.0,incomplete,False,5.443470715555556,True,7.323900694189346,10.0,WIN,0.0,,,,,51.61136961982681,42.5,LOSS,0.0,,,,,T1-shadow-v1,c17e0de5d818d2124ec9,42.5,43.22563401292889,LOSS,44.07953640555208,LOSS
ncaa,401867858,1,2,2026,4,Indiana State,North Dakota,2026-09-26T17:00:00+00:00,186f625cdf89bbf7eb0d50b7,ncaa-d05e246769f11b1972c1,2026-09-26T11:33:23.505424Z,2026-09-27T17:32:44.912350+00:00,unknown,-7.0,77.0,incomplete,False,5.443470715555556,True,-9.01861033189247,-17.5,WIN,0.0,,,,,59.03867030818964,58.5,WIN,-4.0,,,,,T1-shadow-v1,c17e0de5d818d2124ec9,58.5,59.22563401292889,WIN,58.91793680500325,WIN
ncaa,401867827,1,2,2026,4,Cornell,Yale,2026-09-26T17:00:00+00:00,e73c692e57063c5240f18681,ncaa-d05e246769f11b1972c1,2026-09-26T11:33:23.505424Z,2026-09-27T17:32:44.912350+00:00,unknown,13.0,63.0,incomplete,False,5.443470715555556,True,-4.859744236132724,-14.0,WIN,0.0,0.0,-14.0,DraftKings,2026-09-26T16:29:59.393518+00:00,55.32616723601209,48.5,WIN,0.0,0.0,48.5,DraftKings,2026-09-26T16:29:59.393518+00:00,T1-shadow-v1,c17e0de5d818d2124ec9,48.5,49.22563401292889,WIN,49.42293863807493,WIN
ncaa,401868390,1,2,2026,4,Wofford,Tennessee Tech,2026-09-26T17:30:00+00:00,e136c2d97a558ba985e17131,ncaa-d05e246769f11b1972c1,2026-09-26T11:33:23.505424Z,2026-09-27T17:32:44.912350+00:00,unknown,-4.0,80.0,incomplete,False,5.943470715555556,True,-5.941893715334185,-14.0,WIN,-0.5,,,,,47.02359089785024,47.5,LOSS,0.0,,,,,T1-shadow-v1,c17e0de5d818d2124ec9,47.5,48.22563401292889,WIN,50.17204853708739,WIN
ncaa,401867885,1,2,2026,4,Youngstown State,South Dakota,2026-09-26T18:00:00+00:00,a8b366a9214a0138c7e229d1,ncaa-d05e246769f11b1972c1,2026-09-26T16:30:25.242848Z,2026-09-27T17:32:44.912350+00:00,unknown,19.0,75.0,incomplete,False,1.492988097777778,True,2.8077093934763706,1.5,WIN,0.0,,,,,66.05253467554833,65.5,WIN,0.0,,,,,T1-shadow-v1,c17e0de5d818d2124ec9,65.5,66.2256340129289,WIN,62.38785865368976,LOSS
ncaa,401868211,1,2,2026,4,Valparaiso,Butler,2026-09-26T18:00:00+00:00,92908e01a15c315ab7ef19a5,ncaa-d05e246769f11b1972c1,2026-09-26T16:30:25.242848Z,2026-09-27T17:32:44.912350+00:00,unknown,-5.0,61.0,incomplete,False,1.492988097777778,True,-2.4951279981404024,-6.5,WIN,0.0,,,,,51.3591447637607,52.5,LOSS,0.0,,,,,T1-shadow-v1,c17e0de5d818d2124ec9,52.5,53.22563401292889,WIN,54.144490863123885,WIN
ncaa,401868037,1,2,2026,4,Richmond,Furman,2026-09-26T18:00:00+00:00,66358e6695e1c9ad3aa956c6,ncaa-d05e246769f11b1972c1,2026-09-26T16:30:25.242848Z,2026-09-27T17:32:44.912350+00:00,unknown,4.0,22.0,incomplete,False,1.492988097777778,True,1.847262048141274,3.5,LOSS,0.0,,,,,51.32326762251198,43.5,LOSS,0.0,,,,,T1-shadow-v1,c17e0de5d818d2124ec9,43.5,44.22563401292889,LOSS,45.176087472511874,LOSS
ncaa,401868338,1,2,2026,4,The Citadel,Chattanooga,2026-09-26T18:00:00+00:00,67a5aacece6c133fd9c1d002,ncaa-d05e246769f11b1972c1,2026-09-26T16:30:25.242848Z,2026-09-27T17:32:44.912350+00:00,unknown,-19.0,35.0,incomplete,False,1.492988097777778,False,8.409858899833457,-10.5,LOSS,0.0,0.0,-10.5,DraftKings,2026-09-26T17:23:50.580816+00:00,50.99476338073039,46.5,LOSS,0.0,0.0,46.5,DraftKings,2026-09-26T17:23:50.580816+00:00,T1-shadow-v1,c17e0de5d818d2124ec9,46.5,47.22563401292889,LOSS,48.16468361028875,LOSS
ncaa,401868063,1,2,2026,4,Austin Peay,UT Martin,2026-09-26T18:00:00+00:00,029c2b607978405d11c40d6b,ncaa-d05e246769f11b1972c1,2026-09-26T16:30:25.242848Z,2026-09-27T17:32:44.912350+00:00,unknown,23.0,47.0,incomplete,False,1.492988097777778,True,16.92942837371686,15.5,WIN,0.0,,,,,58.58113934630678,53.5,LOSS,0.0,,,,,T1-shadow-v1,c17e0de5d818d2124ec9,53.5,54.22563401292889,LOSS,53.71901561923106,LOSS
ncaa,401866643,1,2,2026,4,Elon,Maine,2026-09-26T18:00:00+00:00,c2b5b3fae1345f411862d0ee,ncaa-d05e246769f11b1972c1,2026-09-26T16:30:25.242848Z,2026-09-27T17:32:44.912350+00:00,unknown,26.0,60.0,incomplete,False,1.492988097777778,True,8.437625280345776,5.5,WIN,0.0,,,,,50.23443681166794,44.5,WIN,0.0,,,,,T1-shadow-v1,c17e0de5d818d2124ec9,44.5,45.22563401292889,WIN,46.47196463807726,WIN
ncaa,401868281,1,2,2026,4,St. Thomas (MN),San Diego,2026-09-26T18:00:00+00:00,f00c152b6d12ce7c7c1d98ca,ncaa-d05e246769f11b1972c1,2026-09-26T16:30:25.242848Z,2026-09-27T17:32:44.912350+00:00,unknown,33.0,67.0,incomplete,False,1.492988097777778,False,6.340454597091213,5.5,WIN,0.0,,,,,53.78321165138281,57.5,LOSS,0.0,,,,,T1-shadow-v1,c17e0de5d818d2124ec9,57.5,58.22563401292889,WIN,58.72590082729193,WIN
ncaa,401868001,1,2,2026,4,Villanova,Colgate,2026-09-26T18:30:00+00:00,fb63605c127ca321fae83789,ncaa-d05e246769f11b1972c1,2026-09-26T16:30:25.242848Z,2026-09-27T17:32:44.912350+00:00,unknown,-7.0,49.0,incomplete,False,1.9929880977777776,True,10.74115090731834,3.0,LOSS,0.0,,,,,51.84733289498448,44.5,WIN,0.0,,,,,T1-shadow-v1,c17e0de5d818d2124ec9,44.5,45.22563401292889,WIN,46.102326647678815,WIN
ncaa,401866646,24,2,2026,4,Princeton,UAlbany,2026-09-26T19:00:00+00:00,63e0c3a8c59f28b65f79e6a9,ncaa-d05e246769f11b1972c1,2026-09-25T18:43:34.237025Z,2026-09-27T17:32:44.912350+00:00,unknown,22.0,22.0,incomplete,False,24.27382304861112,True,2.805240604936873,-1.5,WIN,0.0,,,,,45.68743853043604,45.5,LOSS,-2.0,,,,,T1-shadow-v1,c17e0de5d818d2124ec9,45.5,46.22563401292889,LOSS,48.32884935011938,LOSS
ncaa,401866646,1,2,2026,4,Princeton,UAlbany,2026-09-26T19:00:00+00:00,a8988dfe94b22f871f1afc3a,ncaa-d05e246769f11b1972c1,2026-09-26T16:30:25.242848Z,2026-09-27T17:32:44.912350+00:00,unknown,22.0,22.0,incomplete,False,2.492988097777778,True,2.812136410668456,-1.5,WIN,0.0,,,,,46.397974628556426,43.5,LOSS,0.0,,,,,T1-shadow-v1,c17e0de5d818d2124ec9,43.5,44.22563401292889,LOSS,46.32884935011938,LOSS
ncaa,401868387,24,2,2026,4,Samford,VMI,2026-09-26T19:30:00+00:00,2fdd26dc44db4acdb3feb072,ncaa-d05e246769f11b1972c1,2026-09-25T18:43:34.237025Z,2026-09-27T17:32:44.912350+00:00,unknown,38.0,52.0,incomplete,False,24.77382304861112,False,8.395298590108887,18.5,LOSS,3.0,,,,,54.07533658274756,48.5,WIN,-2.0,,,,,T1-shadow-v1,c17e0de5d818d2124ec9,48.5,49.22563401292889,WIN,49.69579670815022,WIN
ncaa,401868387,1,2,2026,4,Samford,VMI,2026-09-26T19:30:00+00:00,1b5aab249b83fa7abb5cccbc,ncaa-d05e246769f11b1972c1,2026-09-26T16:30:25.242848Z,2026-09-27T17:32:44.912350+00:00,unknown,38.0,52.0,incomplete,False,2.992988097777778,False,8.401179051833907,15.5,LOSS,0.0,,,,,53.528429574673794,46.5,WIN,0.0,,,,,T1-shadow-v1,c17e0de5d818d2124ec9,46.5,47.22563401292889,WIN,47.69579670815022,WIN
ncaa,401868346,24,2,2026,4,East Tennessee State,Western Carolina,2026-09-26T19:30:00+00:00,ca2f8700d353e5bc9b91bca6,ncaa-d05e246769f11b1972c1,2026-09-25T18:43:34.237025Z,2026-09-27T17:32:44.912350+00:00,unknown,27.0,89.0,incomplete,False,24.77382304861112,False,-4.601346158430521,1.5,LOSS,0.0,,,,,67.41338186303737,62.5,WIN,1.0,,,,,T1-shadow-v1,c17e0de5d818d2124ec9,62.5,63.22563401292889,WIN,62.079165195191145,LOSS
ncaa,401868346,1,2,2026,4,East Tennessee State,Western Carolina,2026-09-26T19:30:00+00:00,b6d494a3b7b0ee2539352ba4,ncaa-d05e246769f11b1972c1,2026-09-26T16:30:25.242848Z,2026-09-27T17:32:44.912350+00:00,unknown,27.0,89.0,incomplete,False,2.992988097777778,False,-4.6780051393344,1.5,LOSS,0.0,,,,,63.623633361615056,63.5,WIN,0.0,,,,,T1-shadow-v1,c17e0de5d818d2124ec9,63.5,64.2256340129289,WIN,63.079165195191145,LOSS
ncaa,401868206,24,2,2026,4,North Alabama,Western Illinois,2026-09-26T20:00:00+00:00,eaf1049748e74fbb47bc560c,ncaa-d05e246769f11b1972c1,2026-09-25T18:43:34.237025Z,2026-09-27T17:32:44.912350+00:00,unknown,3.0,43.0,incomplete,False,25.27382304861112,True,6.342159752567806,7.5,WIN,0.5,,,,,62.63794271733384,53.5,LOSS,1.0,,,,,T1-shadow-v1,c17e0de5d818d2124ec9,53.5,54.22563401292889,LOSS,53.93410986042026,LOSS
ncaa,401868206,1,2,2026,4,North Alabama,Western Illinois,2026-09-26T20:00:00+00:00,1c08ec7b2a7cfd4f3cda73ac,ncaa-d05e246769f11b1972c1,2026-09-26T16:30:25.242848Z,2026-09-27T17:32:44.912350+00:00,unknown,3.0,43.0,incomplete,False,3.492988097777778,True,6.361722155121405,7.0,WIN,0.0,,,,,58.48285901891923,54.5,LOSS,0.0,,,,,T1-shadow-v1,c17e0de5d818d2124ec9,54.5,55.22563401292889,LOSS,54.93410986042026,LOSS
ncaa,401869143,24,2,2026,4,Nicholls,Lamar,2026-09-26T20:00:00+00:00,6275328f5843eb8f47f66814,ncaa-d05e246769f11b1972c1,2026-09-25T18:43:34.237025Z,2026-09-27T17:32:44.912350+00:00,unknown,-31.0,67.0,incomplete,False,25.27382304861112,False,5.752695781574273,-8.5,LOSS,-1.0,,,,,48.10023358002727,45.5,WIN,0.0,,,,,T1-shadow-v1,c17e0de5d818d2124ec9,45.5,46.22563401292889,WIN,48.26034487209761,WIN
ncaa,401869143,1,2,2026,4,Nicholls,Lamar,2026-09-26T20:00:00+00:00,b1db9d151929805ee61c8117,ncaa-d05e246769f11b1972c1,2026-09-26T16:30:25.242848Z,2026-09-27T17:32:44.912350+00:00,unknown,-31.0,67.0,incomplete,False,3.492988097777778,False,5.813998071766922,-9.5,LOSS,0.0,,,,,46.37582599286331,45.5,WIN,0.0,,,,,T1-shadow-v1,c17e0de5d818d2124ec9,45.5,46.22563401292889,WIN,48.26034487209761,WIN
ncaa,401868358,24,2,2026,4,Alcorn State,Texas Southern,2026-09-26T20:00:00+00:00,39a9d82a2982e1e2e6da26d0,ncaa-d05e246769f11b1972c1,2026-09-25T18:43:34.237025Z,2026-09-27T17:32:44.912350+00:00,unknown,3.0,83.0,incomplete,False,25.27382304861112,True,1.733815134665652,2.5,LOSS,-1.0,,,,,53.377407628053405,57.5,LOSS,2.0,,,,,T1-shadow-v1,c17e0de5d818d2124ec9,57.5,58.22563401292889,WIN,58.73615841653518,WIN
ncaa,401868358,1,2,2026,4,Alcorn State,Texas Southern,2026-09-26T20:00:00+00:00,771d509ef7cf5c2ca440c66d,ncaa-d05e246769f11b1972c1,2026-09-26T16:30:25.242848Z,2026-09-27T17:32:44.912350+00:00,unknown,3.0,83.0,incomplete,False,3.492988097777778,True,1.7369804684669643,3.5,WIN,0.0,,,,,53.42952109453656,55.5,LOSS,0.0,,,,,T1-shadow-v1,c17e0de5d818d2124ec9,55.5,56.22563401292889,WIN,56.73615841653518,WIN
ncaa,401867847,24,2,2026,4,Northern Iowa,Illinois State,2026-09-26T21:00:00+00:00,67e5ff969ca64afa5bf95583,ncaa-d05e246769f11b1972c1,2026-09-25T18:43:34.237025Z,2026-09-27T17:32:44.912350+00:00,unknown,7.0,49.0,incomplete,False,26.27382304861112,True,-0.1887265435871062,-19.5,WIN,0.0,0.0,-19.5,DraftKings,2026-09-26T20:08:07.267549+00:00,52.43845165231381,58.5,WIN,0.0,0.0,58.5,DraftKings,2026-09-26T20:08:07.267549+00:00,T1-shadow-v1,c17e0de5d818d2124ec9,58.5,59.22563401292889,LOSS,59.68890592830543,LOSS
ncaa,401867847,1,2,2026,4,Northern Iowa,Illinois State,2026-09-26T21:00:00+00:00,4e1282e707e58055c2146dab,ncaa-d05e246769f11b1972c1,2026-09-26T16:30:25.242848Z,2026-09-27T17:32:44.912350+00:00,unknown,7.0,49.0,incomplete,False,4.492988097777777,True,-0.1794145662958745,-19.5,WIN,0.0,0.0,-19.5,DraftKings,2026-09-26T20:08:07.267549+00:00,52.45900760033658,58.5,WIN,0.0,0.0,58.5,DraftKings,2026-09-26T20:08:07.267549+00:00,T1-shadow-v1,c17e0de5d818d2124ec9,58.5,59.22563401292889,LOSS,59.68890592830543,LOSS
ncaa,401868327,24,2,2026,4,Alabama State,Mississippi Valley State,2026-09-26T22:00:00+00:00,d042a21ff530e825bd15994f,ncaa-d05e246769f11b1972c1,2026-09-25T18:43:34.237025Z,2026-09-27T17:32:44.912350+00:00,unknown,26.0,56.0,incomplete,False,27.27382304861112,True,19.660298301055715,34.5,WIN,0.0,,,,,59.741609879786736,55.5,WIN,-1.0,,,,,T1-shadow-v1,c17e0de5d818d2124ec9,55.5,56.22563401292889,WIN,56.34345798895557,WIN
ncaa,401868327,1,2,2026,4,Alabama State,Mississippi Valley State,2026-09-26T22:00:00+00:00,43d8ee2e13983dfaa83bfd33,ncaa-d05e246769f11b1972c1,2026-09-26T16:30:25.242848Z,2026-09-27T17:32:44.912350+00:00,unknown,26.0,56.0,incomplete,False,5.492988097777777,True,19.728009289843666,34.5,WIN,0.0,,,,,56.59407511493301,54.5,WIN,0.0,,,,,T1-shadow-v1,c17e0de5d818d2124ec9,54.5,55.22563401292889,WIN,55.34345798895557,WIN
ncaa,401866645,24,2,2026,4,Hampton,Campbell,2026-09-26T22:00:00+00:00,0998def2a4993b4c3844be1d,ncaa-d05e246769f11b1972c1,2026-09-25T18:43:34.237025Z,2026-09-27T17:32:44.912350+00:00,unknown,-24.0,64.0,incomplete,False,27.27382304861112,False,0.3159427995487304,-18.5,LOSS,-2.0,,,,,53.86563178662829,57.5,LOSS,3.0,,,,,T1-shadow-v1,c17e0de5d818d2124ec9,57.5,58.22563401292889,WIN,58.72618535784133,WIN
ncaa,401866645,1,2,2026,4,Hampton,Campbell,2026-09-26T22:00:00+00:00,07337e165c674a2aa2391d34,ncaa-d05e246769f11b1972c1,2026-09-26T16:30:25.242848Z,2026-09-27T17:32:44.912350+00:00,unknown,-24.0,64.0,incomplete,True,5.492988097777777,False,0.3224978412160459,-20.5,LOSS,0.0,,,,,53.39860389330863,54.5,LOSS,0.0,,,,,T1-shadow-v1,c17e0de5d818d2124ec9,54.5,55.22563401292889,WIN,55.72618535784133,WIN
ncaa,401866649,24,2,2026,4,Delaware State,Towson,2026-09-26T22:00:00+00:00,a0a09f34abee4187bc08f3aa,ncaa-d05e246769f11b1972c1,2026-09-25T18:43:34.237025Z,2026-09-27T17:32:44.912350+00:00,unknown,5.0,61.0,incomplete,False,27.27382304861112,True,3.83689284366912,3.5,WIN,-0.5,-0.5,3.0,DraftKings,2026-09-26T21:16:40.290951+00:00,54.97532781288064,50.5,WIN,-2.0,-2.0,48.5,DraftKings,2026-09-26T21:16:40.290951+00:00,T1-shadow-v1,c17e0de5d818d2124ec9,50.5,51.22563401292889,WIN,51.96480500699801,WIN
ncaa,401866649,1,2,2026,4,Delaware State,Towson,2026-09-26T22:00:00+00:00,193b3457b030b64bc6f82d60,ncaa-d05e246769f11b1972c1,2026-09-26T16:30:25.242848Z,2026-09-27T17:32:44.912350+00:00,unknown,5.0,61.0,incomplete,False,5.492988097777777,True,3.742946167826008,3.0,WIN,0.0,,,,,52.08844743352963,48.5,WIN,0.0,,,,,T1-shadow-v1,c17e0de5d818d2124ec9,48.5,49.22563401292889,WIN,49.96480500699801,WIN
ncaa,401867687,24,2,2026,4,Chicago State,Norfolk State,2026-09-26T23:00:00+00:00,58b78ea183cfe6be52a36756,ncaa-d05e246769f11b1972c1,2026-09-25T18:43:34.237025Z,2026-09-27T17:32:44.912350+00:00,unknown,-23.0,63.0,incomplete,True,28.27382304861112,False,8.00241247259527,-17.5,LOSS,0.0,,,,,52.22181983526544,54.5,LOSS,-1.0,,,,,T1-shadow-v1,c17e0de5d818d2124ec9,54.5,55.22563401292889,WIN,55.96760385134033,WIN
ncaa,401867687,1,2,2026,4,Chicago State,Norfolk State,2026-09-26T23:00:00+00:00,9f5d3753b36691913220c2e5,ncaa-d05e246769f11b1972c1,2026-09-26T21:17:10.380001Z,2026-09-27T17:32:44.912350+00:00,unknown,-23.0,63.0,incomplete,True,1.7137833330555554,False,8.01102448645114,-17.5,LOSS,0.0,,,,,52.57664888112113,55.5,LOSS,0.0,,,,,T1-shadow-v1,c17e0de5d818d2124ec9,55.5,56.22563401292889,WIN,56.96760385134033,WIN
ncaa,401868299,24,2,2026,4,Florida A&M,Alabama A&M,2026-09-26T23:00:00+00:00,ec081d76790acf76bfb9e04a,ncaa-d05e246769f11b1972c1,2026-09-25T18:43:34.237025Z,2026-09-27T17:32:44.912350+00:00,unknown,-19.0,61.0,incomplete,False,28.27382304861112,True,-1.7012496682493674,1.5,WIN,4.5,,,,,60.94867896887741,49.5,WIN,2.0,,,,,T1-shadow-v1,c17e0de5d818d2124ec9,49.5,50.22563401292889,WIN,50.08621197690922,WIN
ncaa,401868299,1,2,2026,4,Florida A&M,Alabama A&M,2026-09-26T23:00:00+00:00,5b4088cc2a5e49bcfb7daea8,ncaa-d05e246769f11b1972c1,2026-09-26T21:17:10.380001Z,2026-09-27T17:32:44.912350+00:00,unknown,-19.0,61.0,incomplete,False,1.7137833330555554,True,-1.6923110040060334,-3.0,LOSS,0.0,,,,,57.14768956333292,51.5,WIN,0.0,,,,,T1-shadow-v1,c17e0de5d818d2124ec9,51.5,52.22563401292889,WIN,52.08621197690922,WIN
ncaa,401868076,24,2,2026,4,Eastern Washington,Cal Poly,2026-09-26T23:00:00+00:00,d4dd831c29dbf8e8acaf2a05,ncaa-d05e246769f11b1972c1,2026-09-25T18:43:34.237025Z,2026-09-27T17:32:44.912350+00:00,unknown,-4.0,58.0,incomplete,False,28.27382304861112,True,5.454172992791762,3.0,LOSS,0.5,,,,,60.36500312212237,59.5,LOSS,-1.0,,,,,T1-shadow-v1,c17e0de5d818d2124ec9,59.5,60.22563401292889,LOSS,59.90772439745953,LOSS
ncaa,401868076,1,2,2026,4,Eastern Washington,Cal Poly,2026-09-26T23:00:00+00:00,b5f4483b7220f470bc5c5b8b,ncaa-d05e246769f11b1972c1,2026-09-26T21:17:10.380001Z,2026-09-27T17:32:44.912350+00:00,unknown,-4.0,58.0,incomplete,False,1.7137833330555554,True,5.401982338927132,3.5,LOSS,0.0,,,,,58.54993574230652,58.5,LOSS,0.0,,,,,T1-shadow-v1,c17e0de5d818d2124ec9,58.5,59.22563401292889,LOSS,58.90772439745953,LOSS
ncaa,401868318,24,2,2026,4,Northwestern State,SE Louisiana,2026-09-26T23:00:00+00:00,ab704b8af72dc8ee1ccf4b99,ncaa-d05e246769f11b1972c1,2026-09-25T18:43:34.237025Z,2026-09-27T17:32:44.912350+00:00,unknown,-31.0,73.0,incomplete,True,28.27382304861112,False,-8.497019987233164,-39.5,WIN,2.0,,,,,51.85162550925469,61.5,LOSS,1.0,,,,,T1-shadow-v1,c17e0de5d818d2124ec9,61.5,62.22563401292889,WIN,63.266014019371454,WIN
ncaa,401868318,1,2,2026,4,Northwestern State,SE Louisiana,2026-09-26T23:00:00+00:00,8c8283a72ab0d9a27e98632b,ncaa-d05e246769f11b1972c1,2026-09-26T21:17:10.380001Z,2026-09-27T17:32:44.912350+00:00,unknown,-31.0,73.0,incomplete,True,1.7137833330555554,False,-8.471077206248752,-37.5,WIN,0.0,,,,,51.89495263970316,60.5,LOSS,0.0,,,,,T1-shadow-v1,c17e0de5d818d2124ec9,60.5,61.22563401292889,WIN,62.266014019371454,WIN
ncaa,401871472,24,2,2026,4,Southeast Missouri State,West Florida,2026-09-26T23:00:00+00:00,a2883f16f1c6d1b8b9ea2019,ncaa-d05e246769f11b1972c1,2026-09-25T18:43:34.237025Z,2026-09-27T17:32:44.912350+00:00,unknown,-3.0,37.0,incomplete,False,28.27382304861112,True,-2.12713448764732,6.5,WIN,0.5,,,,,52.46976943771237,52.5,WIN,0.0,,,,,T1-shadow-v1,c17e0de5d818d2124ec9,52.5,53.22563401292889,LOSS,53.88215083350632,LOSS
ncaa,401871472,1,2,2026,4,Southeast Missouri State,West Florida,2026-09-26T23:00:00+00:00,bb2f3ab11fffb0caacecbe1a,ncaa-d05e246769f11b1972c1,2026-09-26T21:17:10.380001Z,2026-09-27T17:32:44.912350+00:00,unknown,-3.0,37.0,incomplete,False,1.7137833330555554,True,-2.120434377813773,6.0,WIN,0.0,,,,,52.68662947735312,52.5,LOSS,0.0,,,,,T1-shadow-v1,c17e0de5d818d2124ec9,52.5,53.22563401292889,LOSS,53.88215083350632,LOSS
ncaa,401868954,24,2,2026,4,Grambling,Prairie View A&M,2026-09-26T23:00:00+00:00,51d15960351aa1d15ea83132,ncaa-d05e246769f11b1972c1,2026-09-25T18:43:34.237025Z,2026-09-27T17:32:44.912350+00:00,unknown,-7.0,35.0,incomplete,False,28.27382304861112,True,-9.021067200514512,-9.5,WIN,-2.0,,,,,55.97393531625386,54.5,LOSS,1.0,,,,,T1-shadow-v1,c17e0de5d818d2124ec9,54.5,55.22563401292889,LOSS,55.880312577354005,LOSS
ncaa,401868954,1,2,2026,4,Grambling,Prairie View A&M,2026-09-26T23:00:00+00:00,f7da615292a95ab48ca2194a,ncaa-d05e246769f11b1972c1,2026-09-26T21:17:10.380001Z,2026-09-27T17:32:44.912350+00:00,unknown,-7.0,35.0,incomplete,False,1.7137833330555554,True,-9.145246926763946,-11.5,WIN,0.0,,,,,53.57146177865322,55.5,WIN,0.0,,,,,T1-shadow-v1,c17e0de5d818d2124ec9,55.5,56.22563401292889,LOSS,56.880312577354005,LOSS
ncaa,401868960,24,2,2026,4,Jackson State,Southern,2026-09-26T23:00:00+00:00,244ac68807e1c37ff95b9495,ncaa-d05e246769f11b1972c1,2026-09-25T18:43:34.237025Z,2026-09-27T17:32:44.912350+00:00,unknown,18.0,52.0,incomplete,False,28.27382304861112,True,20.056917970876704,20.5,WIN,0.0,,,,,59.07724238110313,57.5,LOSS,0.0,,,,,T1-shadow-v1,c17e0de5d818d2124ec9,57.5,58.22563401292889,LOSS,58.160368061891866,LOSS
ncaa,401868960,1,2,2026,4,Jackson State,Southern,2026-09-26T23:00:00+00:00,dffd64ac384543d92c141f22,ncaa-d05e246769f11b1972c1,2026-09-26T21:17:10.380001Z,2026-09-27T17:32:44.912350+00:00,unknown,18.0,52.0,incomplete,False,1.7137833330555554,True,20.024760827839483,20.5,WIN,0.0,,,,,57.23970670620099,57.5,WIN,0.0,,,,,T1-shadow-v1,c17e0de5d818d2124ec9,57.5,58.22563401292889,LOSS,58.160368061891866,LOSS
ncaa,401868179,24,2,2026,4,South Dakota State,Eastern Illinois,2026-09-26T23:00:00+00:00,9598165ccec575acbdaf7a22,ncaa-d05e246769f11b1972c1,2026-09-25T18:43:34.237025Z,2026-09-27T17:32:44.912350+00:00,unknown,35.0,49.0,incomplete,False,28.27382304861112,True,19.21698202990636,34.5,LOSS,0.0,,,,,55.75814720562526,53.5,LOSS,0.0,,,,,T1-shadow-v1,c17e0de5d818d2124ec9,53.5,54.22563401292889,LOSS,54.45050450845957,LOSS
ncaa,401868179,1,2,2026,4,South Dakota State,Eastern Illinois,2026-09-26T23:00:00+00:00,f2eec15fa7b133e09655171a,ncaa-d05e246769f11b1972c1,2026-09-26T21:17:10.380001Z,2026-09-27T17:32:44.912350+00:00,unknown,35.0,49.0,incomplete,False,1.7137833330555554,True,19.21393186465662,34.5,LOSS,0.0,,,,,55.611687652707936,53.5,LOSS,0.0,,,,,T1-shadow-v1,c17e0de5d818d2124ec9,53.5,54.22563401292889,LOSS,54.45050450845957,LOSS
ncaa,401869137,24,2,2026,4,McNeese,East Texas A&M,2026-09-26T23:00:00+00:00,48cf86ec771c75089fe8b58b,ncaa-d05e246769f11b1972c1,2026-09-25T18:43:34.237025Z,2026-09-27T17:32:44.912350+00:00,unknown,3.0,51.0,incomplete,False,28.27382304861112,True,7.782595654954105,2.5,WIN,4.0,,,,,53.53581611636624,51.5,LOSS,0.0,,,,,T1-shadow-v1,c17e0de5d818d2124ec9,51.5,52.22563401292889,LOSS,52.85514198010232,LOSS
ncaa,401869137,1,2,2026,4,McNeese,East Texas A&M,2026-09-26T23:00:00+00:00,75694bb9b216f114eebf50cf,ncaa-d05e246769f11b1972c1,2026-09-26T21:17:10.380001Z,2026-09-27T17:32:44.912350+00:00,unknown,3.0,51.0,incomplete,False,1.7137833330555554,True,7.790396590028027,6.5,LOSS,0.0,,,,,53.26046177948596,51.5,LOSS,0.0,,,,,T1-shadow-v1,c17e0de5d818d2124ec9,51.5,52.22563401292889,LOSS,52.85514198010232,LOSS
ncaa,401867868,24,2,2026,4,Murray State,Southern Illinois,2026-09-26T23:00:00+00:00,cc5a816cf6c6a0fd836661f9,ncaa-d05e246769f11b1972c1,2026-09-25T18:43:34.237025Z,2026-09-27T17:32:44.912350+00:00,unknown,-40.0,52.0,incomplete,False,28.27382304861112,False,-10.603913055560614,-17.5,LOSS,0.0,,,,,59.85773291866132,54.5,LOSS,-1.0,,,,,T1-shadow-v1,c17e0de5d818d2124ec9,54.5,55.22563401292889,LOSS,54.793092403397374,LOSS
ncaa,401867868,1,2,2026,4,Murray State,Southern Illinois,2026-09-26T23:00:00+00:00,c5b210111cedd64020a97ae0,ncaa-d05e246769f11b1972c1,2026-09-26T21:17:10.380001Z,2026-09-27T17:32:44.912350+00:00,unknown,-40.0,52.0,incomplete,False,1.7137833330555554,False,-10.580071709997576,-17.5,LOSS,0.0,,,,,58.91926592617344,53.5,LOSS,0.0,,,,,T1-shadow-v1,c17e0de5d818d2124ec9,53.5,54.22563401292889,LOSS,53.793092403397374,LOSS
ncaa,401868103,24,2,2026,4,Southern Utah,Idaho State,2026-09-27T00:00:00+00:00,47e79378c3c0f47575ec4b82,ncaa-d05e246769f11b1972c1,2026-09-25T23:21:28.911296Z,2026-09-27T17:32:44.912350+00:00,unknown,-4.0,52.0,incomplete,False,24.641969084444444,True,0.4674098999871266,-10.5,WIN,1.0,,,,,61.19541095535965,60.5,LOSS,1.0,,,,,T1-shadow-v1,c17e0de5d818d2124ec9,60.5,61.22563401292889,LOSS,60.092772414887605,WIN
ncaa,401868103,1,2,2026,4,Southern Utah,Idaho State,2026-09-27T00:00:00+00:00,43ff48d9463febba0e2bf93b,ncaa-d05e246769f11b1972c1,2026-09-26T21:17:10.380001Z,2026-09-27T17:32:44.912350+00:00,unknown,-4.0,52.0,incomplete,False,2.713783333055556,True,0.4690654357529708,-9.5,WIN,0.0,,,,,60.46422444045256,61.5,WIN,0.0,,,,,T1-shadow-v1,c17e0de5d818d2124ec9,61.5,62.22563401292889,LOSS,61.092772414887605,WIN
ncaa,401868131,24,2,2026,4,Northern Colorado,Utah Tech,2026-09-27T00:00:00+00:00,36ab2156f9d776650b611eec,ncaa-d05e246769f11b1972c1,2026-09-25T23:21:28.911296Z,2026-09-27T17:32:44.912350+00:00,unknown,24.0,50.0,incomplete,False,24.641969084444444,True,5.687601671970664,7.5,LOSS,0.0,0.0,7.5,DraftKings,2026-09-26T23:09:37.832448+00:00,50.44477461542881,49.5,WIN,0.0,0.0,49.5,DraftKings,2026-09-26T23:09:37.832448+00:00,T1-shadow-v1,c17e0de5d818d2124ec9,49.5,50.22563401292889,WIN,51.90816577515417,WIN
ncaa,401868131,1,2,2026,4,Northern Colorado,Utah Tech,2026-09-27T00:00:00+00:00,d22bc0942882f5592c384a8d,ncaa-d05e246769f11b1972c1,2026-09-26T21:17:10.380001Z,2026-09-27T17:32:44.912350+00:00,unknown,24.0,50.0,incomplete,False,2.713783333055556,True,5.511990590856049,7.5,LOSS,0.0,,,,,48.30950077275328,49.5,LOSS,0.0,,,,,T1-shadow-v1,c17e0de5d818d2124ec9,49.5,50.22563401292889,WIN,51.90816577515417,WIN
ncaa,401868155,24,2,2026,4,Weber State,Portland State,2026-09-27T00:00:00+00:00,3bf29ddb08de5b00f31b1030,ncaa-d05e246769f11b1972c1,2026-09-25T23:21:28.911296Z,2026-09-27T17:32:44.912350+00:00,unknown,-3.0,85.0,incomplete,False,24.641969084444444,True,3.15836193643863,6.5,WIN,-0.5,,,,,62.14141212837004,65.5,LOSS,1.0,,,,,T1-shadow-v1,c17e0de5d818d2124ec9,65.5,66.2256340129289,WIN,65.85089423484114,WIN
ncaa,401868155,1,2,2026,4,Weber State,Portland State,2026-09-27T00:00:00+00:00,2140214c56bff44a95a8fba5,ncaa-d05e246769f11b1972c1,2026-09-26T21:17:10.380001Z,2026-09-27T17:32:44.912350+00:00,unknown,-3.0,85.0,incomplete,False,2.713783333055556,True,3.1220465429390507,7.0,WIN,0.0,,,,,59.03976333610497,64.5,LOSS,0.0,,,,,T1-shadow-v1,c17e0de5d818d2124ec9,64.5,65.2256340129289,WIN,64.85089423484114,WIN
ncaa,401868052,24,2,2026,4,Abilene Christian,Mercer,2026-09-27T00:00:00+00:00,767a4415f4978da20206ef84,ncaa-d05e246769f11b1972c1,2026-09-25T23:21:28.911296Z,2026-09-27T17:32:44.912350+00:00,unknown,-17.0,51.0,incomplete,False,24.641969084444444,True,-3.028520894053508,3.5,WIN,0.0,0.0,3.5,DraftKings,2026-09-26T23:09:37.832448+00:00,60.3487894177827,49.5,WIN,-1.0,-1.0,48.5,DraftKings,2026-09-26T23:09:37.832448+00:00,T1-shadow-v1,c17e0de5d818d2124ec9,49.5,50.22563401292889,WIN,50.15098869491657,WIN
ncaa,401868052,1,2,2026,4,Abilene Christian,Mercer,2026-09-27T00:00:00+00:00,ff5e32c36daf726976ce59b3,ncaa-d05e246769f11b1972c1,2026-09-26T21:17:10.380001Z,2026-09-27T17:32:44.912350+00:00,unknown,-17.0,51.0,incomplete,False,2.713783333055556,True,-3.0989286417146924,3.5,WIN,0.0,0.0,3.5,DraftKings,2026-09-26T23:09:37.832448+00:00,57.59961019802031,48.5,WIN,0.0,0.0,48.5,DraftKings,2026-09-26T23:09:37.832448+00:00,T1-shadow-v1,c17e0de5d818d2124ec9,48.5,49.22563401292889,WIN,49.15098869491657,WIN
ncaa,401868113,24,2,2026,4,UC Davis,Montana,2026-09-27T02:00:00+00:00,daded2697863a82cf270f20b,ncaa-d05e246769f11b1972c1,2026-09-25T23:21:28.911296Z,2026-09-27T17:32:44.912350+00:00,unknown,-40.0,84.0,incomplete,False,26.641969084444444,False,0.061442935712859,3.5,WIN,0.5,0.5,3.0,DraftKings,2026-09-27T01:48:07.478848+00:00,65.17174311823804,60.5,WIN,1.0,1.0,61.5,DraftKings,2026-09-27T01:48:07.478848+00:00,T1-shadow-v1,c17e0de5d818d2124ec9,60.5,61.22563401292889,WIN,60.06302690171661,LOSS
ncaa,401868113,1,2,2026,4,UC Davis,Montana,2026-09-27T02:00:00+00:00,5d55a9d227fbdadb9eb2c0b3,ncaa-d05e246769f11b1972c1,2026-09-27T00:42:00.288107Z,2026-09-27T17:32:44.912350+00:00,unknown,-40.0,84.0,incomplete,False,1.2999199702777775,False,0.6310821474052867,3.0,WIN,0.0,0.0,3.0,DraftKings,2026-09-27T01:48:07.478848+00:00,62.406176088898206,61.5,WIN,0.0,0.0,61.5,DraftKings,2026-09-27T01:48:07.478848+00:00,T1-shadow-v1,c17e0de5d818d2124ec9,61.5,62.22563401292889,WIN,61.06302690171661,LOSS
ncaa,401868120,24,2,2026,4,Montana State,Northern Arizona,2026-09-27T02:30:00+00:00,6b1ed92c0217dc68db2ab290,ncaa-d05e246769f11b1972c1,2026-09-25T23:21:28.911296Z,2026-09-27T17:32:44.912350+00:00,unknown,14.0,42.0,incomplete,False,27.141969084444444,True,26.11005877994884,20.5,LOSS,1.0,0.0,20.5,DraftKings,2026-09-27T01:48:07.478848+00:00,57.4781053735065,56.5,LOSS,1.0,1.0,57.5,DraftKings,2026-09-27T01:48:07.478848+00:00,T1-shadow-v1,c17e0de5d818d2124ec9,56.5,57.22563401292889,LOSS,57.0599571396722,LOSS
ncaa,401868120,1,2,2026,4,Montana State,Northern Arizona,2026-09-27T02:30:00+00:00,17a652ff3a2c86c2d6e9514a,ncaa-d05e246769f11b1972c1,2026-09-27T00:42:00.288107Z,2026-09-27T17:32:44.912350+00:00,unknown,14.0,42.0,incomplete,False,1.7999199702777775,True,25.85122945886669,21.5,LOSS,0.0,,,,,56.44835011190637,57.5,WIN,0.0,,,,,T1-shadow-v1,c17e0de5d818d2124ec9,57.5,58.22563401292889,LOSS,58.0599571396722,LOSS
ncaa,401866644,1,2,2026,4,North Carolina A&T,Rhode Island,2026-09-26T20:00:00+00:00,8d0077f4bc1d2f2dacd3ae9a,ncaa-d05e246769f11b1972c1,2026-09-26T16:30:25.242848Z,2026-09-27T17:32:44.912350+00:00,unknown,4.0,40.0,incomplete,False,3.492988097777778,True,-14.932460419657646,-24.5,WIN,0.0,,,,,54.90770043094509,52.5,LOSS,0.0,,,,,T1-shadow-v1,c17e0de5d818d2124ec9,52.5,53.22563401292889,LOSS,53.66245763705255,LOSS
ncaa,401867985,1,2,2026,4,Bethune-Cookman,South Carolina State,2026-09-26T23:00:00+00:00,9a5c2573c2418644e8a15b36,ncaa-d05e246769f11b1972c1,2026-09-26T21:17:10.380001Z,2026-09-27T17:32:44.912350+00:00,unknown,-10.0,52.0,incomplete,False,1.7137833330555554,True,-4.374310598951905,-17.5,WIN,0.0,,,,,53.46436900163491,58.5,WIN,0.0,,,,,T1-shadow-v1,c17e0de5d818d2124ec9,58.5,59.22563401292889,LOSS,59.90447783066679,LOSS
nfl,2026_03_LAC_BUF,24,2,2026,3,BUF,LAC,2026-09-27T13:00:00+00:00,5eb3ac26d99a1d8acd481f96,nfl-f6b86a58964932e2e1c2,2026-09-26T11:33:23.505424Z,2026-09-28T20:00:45.982321+00:00,unknown,8.0,40.0,incomplete,False,25.44347071555556,True,8.065450000000002,7.0,WIN,0.0,,,,,45.63685000000001,50.5,WIN,0.0,,,,,,,,,,,
nfl,2026_03_LAC_BUF,1,2,2026,3,BUF,LAC,2026-09-27T13:00:00+00:00,711320052ca4497f3ccb48ba,nfl-f6b86a58964932e2e1c2,2026-09-27T08:19:39.087063Z,2026-09-28T20:00:45.982321+00:00,unknown,8.0,40.0,incomplete,False,4.672475815833334,True,8.065450000000002,7.0,WIN,0.0,,,,,45.63685000000001,50.5,WIN,0.0,,,,,,,,,,,
nfl,2026_03_CAR_CLE,24,2,2026,3,CLE,CAR,2026-09-27T13:00:00+00:00,d7be70e10d0b454f70434dc9,nfl-f6b86a58964932e2e1c2,2026-09-26T11:33:23.505424Z,2026-09-28T20:00:45.982321+00:00,unknown,3.0,39.0,incomplete,False,25.44347071555556,True,-0.8794500000000001,-2.5,WIN,1.0,,,,,41.22595000000001,42.5,WIN,0.0,,,,,,,,,,,
nfl,2026_03_CAR_CLE,1,2,2026,3,CLE,CAR,2026-09-27T13:00:00+00:00,fac9c1b34596d93835aa6e58,nfl-f6b86a58964932e2e1c2,2026-09-27T08:19:39.087063Z,2026-09-28T20:00:45.982321+00:00,unknown,3.0,39.0,incomplete,False,4.672475815833334,True,-0.8794500000000001,-1.5,WIN,0.0,,,,,41.22595000000001,42.5,WIN,0.0,,,,,,,,,,,
nfl,2026_03_NYJ_DET,24,2,2026,3,DET,NYJ,2026-09-27T13:00:00+00:00,5b550347077422396fd298b2,nfl-f6b86a58964932e2e1c2,2026-09-26T11:33:23.505424Z,2026-09-28T20:00:45.982321+00:00,unknown,7.0,55.0,incomplete,False,25.44347071555556,True,10.642350000000004,6.5,WIN,0.0,,,,,51.33875000000001,48.5,WIN,0.0,,,,,,,,,,,
nfl,2026_03_NYJ_DET,1,2,2026,3,DET,NYJ,2026-09-27T13:00:00+00:00,f1f1e8f7baf6fe1dfd7c9470,nfl-f6b86a58964932e2e1c2,2026-09-27T08:19:39.087063Z,2026-09-28T20:00:45.982321+00:00,unknown,7.0,55.0,incomplete,False,4.672475815833334,True,10.642350000000004,6.5,WIN,0.0,,,,,51.33875000000001,48.5,WIN,0.0,,,,,,,,,,,
nfl,2026_03_HOU_IND,24,2,2026,3,IND,HOU,2026-09-27T13:00:00+00:00,efd5bbe676f816c8d1442378,nfl-f6b86a58964932e2e1c2,2026-09-26T11:33:23.505424Z,2026-09-28T20:00:45.982321+00:00,unknown,2.0,36.0,incomplete,False,25.44347071555556,True,-0.65405,-1.5,WIN,0.0,,,,,44.71075000000001,42.5,LOSS,0.0,,,,,,,,,,,
nfl,2026_03_HOU_IND,1,2,2026,3,IND,HOU,2026-09-27T13:00:00+00:00,a6137f83ce80da5f58a77d1c,nfl-f6b86a58964932e2e1c2,2026-09-27T08:19:39.087063Z,2026-09-28T20:00:45.982321+00:00,unknown,2.0,36.0,incomplete,False,4.672475815833334,True,-0.65405,-1.5,WIN,0.0,,,,,44.71075000000001,42.5,LOSS,0.0,,,,,,,,,,,
nfl,2026_03_NE_JAX,24,2,2026,3,JAX,NE,2026-09-27T13:00:00+00:00,896bd8c9e11e95213df7cd3c,nfl-f6b86a58964932e2e1c2,2026-09-26T11:33:23.505424Z,2026-09-28T20:00:45.982321+00:00,unknown,29.0,41.0,incomplete,False,25.44347071555556,False,1.3625000000000005,3.0,LOSS,0.0,,,,,44.973300000000016,46.5,WIN,1.0,,,,,,,,,,,
nfl,2026_03_NE_JAX,1,2,2026,3,JAX,NE,2026-09-27T13:00:00+00:00,96de95c1220071715454e573,nfl-f6b86a58964932e2e1c2,2026-09-27T08:19:39.087063Z,2026-09-28T20:00:45.982321+00:00,unknown,29.0,41.0,incomplete,False,4.672475815833334,False,1.3625000000000005,3.0,LOSS,0.0,,,,,44.973300000000016,45.5,WIN,0.0,,,,,,,,,,,
nfl,2026_03_KC_MIA,24,2,2026,3,MIA,KC,2026-09-27T13:00:00+00:00,dc898c22ae4628087b185476,nfl-f6b86a58964932e2e1c2,2026-09-26T11:33:23.505424Z,2026-09-28T20:00:45.982321+00:00,unknown,-14.0,34.0,incomplete,False,25.44347071555556,True,0.1673,-10.0,LOSS,0.0,,,,,43.096,45.5,WIN,0.0,,,,,,,,,,,
nfl,2026_03_KC_MIA,1,2,2026,3,MIA,KC,2026-09-27T13:00:00+00:00,c3bc64a9a62fe7785245af9b,nfl-f6b86a58964932e2e1c2,2026-09-27T08:19:39.087063Z,2026-09-28T20:00:45.982321+00:00,unknown,-14.0,34.0,incomplete,False,4.672475815833334,True,0.1673,-10.0,LOSS,0.0,,,,,43.096,45.5,WIN,0.0,,,,,,,,,,,
nfl,2026_03_TEN_NYG,24,2,2026,3,NYG,TEN,2026-09-27T13:00:00+00:00,dfb1ee71ae259d66032add2e,nfl-f6b86a58964932e2e1c2,2026-09-26T11:33:23.505424Z,2026-09-28T20:00:45.982321+00:00,unknown,5.0,19.0,incomplete,False,25.44347071555556,True,4.188250000000001,2.5,WIN,0.0,,,,,44.61075000000002,37.5,LOSS,0.0,,,,,,,,,,,
nfl,2026_03_TEN_NYG,1,2,2026,3,NYG,TEN,2026-09-27T13:00:00+00:00,7023c54b9a890ca0fce2635a,nfl-f6b86a58964932e2e1c2,2026-09-27T08:19:39.087063Z,2026-09-28T20:00:45.982321+00:00,unknown,5.0,19.0,incomplete,False,4.672475815833334,True,4.188250000000001,2.5,WIN,0.0,,,,,44.61075000000002,37.5,LOSS,0.0,,,,,,,,,,,
nfl,2026_03_CIN_PIT,24,2,2026,3,PIT,CIN,2026-09-27T13:00:00+00:00,7a2c3e3032f726d8dad3fe4b,nfl-f6b86a58964932e2e1c2,2026-09-26T11:33:23.505424Z,2026-09-28T20:00:45.982321+00:00,unknown,3.0,57.0,incomplete,False,25.44347071555556,True,1.4303500000000005,-3.5,WIN,0.0,,,,,45.533150000000006,42.5,WIN,0.0,,,,,,,,,,,
nfl,2026_03_CIN_PIT,1,2,2026,3,PIT,CIN,2026-09-27T13:00:00+00:00,3982015d485cf5d9f0f88f7b,nfl-f6b86a58964932e2e1c2,2026-09-27T08:19:39.087063Z,2026-09-28T20:00:45.982321+00:00,unknown,3.0,57.0,incomplete,False,4.672475815833334,True,1.4303500000000005,-3.5,WIN,0.0,,,,,45.533150000000006,42.5,WIN,0.0,,,,,,,,,,,
nfl,2026_03_SEA_WAS,24,2,2026,3,WAS,SEA,2026-09-27T13:00:00+00:00,035cbaa4bf0612f7ec2ddfe0,nfl-f6b86a58964932e2e1c2,2026-09-26T11:33:23.505424Z,2026-09-28T20:00:45.982321+00:00,unknown,2.0,64.0,incomplete,False,25.44347071555556,True,-5.383550000000001,-7.5,WIN,-1.0,,,,,46.85655000000001,40.5,WIN,0.0,,,,,,,,,,,
nfl,2026_03_SEA_WAS,1,2,2026,3,WAS,SEA,2026-09-27T13:00:00+00:00,3e825a368a7995c12672aa7e,nfl-f6b86a58964932e2e1c2,2026-09-27T08:19:39.087063Z,2026-09-28T20:00:45.982321+00:00,unknown,2.0,64.0,incomplete,False,4.672475815833334,True,-5.383550000000001,-8.5,WIN,0.0,,,,,46.85655000000001,40.5,WIN,0.0,,,,,,,,,,,
nfl,2026_03_MIN_TB,24,2,2026,3,TB,MIN,2026-09-27T16:05:00+00:00,3197c8815ff3f045d384ac2a,nfl-f6b86a58964932e2e1c2,2026-09-26T11:33:23.505424Z,2026-09-28T20:00:45.982321+00:00,unknown,-7.0,39.0,incomplete,False,28.526804048888888,True,0.5210000000000001,-1.5,LOSS,0.0,,,,,41.49880000000002,42.5,WIN,0.0,,,,,,,,,,,
nfl,2026_03_ARI_SF,24,2,2026,3,SF,ARI,2026-09-27T16:05:00+00:00,f2b9446bd400baead90fc40d,nfl-f6b86a58964932e2e1c2,2026-09-26T11:33:23.505424Z,2026-09-28T20:00:45.982321+00:00,unknown,6.0,66.0,incomplete,False,28.526804048888888,True,4.145150000000001,8.5,WIN,1.0,,,,,48.27495,47.5,WIN,1.0,,,,,,,,,,,
nfl,2026_03_BAL_DAL,24,2,2026,3,DAL,BAL,2026-09-27T16:25:00+00:00,8f7cd829fc4a1dc8651c6fb0,nfl-f6b86a58964932e2e1c2,2026-09-26T11:33:23.505424Z,2026-09-28T20:00:45.982321+00:00,unknown,-3.0,65.0,incomplete,False,28.86013738222222,True,-5.547250000000002,-3.5,LOSS,-0.5,,,,,54.21315,53.5,WIN,0.0,,,,,,,,,,,
nfl,2026_03_BAL_DAL,1,2,2026,3,DAL,BAL,2026-09-27T16:25:00+00:00,57e0342709318d7b2c7fcd83,nfl-f6b86a58964932e2e1c2,2026-09-27T15:12:20.740149Z,2026-09-28T20:00:45.982321+00:00,unknown,-3.0,65.0,incomplete,False,1.2109055141666667,True,-5.547250000000002,-3.0,PUSH,0.0,,,,,54.21315,53.5,WIN,0.0,,,,,,,,,,,
nfl,2026_03_LV_NO,24,2,2026,3,NO,LV,2026-09-27T16:25:00+00:00,51ee26f046a306a4054dc723,nfl-f6b86a58964932e2e1c2,2026-09-26T11:33:23.505424Z,2026-09-28T20:00:45.982321+00:00,unknown,-8.0,62.0,incomplete,False,28.86013738222222,True,3.572250000000001,3.0,LOSS,0.5,,,,,39.80475000000002,43.5,LOSS,0.0,,,,,,,,,,,
nfl,2026_03_LV_NO,1,2,2026,3,NO,LV,2026-09-27T16:25:00+00:00,2ec24d09c4d2acb3088f2efd,nfl-f6b86a58964932e2e1c2,2026-09-27T15:12:20.740149Z,2026-09-28T20:00:45.982321+00:00,unknown,-8.0,62.0,incomplete,False,1.2109055141666667,True,3.572250000000001,3.5,LOSS,0.0,,,,,39.80474999999999,43.5,LOSS,0.0,,,,,,,,,,,
nfl,2026_03_LA_DEN,24,2,2026,3,DEN,LA,2026-09-27T20:20:00+00:00,ec54e966071b84d52da4158b,nfl-f6b86a58964932e2e1c2,2026-09-26T16:30:25.242848Z,2026-09-28T20:00:45.982321+00:00,unknown,4.0,56.0,incomplete,False,27.82632143111111,True,0.4612500000000001,-2.5,WIN,1.0,,,,,49.44025000000001,44.5,WIN,0.0,,,,,,,,,,,
nfl,2026_03_LA_DEN,1,2,2026,3,DEN,LA,2026-09-27T20:20:00+00:00,7731a09ed1f4b8068dbab071,nfl-f6b86a58964932e2e1c2,2026-09-27T15:12:20.740149Z,2026-09-28T20:00:45.982321+00:00,unknown,4.0,56.0,incomplete,False,5.127572180833333,True,0.4612500000000001,-1.5,WIN,0.0,,,,,49.44024999999999,43.5,WIN,1.0,,,,,,,,,,,
nfl,2026_03_PHI_CHI,24,2,2026,3,CHI,PHI,2026-09-28T20:15:00+00:00,5228260f4e165403367eefab,nfl-f6b86a58964932e2e1c2,2026-09-27T19:48:49.204989Z,2026-09-29T18:28:33.579712+00:00,unknown,20.0,34.0,incomplete,False,24.4363319475,False,1.12875,-4.5,WIN,1.0,,,,,46.76935,41.5,LOSS,0.0,,,,,,,,,,,
nfl,2026_03_PHI_CHI,1,2,2026,3,CHI,PHI,2026-09-28T20:15:00+00:00,f787a354ce05dbd9f4aade1d,nfl-f6b86a58964932e2e1c2,2026-09-28T14:08:50.515756Z,2026-09-29T18:28:33.579712+00:00,unknown,20.0,34.0,incomplete,False,6.102634512222222,False,1.12875,-3.5,WIN,0.0,,,,,46.76935,41.5,LOSS,0.0,,,,,,,,,,,
ncaa,401871049,24,2,2026,5,New Mexico State,Western Kentucky,2026-10-02T00:00:00+00:00,36b3ce894d4dc6e46e5a52bd,ncaa-d05e246769f11b1972c1,2026-09-30T23:57:14.591023Z,2026-10-02T18:13:40.262310+00:00,unknown,21.0,47.0,developing,False,24.04594693805556,False,-0.460636886738223,2.5,LOSS,1.0,1.0,1.5,Bovada,2026-10-01T23:58:03.409237+00:00,53.98572092845869,57.0,WIN,1.0,1.0,56.0,Bovada,2026-10-01T23:58:03.409237+00:00,T1-shadow-v1,c17e0de5d818d2124ec9,57.0,57.72563401292889,LOSS,58.03189672259783,LOSS
ncaa,401871049,1,2,2026,5,New Mexico State,Western Kentucky,2026-10-02T00:00:00+00:00,56370750e6185ac61f89116c,ncaa-d05e246769f11b1972c1,2026-10-01T19:37:51.911750Z,2026-10-02T18:13:40.262310+00:00,unknown,21.0,47.0,developing,False,4.368913402777778,False,-0.4606368867382024,2.5,LOSS,1.0,1.0,1.5,Bovada,2026-10-01T23:58:03.409237+00:00,53.9857209284587,56.0,WIN,0.0,0.0,56.0,Bovada,2026-10-01T23:58:03.409237+00:00,T1-shadow-v1,c17e0de5d818d2124ec9,56.0,56.72563401292889,LOSS,57.03189672259783,LOSS
ncaa,401862786,24,2,2026,5,Tulsa,North Texas,2026-10-02T01:00:00+00:00,a79a92e73f54d7dd90ba92d4,ncaa-d05e246769f11b1972c1,2026-09-30T23:57:14.591023Z,2026-10-02T18:13:40.262310+00:00,unknown,-1.0,89.0,developing,False,25.04594693805556,True,-5.461830924395411,-1.0,PUSH,0.0,,,,,59.63759620833202,57.0,WIN,-1.0,,,,,T1-shadow-v1,c17e0de5d818d2124ec9,57.0,57.72563401292889,WIN,57.03597239583682,WIN
ncaa,401862786,1,2,2026,5,Tulsa,North Texas,2026-10-02T01:00:00+00:00,a0c77eb1a9053b931c97a260,ncaa-d05e246769f11b1972c1,2026-10-01T23:58:50.567225Z,2026-10-02T18:13:40.262310+00:00,unknown,-1.0,89.0,developing,False,1.0192868819444445,True,-5.46183092439543,-1.0,PUSH,0.0,,,,,59.63759620833203,56.0,WIN,0.0,,,,,T1-shadow-v1,c17e0de5d818d2124ec9,56.0,56.72563401292889,WIN,56.03597239583682,WIN
nfl,2026_04_PIT_CLE,24,2,2026,4,CLE,PIT,2026-10-01T20:15:00+00:00,6783984f4ee5c5224ee912b8,nfl-f6b86a58964932e2e1c2,2026-09-30T19:28:48.868091Z,2026-10-02T18:13:40.262310+00:00,unknown,3.0,51.0,incomplete,False,24.76975886361112,True,-3.068050000000001,-2.5,LOSS,0.0,,,,,39.34745,38.5,WIN,0.0,,,,,,,,,,,
nfl,2026_04_PIT_CLE,1,2,2026,4,CLE,PIT,2026-10-01T20:15:00+00:00,62e4ac8909c8b7bafc268455,nfl-f6b86a58964932e2e1c2,2026-10-01T13:30:00.102301Z,2026-10-02T18:13:40.262310+00:00,unknown,3.0,51.0,incomplete,False,6.749971583055556,True,-3.068050000000001,-2.5,LOSS,0.0,,,,,39.34745,38.5,WIN,0.0,,,,,,,,,,,
ncaa,401858245,24,2,2026,5,Virginia Tech,Pittsburgh,2026-10-02T23:00:00+00:00,4a1aa28aa23f9a9453f4126a,ncaa-d05e246769f11b1972c1,2026-10-01T19:37:51.911750Z,2026-10-03T17:02:34.322958+00:00,unknown,-2.0,68.0,developing,False,27.36891340277778,True,8.15503972463231,2.5,LOSS,0.0,-1.0,1.5,Bovada,2026-10-02T22:33:50.357965+00:00,55.07470805224371,55.0,WIN,-0.5,-0.5,54.5,Bovada,2026-10-02T22:33:50.357965+00:00,T1-shadow-v1,c17e0de5d818d2124ec9,55.0,55.72563401292889,WIN,55.46453037354896,WIN
ncaa,401858245,1,2,2026,5,Virginia Tech,Pittsburgh,2026-10-02T23:00:00+00:00,a544ece69e12d7f6e1a19a2e,ncaa-d05e246769f11b1972c1,2026-10-02T19:24:27.273964Z,2026-10-03T17:02:34.322958+00:00,unknown,-2.0,68.0,developing,False,3.592423898888889,True,8.225351123153327,2.5,LOSS,0.0,,,,,55.207236672860425,54.5,WIN,0.0,,,,,T1-shadow-v1,c17e0de5d818d2124ec9,54.5,55.22563401292889,WIN,54.96453037354896,WIN
ncaa,401858476,24,2,2026,5,Northwestern,Penn State,2026-10-03T00:00:00+00:00,89cbc7976f47ccb3a03b0dbd,ncaa-d05e246769f11b1972c1,2026-10-01T23:58:50.567225Z,2026-10-03T17:02:34.322958+00:00,unknown,21.0,47.0,developing,False,24.01928688194444,False,-1.7075370338009757,-3.0,WIN,0.5,,,,,53.9010154464982,45.5,WIN,1.5,,,,,T1-shadow-v1,c17e0de5d818d2124ec9,45.5,46.22563401292889,WIN,45.71304732587812,WIN
ncaa,401858476,1,2,2026,5,Northwestern,Penn State,2026-10-03T00:00:00+00:00,0e84c95bd6895441f2ced907,ncaa-d05e246769f11b1972c1,2026-10-02T19:24:27.273964Z,2026-10-03T17:02:34.322958+00:00,unknown,21.0,47.0,developing,False,4.592423898888889,False,-1.6924016995139866,-2.5,WIN,0.0,,,,,53.94934273932152,46.0,WIN,1.0,,,,,T1-shadow-v1,c17e0de5d818d2124ec9,46.0,46.72563401292889,WIN,46.21304732587812,WIN
ncaa,401871050,24,2,2026,5,Delaware,Liberty,2026-10-02T23:00:00+00:00,56f57398834070f674429a36,ncaa-d05e246769f11b1972c1,2026-10-01T19:37:51.911750Z,2026-10-03T17:02:34.322958+00:00,unknown,-16.0,44.0,developing,False,27.36891340277778,False,4.7901148745882045,-6.5,LOSS,-0.5,-0.5,-7.0,Bovada,2026-10-02T22:33:50.357965+00:00,54.39213743457388,50.0,LOSS,0.0,1.5,51.5,Bovada,2026-10-02T22:33:50.357965+00:00,T1-shadow-v1,c17e0de5d818d2124ec9,50.0,50.72563401292889,LOSS,50.735168108235264,LOSS
ncaa,401871050,1,2,2026,5,Delaware,Liberty,2026-10-02T23:00:00+00:00,14de90ae6b5c0ab8256e9a8e,ncaa-d05e246769f11b1972c1,2026-10-02T19:24:27.273964Z,2026-10-03T17:02:34.322958+00:00,unknown,-16.0,44.0,developing,False,3.592423898888889,False,4.791651426460171,-7.0,LOSS,0.0,,,,,54.41862268711908,50.0,LOSS,0.0,,,,,T1-shadow-v1,c17e0de5d818d2124ec9,50.0,50.72563401292889,LOSS,50.735168108235264,LOSS
ncaa,401868094,24,2,2026,5,Idaho,Montana State,2026-10-03T02:30:00+00:00,dd535bda95db92e0430cb5b4,ncaa-d05e246769f11b1972c1,2026-10-01T23:58:50.567225Z,2026-10-03T17:02:34.322958+00:00,unknown,1.0,69.0,incomplete,False,26.51928688194444,True,-13.88914872666006,-17.5,WIN,3.0,,,,,56.94592648799981,58.5,LOSS,2.0,,,,,T1-shadow-v1,c17e0de5d818d2124ec9,58.5,59.22563401292889,WIN,58.7536423362602,WIN
ncaa,401868094,1,2,2026,5,Idaho,Montana State,2026-10-03T02:30:00+00:00,2fb844589b10520e10ce9638,ncaa-d05e246769f11b1972c1,2026-10-02T23:51:27.687779Z,2026-10-03T17:02:34.322958+00:00,unknown,1.0,69.0,incomplete,False,2.6423089502777777,True,-13.879989098273487,-14.5,WIN,0.0,,,,,56.9407474716974,56.5,WIN,0.0,,,,,T1-shadow-v1,c17e0de5d818d2124ec9,56.5,57.22563401292889,WIN,56.7536423362602,WIN
ncaa,401858249,24,2,2026,5,Clemson,Miami,2026-10-03T23:30:00+00:00,455080c9113d3cb1411fa6ef,ncaa-d05e246769f11b1972c1,2026-10-02T19:24:27.273964Z,2026-10-04T17:18:53.776047+00:00,unknown,-28.0,54.0,developing,False,28.092423898888885,True,-16.3467151878236,-15.0,WIN,0.5,,,,,56.96230147506292,47.5,WIN,0.0,,,,,T1-shadow-v1,c17e0de5d818d2124ec9,47.5,48.22563401292889,WIN,47.817424845456856,WIN
ncaa,401858249,1,2,2026,5,Clemson,Miami,2026-10-03T23:30:00+00:00,bf540cc8017ed3bfd741f84d,ncaa-d05e246769f11b1972c1,2026-10-03T21:26:17.457520Z,2026-10-04T17:18:53.776047+00:00,unknown,-28.0,54.0,developing,False,2.061817355555556,True,-15.972224537521926,-15.5,WIN,0.0,,,,,59.07635097862305,47.5,WIN,0.0,,,,,T1-shadow-v1,c17e0de5d818d2124ec9,47.5,48.22563401292889,WIN,47.817424845456856,WIN
ncaa,401858250,24,2,2026,5,North Carolina,Notre Dame,2026-10-03T16:00:00+00:00,d2fa6d084046b1518de118b5,ncaa-d05e246769f11b1972c1,2026-10-02T12:48:45.473309Z,2026-10-04T17:18:53.776047+00:00,unknown,-11.0,63.0,developing,False,27.18736852527778,True,-19.46676160611053,-21.5,WIN,0.5,,,,,49.73050089753212,46.5,WIN,0.0,,,,,T1-shadow-v1,c17e0de5d818d2124ec9,46.5,47.22563401292889,WIN,47.85367936809937,WIN
ncaa,401858250,1,2,2026,5,North Carolina,Notre Dame,2026-10-03T16:00:00+00:00,aa3369e786f975786a991901,ncaa-d05e246769f11b1972c1,2026-10-03T11:49:56.742722Z,2026-10-04T17:18:53.776047+00:00,unknown,-11.0,63.0,developing,False,4.167571466111111,True,-19.39628874290251,-21.0,WIN,0.0,,,,,49.71514360765448,46.5,WIN,0.0,,,,,T1-shadow-v1,c17e0de5d818d2124ec9,46.5,47.22563401292889,WIN,47.85367936809937,WIN
ncaa,401856707,24,2,2026,5,Mississippi State,Alabama,2026-10-03T16:00:00+00:00,faffb702c068ea397aec4d92,ncaa-d05e246769f11b1972c1,2026-10-02T12:48:45.473309Z,2026-10-04T17:18:53.776047+00:00,unknown,-33.0,79.0,developing,False,27.18736852527778,False,-7.623158936193043,-5.5,WIN,0.0,,,,,52.42095419059603,60.0,LOSS,-1.5,,,,,T1-shadow-v1,c17e0de5d818d2124ec9,60.0,60.72563401292889,WIN,60.90082109739605,WIN
ncaa,401856707,1,2,2026,5,Mississippi State,Alabama,2026-10-03T16:00:00+00:00,37cd45698351fbc7d06a55c1,ncaa-d05e246769f11b1972c1,2026-10-03T11:49:56.742722Z,2026-10-04T17:18:53.776047+00:00,unknown,-33.0,79.0,developing,False,4.167571466111111,False,-7.572531197207092,-5.5,WIN,0.0,,,,,52.43382772024539,61.5,LOSS,0.0,,,,,T1-shadow-v1,c17e0de5d818d2124ec9,61.5,62.22563401292889,WIN,62.40082109739605,WIN
ncaa,401856705,24,2,2026,5,Georgia,Vanderbilt,2026-10-03T16:45:00+00:00,dee130c835febb83d4c31789,ncaa-d05e246769f11b1972c1,2026-10-02T12:48:45.473309Z,2026-10-04T17:18:53.776047+00:00,unknown,24.0,52.0,developing,False,27.93736852527778,True,17.74134615719569,25.0,WIN,-0.5,,,,,58.93707743259443,51.0,WIN,0.0,,,,,T1-shadow-v1,c17e0de5d818d2124ec9,51.0,51.72563401292889,WIN,50.16055738527192,LOSS
ncaa,401856705,1,2,2026,5,Georgia,Vanderbilt,2026-10-03T16:45:00+00:00,484f2795c9be7c30656ea75d,ncaa-d05e246769f11b1972c1,2026-10-03T11:49:56.742722Z,2026-10-04T17:18:53.776047+00:00,unknown,24.0,52.0,developing,False,4.917571466111111,True,17.654260701852625,25.5,WIN,0.0,,,,,58.89661227247494,51.0,WIN,0.0,,,,,T1-shadow-v1,c17e0de5d818d2124ec9,51.0,51.72563401292889,WIN,50.16055738527192,LOSS
ncaa,401858474,24,2,2026,5,Minnesota,Michigan,2026-10-03T16:00:00+00:00,bbae227e4dd13743996f997c,ncaa-d05e246769f11b1972c1,2026-10-02T12:48:45.473309Z,2026-10-04T17:18:53.776047+00:00,unknown,6.0,34.0,developing,False,27.18736852527778,True,-9.48771258935138,-6.0,LOSS,0.0,,,,,49.098940374368574,43.0,LOSS,0.0,,,,,T1-shadow-v1,c17e0de5d818d2124ec9,43.0,43.72563401292889,LOSS,44.5505800179614,LOSS
ncaa,401858474,1,2,2026,5,Minnesota,Michigan,2026-10-03T16:00:00+00:00,650bd6a778c8f86807996860,ncaa-d05e246769f11b1972c1,2026-10-03T11:49:56.742722Z,2026-10-04T17:18:53.776047+00:00,unknown,6.0,34.0,developing,False,4.167571466111111,True,-9.254325995262182,-6.0,LOSS,0.0,,,,,49.064306113425104,43.0,LOSS,0.0,,,,,T1-shadow-v1,c17e0de5d818d2124ec9,43.0,43.72563401292889,LOSS,44.5505800179614,LOSS
ncaa,401858479,24,2,2026,5,Wisconsin,Michigan State,2026-10-03T16:30:00+00:00,3b48a2358dc5e0f7bc0bf5de,ncaa-d05e246769f11b1972c1,2026-10-02T12:48:45.473309Z,2026-10-04T17:18:53.776047+00:00,unknown,28.0,34.0,developing,False,27.68736852527778,False,7.220362230728288,9.5,LOSS,0.5,,,,,48.58231968035028,43.0,LOSS,0.0,,,,,T1-shadow-v1,c17e0de5d818d2124ec9,43.0,43.72563401292889,LOSS,45.14844116877186,LOSS
ncaa,401858479,1,2,2026,5,Wisconsin,Michigan State,2026-10-03T16:30:00+00:00,273465d6e6357b0d012e35bb,ncaa-d05e246769f11b1972c1,2026-10-03T11:49:56.742722Z,2026-10-04T17:18:53.776047+00:00,unknown,28.0,34.0,developing,False,4.667571466111111,False,7.366837963052068,9.0,LOSS,0.0,,,,,48.60886370465332,43.0,LOSS,0.0,,,,,T1-shadow-v1,c17e0de5d818d2124ec9,43.0,43.72563401292889,LOSS,45.14844116877186,LOSS
ncaa,401858248,24,2,2026,5,NC State,Louisville,2026-10-03T19:30:00+00:00,17e7022a0bbc30e63f2cd0f6,ncaa-d05e246769f11b1972c1,2026-10-02T19:24:27.273964Z,2026-10-04T17:18:53.776047+00:00,unknown,3.0,59.0,developing,False,24.092423898888885,True,1.0395333538111684,-3.5,WIN,0.5,,,,,60.32304534010025,58.0,WIN,-0.5,,,,,T1-shadow-v1,c17e0de5d818d2124ec9,58.0,58.72563401292889,WIN,57.5226934887918,LOSS
ncaa,401858248,1,2,2026,5,NC State,Louisville,2026-10-03T19:30:00+00:00,fa68d8d542f5bdef9642a7dd,ncaa-d05e246769f11b1972c1,2026-10-03T16:29:24.705789Z,2026-10-04T17:18:53.776047+00:00,unknown,3.0,59.0,developing,False,3.0098039475,True,1.0669858358152442,-3.0,WIN,0.0,,,,,60.31622660659819,57.5,WIN,0.0,,,,,T1-shadow-v1,c17e0de5d818d2124ec9,57.5,58.22563401292889,WIN,57.0226934887918,LOSS
ncaa,401856710,24,2,2026,5,Tennessee,Auburn,2026-10-03T19:30:00+00:00,342e11abc76d8590ce60de8a,ncaa-d05e246769f11b1972c1,2026-10-02T19:24:27.273964Z,2026-10-04T17:18:53.776047+00:00,unknown,10.0,38.0,developing,False,24.092423898888885,True,17.815648327981787,6.5,WIN,0.0,,,,,55.110022211989744,54.0,LOSS,0.0,,,,,T1-shadow-v1,c17e0de5d818d2124ec9,54.0,54.72563401292889,LOSS,54.2346202597592,LOSS
ncaa,401856710,1,2,2026,5,Tennessee,Auburn,2026-10-03T19:30:00+00:00,f52e6048c7a9bf21526d8b9f,ncaa-d05e246769f11b1972c1,2026-10-03T16:29:24.705789Z,2026-10-04T17:18:53.776047+00:00,unknown,10.0,38.0,developing,False,3.0098039475,True,17.88284801212077,6.5,WIN,0.0,,,,,55.15981794728898,54.0,LOSS,0.0,,,,,T1-shadow-v1,c17e0de5d818d2124ec9,54.0,54.72563401292889,LOSS,54.2346202597592,LOSS
ncaa,401858473,24,2,2026,5,Iowa,Ohio State,2026-10-03T19:30:00+00:00,e7bbc15ef4904ff51ba6fceb,ncaa-d05e246769f11b1972c1,2026-10-02T19:24:27.273964Z,2026-10-04T17:18:53.776047+00:00,unknown,-17.0,45.0,developing,False,24.092423898888885,True,-17.919545875480747,-14.5,WIN,-0.5,,,,,48.9707134705591,45.5,LOSS,0.0,,,,,T1-shadow-v1,c17e0de5d818d2124ec9,45.5,46.22563401292889,LOSS,47.10816590986776,LOSS
ncaa,401858473,1,2,2026,5,Iowa,Ohio State,2026-10-03T19:30:00+00:00,e5d5956f94ca333a7d63a64e,ncaa-d05e246769f11b1972c1,2026-10-03T16:29:24.705789Z,2026-10-04T17:18:53.776047+00:00,unknown,-17.0,45.0,developing,False,3.0098039475,True,-17.800440841631993,-14.0,WIN,0.0,,,,,48.93175100102927,45.5,LOSS,0.0,,,,,T1-shadow-v1,c17e0de5d818d2124ec9,45.5,46.22563401292889,LOSS,47.10816590986776,LOSS
ncaa,401856708,24,2,2026,5,Missouri,Florida,2026-10-03T19:30:00+00:00,6de4bd1cd7dda0fa67598d49,ncaa-d05e246769f11b1972c1,2026-10-02T19:24:27.273964Z,2026-10-04T17:18:53.776047+00:00,unknown,28.0,62.0,developing,False,24.092423898888885,True,10.65228099521346,-5.5,WIN,0.0,,,,,52.38489887248709,58.0,LOSS,0.0,,,,,T1-shadow-v1,c17e0de5d818d2124ec9,58.0,58.72563401292889,WIN,58.83968075805622,WIN
ncaa,401856708,1,2,2026,5,Missouri,Florida,2026-10-03T19:30:00+00:00,6041495001f02dbd4ffff9f3,ncaa-d05e246769f11b1972c1,2026-10-03T16:29:24.705789Z,2026-10-04T17:18:53.776047+00:00,unknown,28.0,62.0,developing,False,3.0098039475,True,10.761901834459945,-5.5,WIN,0.0,,,,,52.399518231944725,58.0,LOSS,0.0,,,,,T1-shadow-v1,c17e0de5d818d2124ec9,58.0,58.72563401292889,WIN,58.83968075805622,WIN
ncaa,401858253,24,2,2026,5,Florida State,Virginia,2026-10-03T19:30:00+00:00,3bec95d99eb8621c8f2cdfbf,ncaa-d05e246769f11b1972c1,2026-10-02T19:24:27.273964Z,2026-10-04T17:18:53.776047+00:00,unknown,31.0,45.0,developing,False,24.092423898888885,False,-0.3490087807082034,-1.5,WIN,0.5,,,,,54.2213679061864,51.5,LOSS,0.0,,,,,T1-shadow-v1,c17e0de5d818d2124ec9,51.5,52.22563401292889,LOSS,52.036830754458194,LOSS
ncaa,401858253,1,2,2026,5,Florida State,Virginia,2026-10-03T19:30:00+00:00,eaabc79afcbbca5feed9c7c8,ncaa-d05e246769f11b1972c1,2026-10-03T16:29:24.705789Z,2026-10-04T17:18:53.776047+00:00,unknown,31.0,45.0,developing,False,3.0098039475,False,-0.3726240053957156,-1.0,WIN,0.0,,,,,54.251712739666345,51.5,LOSS,0.0,,,,,T1-shadow-v1,c17e0de5d818d2124ec9,51.5,52.22563401292889,LOSS,52.036830754458194,LOSS
ncaa,401856709,24,2,2026,5,South Carolina,Kentucky,2026-10-03T20:15:00+00:00,dad838d58a97c881988e6d09,ncaa-d05e246769f11b1972c1,2026-10-02T19:24:27.273964Z,2026-10-04T17:18:53.776047+00:00,unknown,-1.0,69.0,developing,False,24.842423898888885,False,19.785173902320963,2.5,LOSS,0.0,,,,,46.98932764071957,53.5,LOSS,0.0,,,,,T1-shadow-v1,c17e0de5d818d2124ec9,53.5,54.22563401292889,WIN,55.34509530236664,WIN
ncaa,401856709,1,2,2026,5,South Carolina,Kentucky,2026-10-03T20:15:00+00:00,15070e1267c7bdf9e249de3e,ncaa-d05e246769f11b1972c1,2026-10-03T16:29:24.705789Z,2026-10-04T17:18:53.776047+00:00,unknown,-1.0,69.0,developing,False,3.7598039475,False,19.928056720020606,2.5,LOSS,0.0,,,,,46.982601474079125,53.5,LOSS,0.0,,,,,T1-shadow-v1,c17e0de5d818d2124ec9,53.5,54.22563401292889,WIN,55.34509530236664,WIN
ncaa,401856818,24,2,2026,5,TCU,BYU,2026-10-03T23:00:00+00:00,1b539cfb278eb39802fe8477,ncaa-d05e246769f11b1972c1,2026-10-02T19:24:27.273964Z,2026-10-04T17:18:53.776047+00:00,unknown,-7.0,27.0,developing,False,27.592423898888885,True,-5.30492135795428,-6.0,LOSS,0.0,,,,,55.07320240217204,48.0,LOSS,0.0,,,,,T1-shadow-v1,c17e0de5d818d2124ec9,48.0,48.72563401292889,LOSS,48.29015261745116,LOSS
ncaa,401856818,1,2,2026,5,TCU,BYU,2026-10-03T23:00:00+00:00,b997d741bd18f484b40f0a2d,ncaa-d05e246769f11b1972c1,2026-10-03T21:26:17.457520Z,2026-10-04T17:18:53.776047+00:00,unknown,-7.0,27.0,developing,False,1.5618173555555557,True,-5.076114579979839,-6.0,LOSS,0.0,,,,,57.116717054271646,48.0,LOSS,0.0,,,,,T1-shadow-v1,c17e0de5d818d2124ec9,48.0,48.72563401292889,LOSS,48.29015261745116,LOSS
ncaa,401858478,24,2,2026,5,USC,Washington,2026-10-03T23:30:00+00:00,e22ccd7cce16e088faf39e1c,ncaa-d05e246769f11b1972c1,2026-10-02T19:24:27.273964Z,2026-10-04T17:18:53.776047+00:00,unknown,4.0,46.0,developing,False,28.092423898888885,True,11.237570426851786,9.0,LOSS,0.0,,,,,52.66810764038791,58.0,WIN,0.0,,,,,T1-shadow-v1,c17e0de5d818d2124ec9,58.0,58.72563401292889,LOSS,58.32640112953371,LOSS
ncaa,401858478,1,2,2026,5,USC,Washington,2026-10-03T23:30:00+00:00,e857af9b19a837246d6a4a9d,ncaa-d05e246769f11b1972c1,2026-10-03T21:26:17.457520Z,2026-10-04T17:18:53.776047+00:00,unknown,4.0,46.0,developing,False,2.061817355555556,True,10.973348156113342,9.0,LOSS,0.0,,,,,54.53572120253023,58.0,WIN,0.0,,,,,T1-shadow-v1,c17e0de5d818d2124ec9,58.0,58.72563401292889,LOSS,58.32640112953371,LOSS
ncaa,401858477,24,2,2026,5,Rutgers,Indiana,2026-10-04T00:00:00+00:00,fdd14b44819a10483a2de0c7,ncaa-d05e246769f11b1972c1,2026-10-02T23:51:27.687779Z,2026-10-04T17:18:53.776047+00:00,unknown,-32.0,62.0,developing,False,24.142308950277776,True,-22.824005172987206,-24.5,LOSS,0.5,,,,,56.59558875565363,57.0,LOSS,0.0,,,,,T1-shadow-v1,c17e0de5d818d2124ec9,57.0,57.72563401292889,WIN,57.05378549965758,WIN
ncaa,401858477,1,2,2026,5,Rutgers,Indiana,2026-10-04T00:00:00+00:00,0ee2e3673dfe6183ddead82d,ncaa-d05e246769f11b1972c1,2026-10-03T21:26:17.457520Z,2026-10-04T17:18:53.776047+00:00,unknown,-32.0,62.0,developing,False,2.561817355555556,True,-22.95721897799293,-24.0,LOSS,0.0,,,,,57.89220020521028,57.0,WIN,0.0,,,,,T1-shadow-v1,c17e0de5d818d2124ec9,57.0,57.72563401292889,WIN,57.05378549965758,WIN
ncaa,401856820,24,2,2026,5,Arizona,Cincinnati,2026-10-04T03:00:00+00:00,98870d587113de7d5b031456,ncaa-d05e246769f11b1972c1,2026-10-02T23:51:27.687779Z,2026-10-04T17:18:53.776047+00:00,unknown,27.0,41.0,developing,False,27.142308950277776,False,3.196189385921627,6.5,LOSS,0.0,,,,,58.87257325345374,55.5,LOSS,0.0,,,,,T1-shadow-v1,c17e0de5d818d2124ec9,55.5,56.22563401292889,LOSS,54.63947457852658,WIN
ncaa,401856820,1,2,2026,5,Arizona,Cincinnati,2026-10-04T03:00:00+00:00,9a148d6815bad702c479515c,ncaa-d05e246769f11b1972c1,2026-10-04T00:45:02.253075Z,2026-10-04T17:18:53.776047+00:00,unknown,27.0,41.0,developing,False,2.2493741458333334,False,3.1234278234500303,6.5,LOSS,0.0,,,,,60.813406128305054,55.5,LOSS,0.0,,,,,T1-shadow-v1,c17e0de5d818d2124ec9,55.5,56.22563401292889,LOSS,54.63947457852658,WIN
ncaa,401856822,24,2,2026,5,Iowa State,West Virginia,2026-10-03T16:00:00+00:00,014c41125f72ed84e10d4657,ncaa-d05e246769f11b1972c1,2026-10-02T12:48:45.473309Z,2026-10-04T17:18:53.776047+00:00,unknown,3.0,87.0,developing,False,27.18736852527778,True,6.306371973790058,3.0,PUSH,0.0,,,,,49.66730497044697,53.0,LOSS,0.0,,,,,T1-shadow-v1,c17e0de5d818d2124ec9,53.0,53.72563401292889,WIN,54.344507517334726,WIN
ncaa,401856822,1,2,2026,5,Iowa State,West Virginia,2026-10-03T16:00:00+00:00,6986bb7ba108006a73edb895,ncaa-d05e246769f11b1972c1,2026-10-03T11:49:56.742722Z,2026-10-04T17:18:53.776047+00:00,unknown,3.0,87.0,developing,False,4.167571466111111,True,6.103231239695277,3.0,PUSH,0.0,,,,,49.70061935155545,53.0,LOSS,0.0,,,,,T1-shadow-v1,c17e0de5d818d2124ec9,53.0,53.72563401292889,WIN,54.344507517334726,WIN
ncaa,401858251,24,2,2026,5,Wake Forest,Stanford,2026-10-03T16:00:00+00:00,04b383eef3f86bbb7c3064f5,ncaa-d05e246769f11b1972c1,2026-10-02T12:48:45.473309Z,2026-10-04T17:18:53.776047+00:00,unknown,54.0,60.0,developing,False,27.18736852527778,False,16.914744604811077,14.0,WIN,0.5,,,,,52.99772809980425,53.5,LOSS,-0.5,,,,,T1-shadow-v1,c17e0de5d818d2124ec9,53.5,54.22563401292889,WIN,54.443386604014975,WIN
ncaa,401858251,1,2,2026,5,Wake Forest,Stanford,2026-10-03T16:00:00+00:00,e6a1adf9c4b0545fc61e02ff,ncaa-d05e246769f11b1972c1,2026-10-03T11:49:56.742722Z,2026-10-04T17:18:53.776047+00:00,unknown,54.0,60.0,developing,False,4.167571466111111,False,17.011500405513694,14.5,WIN,0.0,,,,,53.04520583867675,54.0,LOSS,0.0,,,,,T1-shadow-v1,c17e0de5d818d2124ec9,54.0,54.72563401292889,WIN,54.943386604014975,WIN
ncaa,401856807,24,2,2026,5,Kansas,Middle Tennessee,2026-10-03T16:00:00+00:00,23322b47f72579f237d41ade,ncaa-d05e246769f11b1972c1,2026-10-02T12:48:45.473309Z,2026-10-04T17:18:53.776047+00:00,unknown,55.0,55.0,developing,False,27.18736852527778,False,9.085181779690105,20.0,LOSS,-0.5,,,,,57.18753542377984,50.5,WIN,0.0,,,,,T1-shadow-v1,c17e0de5d818d2124ec9,50.5,51.22563401292889,WIN,50.14455419904005,LOSS
ncaa,401856807,1,2,2026,5,Kansas,Middle Tennessee,2026-10-03T16:00:00+00:00,11b090db886d01b5fdef0aaa,ncaa-d05e246769f11b1972c1,2026-10-03T11:49:56.742722Z,2026-10-04T17:18:53.776047+00:00,unknown,55.0,55.0,developing,False,4.167571466111111,False,9.113559295073912,20.5,LOSS,0.0,,,,,57.1508519024352,50.5,WIN,0.0,,,,,T1-shadow-v1,c17e0de5d818d2124ec9,50.5,51.22563401292889,WIN,50.14455419904005,LOSS
ncaa,401858252,24,2,2026,5,UConn,Syracuse,2026-10-03T16:00:00+00:00,9845c91c93629c8eb290a9e8,ncaa-d05e246769f11b1972c1,2026-10-02T12:48:45.473309Z,2026-10-04T17:18:53.776047+00:00,unknown,-1.0,83.0,developing,True,27.18736852527778,True,13.456592111537953,-7.0,WIN,0.5,,,,,57.48622745727867,50.5,WIN,0.0,,,,,T1-shadow-v1,c17e0de5d818d2124ec9,50.5,51.22563401292889,WIN,50.71919524527748,WIN
ncaa,401858252,1,2,2026,5,UConn,Syracuse,2026-10-03T16:00:00+00:00,fd1fe5c758e36dab57bc4ef6,ncaa-d05e246769f11b1972c1,2026-10-03T11:49:56.742722Z,2026-10-04T17:18:53.776047+00:00,unknown,-1.0,83.0,developing,False,4.167571466111111,True,13.270080969446068,-6.5,WIN,0.0,,,,,57.515448722800606,50.5,WIN,0.0,,,,,T1-shadow-v1,c17e0de5d818d2124ec9,50.5,51.22563401292889,WIN,50.71919524527748,WIN
ncaa,401862791,24,2,2026,5,Air Force,Navy,2026-10-03T16:00:00+00:00,7ef0236d9ed89e0c622f47b3,ncaa-d05e246769f11b1972c1,2026-10-02T12:48:45.473309Z,2026-10-04T17:18:53.776047+00:00,unknown,5.0,23.0,developing,False,27.18736852527778,True,6.365649780051583,3.0,WIN,0.0,,,,,61.74041637954073,45.5,LOSS,-0.5,,,,,T1-shadow-v1,c17e0de5d818d2124ec9,45.5,46.22563401292889,LOSS,43.73649153725572,WIN
ncaa,401862791,1,2,2026,5,Air Force,Navy,2026-10-03T16:00:00+00:00,3e358d63434378397198e94b,ncaa-d05e246769f11b1972c1,2026-10-03T11:49:56.742722Z,2026-10-04T17:18:53.776047+00:00,unknown,5.0,23.0,developing,False,4.167571466111111,True,6.391727510529707,3.0,WIN,0.0,,,,,61.675329336157375,45.0,LOSS,0.0,,,,,T1-shadow-v1,c17e0de5d818d2124ec9,45.0,45.72563401292889,LOSS,43.23649153725572,WIN
ncaa,401858246,24,2,2026,5,SMU,Boston College,2026-10-03T16:00:00+00:00,89425d66877d516d4b67ca0b,ncaa-d05e246769f11b1972c1,2026-10-02T12:48:45.473309Z,2026-10-04T17:18:53.776047+00:00,unknown,9.0,41.0,developing,False,27.18736852527778,False,29.17079383683655,21.5,LOSS,0.0,,,,,56.8065400528684,55.5,LOSS,-0.5,,,,,T1-shadow-v1,c17e0de5d818d2124ec9,55.5,56.22563401292889,LOSS,55.95361544606532,LOSS
ncaa,401858246,1,2,2026,5,SMU,Boston College,2026-10-03T16:00:00+00:00,009345a4aded22d66574772d,ncaa-d05e246769f11b1972c1,2026-10-03T11:49:56.742722Z,2026-10-04T17:18:53.776047+00:00,unknown,9.0,41.0,developing,False,4.167571466111111,True,29.09448312467781,21.5,LOSS,0.0,,,,,56.82381242095541,55.0,LOSS,0.0,,,,,T1-shadow-v1,c17e0de5d818d2124ec9,55.0,55.72563401292889,LOSS,55.45361544606532,LOSS
ncaa,401856819,24,2,2026,5,Houston,UCF,2026-10-03T16:00:00+00:00,f6d0169cca9adc101c190a10,ncaa-d05e246769f11b1972c1,2026-10-02T12:48:45.473309Z,2026-10-04T17:18:53.776047+00:00,unknown,10.0,44.0,developing,False,27.18736852527778,True,10.429665730796255,11.0,WIN,0.5,,,,,47.514197730070734,51.0,WIN,0.0,,,,,T1-shadow-v1,c17e0de5d818d2124ec9,51.0,51.72563401292889,LOSS,52.96776583855141,LOSS
ncaa,401856819,1,2,2026,5,Houston,UCF,2026-10-03T16:00:00+00:00,73971642a10b5e2a2f6d83c7,ncaa-d05e246769f11b1972c1,2026-10-03T11:49:56.742722Z,2026-10-04T17:18:53.776047+00:00,unknown,10.0,44.0,developing,False,4.167571466111111,True,10.454545597768616,10.5,WIN,0.0,,,,,47.48879695386516,51.0,WIN,0.0,,,,,T1-shadow-v1,c17e0de5d818d2124ec9,51.0,51.72563401292889,LOSS,52.96776583855141,LOSS
ncaa,401866432,24,2,2026,5,Buffalo,Western Michigan,2026-10-03T17:00:00+00:00,79f4b0c5c9dd691562aab8e2,ncaa-d05e246769f11b1972c1,2026-10-02T12:48:45.473309Z,2026-10-04T17:18:53.776047+00:00,unknown,-3.0,37.0,developing,False,28.18736852527778,True,-6.518109475720677,-13.5,WIN,0.5,,,,,50.08585708289669,46.0,LOSS,0.0,,,,,T1-shadow-v1,c17e0de5d818d2124ec9,46.0,46.72563401292889,LOSS,47.60661302642756,LOSS
ncaa,401866432,1,2,2026,5,Buffalo,Western Michigan,2026-10-03T17:00:00+00:00,05e6e811baa2815d7941c167,ncaa-d05e246769f11b1972c1,2026-10-03T11:49:56.742722Z,2026-10-04T17:18:53.776047+00:00,unknown,-3.0,37.0,developing,False,5.167571466111111,True,-6.5656137313646825,-13.0,WIN,0.0,,,,,50.09828939101613,46.0,LOSS,0.0,,,,,T1-shadow-v1,c17e0de5d818d2124ec9,46.0,46.72563401292889,LOSS,47.60661302642756,LOSS
ncaa,401866431,24,2,2026,5,Ball State,Toledo,2026-10-03T18:00:00+00:00,5873495a13af16b889dd93b3,ncaa-d05e246769f11b1972c1,2026-10-02T12:48:45.473309Z,2026-10-04T17:18:53.776047+00:00,unknown,-15.0,63.0,developing,False,29.18736852527778,True,-12.712007168256484,-20.5,WIN,-0.5,,,,,48.87077049567326,52.5,LOSS,0.5,,,,,T1-shadow-v1,c17e0de5d818d2124ec9,52.5,53.22563401292889,WIN,54.43308208116096,WIN
ncaa,401866431,1,2,2026,5,Ball State,Toledo,2026-10-03T18:00:00+00:00,5dd928a608badae73ef500ad,ncaa-d05e246769f11b1972c1,2026-10-03T16:29:24.705789Z,2026-10-04T17:18:53.776047+00:00,unknown,-15.0,63.0,developing,False,1.5098039475,True,-12.548867036482646,-21.0,WIN,0.0,,,,,48.90550836377814,52.0,LOSS,0.0,,,,,T1-shadow-v1,c17e0de5d818d2124ec9,52.0,52.72563401292889,WIN,53.93308208116096,WIN
ncaa,401864515,24,2,2026,5,North Dakota State,Wyoming,2026-10-03T19:30:00+00:00,f8e854e965e2d0e78ee5b3d8,ncaa-d05e246769f11b1972c1,2026-10-02T19:24:27.273964Z,2026-10-04T17:18:53.776047+00:00,unknown,28.0,28.0,incomplete,False,24.092423898888885,True,22.244687255170263,17.0,WIN,0.0,,,,,48.01032454097028,44.5,LOSS,0.0,,,,,T1-shadow-v1,c17e0de5d818d2124ec9,44.5,45.22563401292889,LOSS,46.80831459447408,LOSS
ncaa,401864515,1,2,2026,5,North Dakota State,Wyoming,2026-10-03T19:30:00+00:00,c6197b1f17e367a4ac354648,ncaa-d05e246769f11b1972c1,2026-10-03T16:29:24.705789Z,2026-10-04T17:18:53.776047+00:00,unknown,28.0,28.0,incomplete,False,3.0098039475,True,22.15435257934863,17.0,WIN,0.0,,,,,48.01261826753559,44.5,LOSS,0.0,,,,,T1-shadow-v1,c17e0de5d818d2124ec9,44.5,45.22563401292889,LOSS,46.80831459447408,LOSS
ncaa,401866430,24,2,2026,5,Central Michigan,Akron,2026-10-03T19:30:00+00:00,abaceecae422c12c5ed883d5,ncaa-d05e246769f11b1972c1,2026-10-02T19:24:27.273964Z,2026-10-04T17:18:53.776047+00:00,unknown,24.0,58.0,developing,False,24.092423898888885,True,8.378837509898373,6.5,WIN,0.5,,,,,49.77746396391645,47.0,WIN,0.0,,,,,T1-shadow-v1,c17e0de5d818d2124ec9,47.0,47.72563401292889,WIN,49.013001729100935,WIN
ncaa,401866430,1,2,2026,5,Central Michigan,Akron,2026-10-03T19:30:00+00:00,350110288564688525d772da,ncaa-d05e246769f11b1972c1,2026-10-03T16:29:24.705789Z,2026-10-04T17:18:53.776047+00:00,unknown,24.0,58.0,developing,False,3.0098039475,True,8.349394034591734,7.0,WIN,0.0,,,,,49.77236042700591,47.0,WIN,0.0,,,,,T1-shadow-v1,c17e0de5d818d2124ec9,47.0,47.72563401292889,WIN,49.013001729100935,WIN
ncaa,401866433,24,2,2026,5,Massachusetts,Eastern Michigan,2026-10-03T19:30:00+00:00,7ec637f405d4e8fa5d217451,ncaa-d05e246769f11b1972c1,2026-10-02T19:24:27.273964Z,2026-10-04T17:18:53.776047+00:00,unknown,-24.0,52.0,developing,False,24.092423898888885,False,3.751739916397743,6.0,WIN,0.0,,,,,51.16294337344729,49.0,WIN,0.0,,,,,T1-shadow-v1,c17e0de5d818d2124ec9,49.0,49.72563401292889,WIN,50.28589458253553,WIN
ncaa,401866433,1,2,2026,5,Massachusetts,Eastern Michigan,2026-10-03T19:30:00+00:00,0285c5c6469f1e1acadaf51f,ncaa-d05e246769f11b1972c1,2026-10-03T16:29:24.705789Z,2026-10-04T17:18:53.776047+00:00,unknown,-24.0,52.0,developing,False,3.0098039475,False,3.64860119882074,6.0,WIN,0.0,,,,,51.15219893774261,49.0,WIN,0.0,,,,,T1-shadow-v1,c17e0de5d818d2124ec9,49.0,49.72563401292889,WIN,50.28589458253553,WIN
ncaa,401862793,24,2,2026,5,UAB,Samford,2026-10-03T19:30:00+00:00,fd8dd73a98a15594a00b98a5,ncaa-d05e246769f11b1972c1,2026-10-02T19:24:27.273964Z,2026-10-04T17:18:53.776047+00:00,unknown,19.0,47.0,incomplete,False,24.092423898888885,True,24.54574302789403,30.5,WIN,0.0,,,,,54.77014358857109,53.0,LOSS,1.0,,,,,T1-shadow-v1,c17e0de5d818d2124ec9,53.0,53.72563401292889,LOSS,54.1987137265954,LOSS
ncaa,401862793,1,2,2026,5,UAB,Samford,2026-10-03T19:30:00+00:00,9cf5dd60bd222941a0a8a787,ncaa-d05e246769f11b1972c1,2026-10-03T16:29:24.705789Z,2026-10-04T17:18:53.776047+00:00,unknown,19.0,47.0,incomplete,False,3.0098039475,True,24.568129831995403,30.5,WIN,0.0,,,,,54.722626852075415,54.0,LOSS,0.0,,,,,T1-shadow-v1,c17e0de5d818d2124ec9,54.0,54.72563401292889,LOSS,55.1987137265954,LOSS
ncaa,401866434,24,2,2026,5,Kent State,Ohio,2026-10-03T19:30:00+00:00,1c88a8664dbc02e21990ce7b,ncaa-d05e246769f11b1972c1,2026-10-02T19:24:27.273964Z,2026-10-04T17:18:53.776047+00:00,unknown,-3.0,23.0,developing,False,24.092423898888885,True,-0.6303917388865091,-3.5,WIN,0.0,,,,,56.14606067322581,51.0,LOSS,0.0,,,,,T1-shadow-v1,c17e0de5d818d2124ec9,51.0,51.72563401292889,LOSS,51.56122335140863,LOSS
ncaa,401866434,1,2,2026,5,Kent State,Ohio,2026-10-03T19:30:00+00:00,976ef35b0ace1ec5774d7529,ncaa-d05e246769f11b1972c1,2026-10-03T16:29:24.705789Z,2026-10-04T17:18:53.776047+00:00,unknown,-3.0,23.0,developing,False,3.0098039475,True,-0.5162579959594947,-3.5,WIN,0.0,,,,,56.14133306331499,51.0,LOSS,0.0,,,,,T1-shadow-v1,c17e0de5d818d2124ec9,51.0,51.72563401292889,LOSS,51.56122335140863,LOSS
ncaa,401869956,24,2,2026,5,Georgia State,Old Dominion,2026-10-03T19:30:00+00:00,e137869854bb6b229e63d013,ncaa-d05e246769f11b1972c1,2026-10-02T19:24:27.273964Z,2026-10-04T17:18:53.776047+00:00,unknown,32.0,52.0,developing,False,24.092423898888885,False,3.7947486344435775,2.5,WIN,0.0,,,,,56.94127919164556,51.5,WIN,0.0,,,,,T1-shadow-v1,c17e0de5d818d2124ec9,51.5,52.22563401292889,WIN,51.92829500124129,WIN
ncaa,401869956,1,2,2026,5,Georgia State,Old Dominion,2026-10-03T19:30:00+00:00,fb1cce30786191a157643388,ncaa-d05e246769f11b1972c1,2026-10-03T16:29:24.705789Z,2026-10-04T17:18:53.776047+00:00,unknown,32.0,52.0,developing,False,3.0098039475,False,3.819803557719612,2.5,WIN,0.0,,,,,56.973937452781215,51.5,WIN,0.0,,,,,T1-shadow-v1,c17e0de5d818d2124ec9,51.5,52.22563401292889,WIN,51.92829500124129,WIN
ncaa,401862787,24,2,2026,5,Charlotte,Memphis,2026-10-03T15:00:00+00:00,4572a59da159cac4da7cc139,ncaa-d05e246769f11b1972c1,2026-10-02T12:48:45.473309Z,2026-10-04T17:18:53.776047+00:00,unknown,-51.0,67.0,developing,False,26.18736852527778,False,-15.025575025858258,-20.5,LOSS,0.0,,,,,57.97365394943614,52.0,WIN,0.0,,,,,T1-shadow-v1,c17e0de5d818d2124ec9,52.0,52.72563401292889,WIN,52.238475109557,WIN
ncaa,401862787,1,2,2026,5,Charlotte,Memphis,2026-10-03T15:00:00+00:00,c3f016a518bd68fff48a8989,ncaa-d05e246769f11b1972c1,2026-10-03T11:49:56.742722Z,2026-10-04T17:18:53.776047+00:00,unknown,-51.0,67.0,developing,False,3.1675714661111107,False,-14.81886891222786,-20.5,LOSS,0.0,,,,,57.99770984596591,52.0,WIN,0.0,,,,,T1-shadow-v1,c17e0de5d818d2124ec9,52.0,52.72563401292889,WIN,52.238475109557,WIN
ncaa,401866477,24,2,2026,5,Miami (OH),Bowling Green,2026-10-03T19:30:00+00:00,13975c4cd819a17465a43768,ncaa-d05e246769f11b1972c1,2026-10-02T19:24:27.273964Z,2026-10-04T17:18:53.776047+00:00,unknown,-4.0,44.0,developing,False,24.092423898888885,False,21.93550725544789,12.0,LOSS,0.0,,,,,42.377007347771546,43.0,LOSS,0.0,,,,,T1-shadow-v1,c17e0de5d818d2124ec9,43.0,43.72563401292889,WIN,45.36372240279162,WIN
ncaa,401866477,1,2,2026,5,Miami (OH),Bowling Green,2026-10-03T19:30:00+00:00,bef755ad2f5c1a9c98fb868d,ncaa-d05e246769f11b1972c1,2026-10-03T16:29:24.705789Z,2026-10-04T17:18:53.776047+00:00,unknown,-4.0,44.0,developing,False,3.0098039475,False,21.79550119383664,12.0,LOSS,0.0,,,,,42.35183818098304,43.0,LOSS,0.0,,,,,T1-shadow-v1,c17e0de5d818d2124ec9,43.0,43.72563401292889,WIN,45.36372240279162,WIN
ncaa,401858247,24,2,2026,5,UNLV,California,2026-10-03T19:30:00+00:00,e6fed74836191e0e469cbb98,ncaa-d05e246769f11b1972c1,2026-10-02T19:24:27.273964Z,2026-10-04T17:18:53.776047+00:00,unknown,8.0,70.0,developing,False,24.092423898888885,True,10.621805387208786,3.0,WIN,-1.0,,,,,51.86586334258333,53.5,LOSS,0.5,,,,,T1-shadow-v1,c17e0de5d818d2124ec9,53.5,54.22563401292889,WIN,54.47604822249466,WIN
ncaa,401858247,1,2,2026,5,UNLV,California,2026-10-03T19:30:00+00:00,0979c16c058a08df78bbce29,ncaa-d05e246769f11b1972c1,2026-10-03T16:29:24.705789Z,2026-10-04T17:18:53.776047+00:00,unknown,8.0,70.0,developing,False,3.0098039475,True,10.682840835111062,2.0,WIN,0.0,,,,,51.86458394110707,53.0,LOSS,0.0,,,,,T1-shadow-v1,c17e0de5d818d2124ec9,53.0,53.72563401292889,WIN,53.97604822249466,WIN
ncaa,401869962,24,2,2026,5,James Madison,Marshall,2026-10-03T19:45:00+00:00,4176b07406c25b3e4532d205,ncaa-d05e246769f11b1972c1,2026-10-02T19:24:27.273964Z,2026-10-04T17:18:53.776047+00:00,unknown,28.0,62.0,developing,False,24.342423898888885,True,13.630760188683675,17.5,LOSS,-0.5,,,,,53.71034328510128,55.5,LOSS,-0.5,,,,,T1-shadow-v1,c17e0de5d818d2124ec9,55.5,56.22563401292889,WIN,56.397442817750616,WIN
ncaa,401869962,1,2,2026,5,James Madison,Marshall,2026-10-03T19:45:00+00:00,b0138da590c4836894644321,ncaa-d05e246769f11b1972c1,2026-10-03T16:29:24.705789Z,2026-10-04T17:18:53.776047+00:00,unknown,28.0,62.0,developing,False,3.2598039475,True,13.417249421069148,18.0,LOSS,0.0,,,,,53.72007035187835,56.0,LOSS,0.0,,,,,T1-shadow-v1,c17e0de5d818d2124ec9,56.0,56.72563401292889,WIN,56.897442817750616,WIN
ncaa,401858475,24,2,2026,5,Nebraska,Maryland,2026-10-03T20:00:00+00:00,6c10b33050105c42c88a73aa,ncaa-d05e246769f11b1972c1,2026-10-02T19:24:27.273964Z,2026-10-04T17:18:53.776047+00:00,unknown,25.0,71.0,developing,False,24.592423898888885,True,8.262350051510793,14.5,LOSS,0.0,,,,,55.61849967004308,52.5,WIN,0.0,,,,,T1-shadow-v1,c17e0de5d818d2124ec9,52.5,53.22563401292889,WIN,52.92531488970866,WIN
ncaa,401858475,1,2,2026,5,Nebraska,Maryland,2026-10-03T20:00:00+00:00,173cde06e37514243603e248,ncaa-d05e246769f11b1972c1,2026-10-03T16:29:24.705789Z,2026-10-04T17:18:53.776047+00:00,unknown,25.0,71.0,developing,False,3.5098039475,True,8.238622811694643,14.5,LOSS,0.0,,,,,55.60477085679077,52.5,WIN,0.0,,,,,T1-shadow-v1,c17e0de5d818d2124ec9,52.5,53.22563401292889,WIN,52.92531488970866,WIN
ncaa,401864514,24,2,2026,5,New Mexico,UTEP,2026-10-03T20:00:00+00:00,ed12c9b9e36d13938763e215,ncaa-d05e246769f11b1972c1,2026-10-02T19:24:27.273964Z,2026-10-04T17:18:53.776047+00:00,unknown,54.0,68.0,developing,False,24.592423898888885,False,19.430290053488605,22.5,LOSS,-0.5,,,,,51.13439112104003,48.0,WIN,0.0,,,,,T1-shadow-v1,c17e0de5d818d2124ec9,48.0,48.72563401292889,WIN,49.449593279758695,WIN
ncaa,401864514,1,2,2026,5,New Mexico,UTEP,2026-10-03T20:00:00+00:00,7929304b5e138e6f8e28353c,ncaa-d05e246769f11b1972c1,2026-10-03T16:29:24.705789Z,2026-10-04T17:18:53.776047+00:00,unknown,54.0,68.0,developing,False,3.5098039475,False,19.41204172415563,23.0,LOSS,0.0,,,,,51.14556244978743,48.0,WIN,0.0,,,,,T1-shadow-v1,c17e0de5d818d2124ec9,48.0,48.72563401292889,WIN,49.449593279758695,WIN
ncaa,401858472,24,2,2026,5,Illinois,Purdue,2026-10-03T20:15:00+00:00,9c58d069fc02a673360ab923,ncaa-d05e246769f11b1972c1,2026-10-02T19:24:27.273964Z,2026-10-04T17:18:53.776047+00:00,unknown,-7.0,41.0,developing,False,24.842423898888885,True,5.436706837933852,10.0,WIN,0.0,,,,,53.847578433034926,62.5,WIN,0.0,,,,,T1-shadow-v1,c17e0de5d818d2124ec9,62.5,63.22563401292889,LOSS,62.55624965290519,LOSS
ncaa,401858472,1,2,2026,5,Illinois,Purdue,2026-10-03T20:15:00+00:00,8a8a367c95b81323ab5ca9af,ncaa-d05e246769f11b1972c1,2026-10-03T16:29:24.705789Z,2026-10-04T17:18:53.776047+00:00,unknown,-7.0,41.0,developing,False,3.7598039475,True,5.376867290867369,10.0,WIN,0.0,,,,,53.79327080754648,62.5,WIN,0.0,,,,,T1-shadow-v1,c17e0de5d818d2124ec9,62.5,63.22563401292889,LOSS,62.55624965290519,LOSS
ncaa,401862790,24,2,2026,5,Florida Atlantic,Texas Southern,2026-10-03T22:00:00+00:00,20fc1e2233ceb6692c54b9ca,ncaa-d05e246769f11b1972c1,2026-10-02T19:24:27.273964Z,2026-10-04T17:18:53.776047+00:00,unknown,56.0,76.0,incomplete,True,26.592423898888885,False,9.991042340574229,44.0,LOSS,0.0,,,,,60.034619549304615,61.0,LOSS,-0.5,,,,,T1-shadow-v1,c17e0de5d818d2124ec9,61.0,61.72563401292889,WIN,61.1719162550984,WIN
ncaa,401862790,1,2,2026,5,Florida Atlantic,Texas Southern,2026-10-03T22:00:00+00:00,8fa23ca6515bdade7a7aa786,ncaa-d05e246769f11b1972c1,2026-10-03T16:29:24.705789Z,2026-10-04T17:18:53.776047+00:00,unknown,56.0,76.0,incomplete,True,5.5098039475,False,10.017486763484284,44.0,LOSS,0.0,,,,,60.02538440493668,61.5,LOSS,0.0,,,,,T1-shadow-v1,c17e0de5d818d2124ec9,61.5,62.22563401292889,WIN,61.6719162550984,WIN
ncaa,401860899,24,2,2026,5,Colorado State,Oregon State,2026-10-03T22:00:00+00:00,71895da098b96133ea0e185c,ncaa-d05e246769f11b1972c1,2026-10-02T19:24:27.273964Z,2026-10-04T17:18:53.776047+00:00,unknown,-30.0,82.0,developing,True,26.592423898888885,False,15.133007423527404,-6.5,LOSS,-0.5,,,,,55.16151133937281,62.0,LOSS,-0.5,,,,,T1-shadow-v1,c17e0de5d818d2124ec9,62.0,62.72563401292889,WIN,62.87279710675165,WIN
ncaa,401860899,1,2,2026,5,Colorado State,Oregon State,2026-10-03T22:00:00+00:00,70fe19d22018b0bc1206333e,ncaa-d05e246769f11b1972c1,2026-10-03T16:29:24.705789Z,2026-10-04T17:18:53.776047+00:00,unknown,-30.0,82.0,developing,True,5.5098039475,False,15.092944497644057,-7.0,LOSS,0.0,,,,,55.19278905603127,62.5,LOSS,0.0,,,,,T1-shadow-v1,c17e0de5d818d2124ec9,62.5,63.22563401292889,WIN,63.37279710675165,WIN
ncaa,401856711,24,2,2026,5,Texas A&M,Arkansas,2026-10-03T23:00:00+00:00,55836b02444372edc3cbd30a,ncaa-d05e246769f11b1972c1,2026-10-02T19:24:27.273964Z,2026-10-04T17:18:53.776047+00:00,unknown,27.0,41.0,developing,False,27.592423898888885,True,21.038443312887495,14.0,WIN,0.0,,,,,57.63008974370485,50.0,LOSS,0.0,,,,,T1-shadow-v1,c17e0de5d818d2124ec9,50.0,50.72563401292889,LOSS,49.7857127264668,WIN
ncaa,401856711,1,2,2026,5,Texas A&M,Arkansas,2026-10-03T23:00:00+00:00,34414b7c5ac44cfa4cad85d4,ncaa-d05e246769f11b1972c1,2026-10-03T21:26:17.457520Z,2026-10-04T17:18:53.776047+00:00,unknown,27.0,41.0,developing,False,1.5618173555555557,True,20.84164688941335,14.0,WIN,0.0,,,,,60.82003107463242,50.0,LOSS,0.0,,,,,T1-shadow-v1,c17e0de5d818d2124ec9,50.0,50.72563401292889,LOSS,49.7857127264668,WIN
ncaa,401869942,24,2,2026,5,Coastal Carolina,Georgia Southern,2026-10-03T23:00:00+00:00,d4d0e00e540e6dcb1d4517d6,ncaa-d05e246769f11b1972c1,2026-10-02T19:24:27.273964Z,2026-10-04T17:18:53.776047+00:00,unknown,-7.0,55.0,developing,False,27.592423898888885,True,-1.1083917860368635,-2.0,LOSS,0.0,,,,,58.39641569422338,54.0,WIN,-0.5,,,,,T1-shadow-v1,c17e0de5d818d2124ec9,54.0,54.72563401292889,WIN,54.09874966851056,WIN
ncaa,401869942,1,2,2026,5,Coastal Carolina,Georgia Southern,2026-10-03T23:00:00+00:00,e0245521628ee9096e026c94,ncaa-d05e246769f11b1972c1,2026-10-03T21:26:17.457520Z,2026-10-04T17:18:53.776047+00:00,unknown,-7.0,55.0,developing,False,1.5618173555555557,True,-1.564164024983841,-2.0,LOSS,0.0,,,,,60.34085184309944,53.5,WIN,0.0,,,,,T1-shadow-v1,c17e0de5d818d2124ec9,53.5,54.22563401292889,WIN,53.59874966851056,WIN
ncaa,401862788,24,2,2026,5,Rice,UTSA,2026-10-03T23:00:00+00:00,95adc76f4983921c37538bae,ncaa-d05e246769f11b1972c1,2026-10-02T19:24:27.273964Z,2026-10-04T17:18:53.776047+00:00,unknown,-2.0,30.0,developing,False,27.592423898888885,True,-9.823203640238106,-12.5,WIN,0.0,,,,,56.24550854756111,56.0,LOSS,0.0,,,,,T1-shadow-v1,c17e0de5d818d2124ec9,56.0,56.72563401292889,LOSS,56.935532613543806,LOSS
ncaa,401862788,1,2,2026,5,Rice,UTSA,2026-10-03T23:00:00+00:00,baf7902c0b927adb50f0ff00,ncaa-d05e246769f11b1972c1,2026-10-03T21:26:17.457520Z,2026-10-04T17:18:53.776047+00:00,unknown,-2.0,30.0,developing,False,1.5618173555555557,True,-9.440503699036524,-12.5,WIN,0.0,,,,,55.92189690141012,56.0,WIN,0.0,,,,,T1-shadow-v1,c17e0de5d818d2124ec9,56.0,56.72563401292889,LOSS,56.935532613543806,LOSS
ncaa,401871089,24,2,2026,5,South Alabama,UL Monroe,2026-10-03T23:00:00+00:00,fe16b57ed29be2df531ff257,ncaa-d05e246769f11b1972c1,2026-10-02T19:24:27.273964Z,2026-10-04T17:18:53.776047+00:00,unknown,17.0,87.0,developing,False,27.592423898888885,True,10.587144485081254,14.0,LOSS,0.0,,,,,52.96197168912118,57.5,LOSS,1.0,,,,,T1-shadow-v1,c17e0de5d818d2124ec9,57.5,58.22563401292889,WIN,58.70896076044326,WIN
ncaa,401871089,1,2,2026,5,South Alabama,UL Monroe,2026-10-03T23:00:00+00:00,0d652a3a5f241def07c8d787,ncaa-d05e246769f11b1972c1,2026-10-03T21:26:17.457520Z,2026-10-04T17:18:53.776047+00:00,unknown,17.0,87.0,developing,False,1.5618173555555557,True,9.734104888167836,14.0,LOSS,0.0,,,,,53.28667891964725,56.5,LOSS,0.0,,,,,T1-shadow-v1,c17e0de5d818d2124ec9,56.5,57.22563401292889,WIN,57.70896076044326,WIN
ncaa,401862792,24,2,2026,5,South Florida,Temple,2026-10-03T23:30:00+00:00,534eee29f84a582471cee943,ncaa-d05e246769f11b1972c1,2026-10-02T19:24:27.273964Z,2026-10-04T17:18:53.776047+00:00,unknown,-4.0,30.0,developing,False,28.092423898888885,False,19.902845781855948,6.0,LOSS,-0.5,,,,,57.58214047783397,48.5,LOSS,0.0,,,,,T1-shadow-v1,c17e0de5d818d2124ec9,48.5,49.22563401292889,LOSS,48.631792321596656,LOSS
ncaa,401862792,1,2,2026,5,South Florida,Temple,2026-10-03T23:30:00+00:00,a289b296d80f84d57d8fcab2,ncaa-d05e246769f11b1972c1,2026-10-03T21:26:17.457520Z,2026-10-04T17:18:53.776047+00:00,unknown,-4.0,30.0,developing,False,2.061817355555556,False,19.697536516061287,5.5,LOSS,0.0,,,,,59.84233365062887,48.5,LOSS,0.0,,,,,T1-shadow-v1,c17e0de5d818d2124ec9,48.5,49.22563401292889,LOSS,48.631792321596656,LOSS
ncaa,401860898,24,2,2026,5,Boise State,Utah State,2026-10-03T23:30:00+00:00,8f38c4d63587724ade0fa805,ncaa-d05e246769f11b1972c1,2026-10-02T19:24:27.273964Z,2026-10-04T17:18:53.776047+00:00,unknown,19.0,55.0,developing,False,28.092423898888885,True,11.45395582149701,18.5,LOSS,-1.0,,,,,57.829810706349406,51.5,WIN,0.0,,,,,T1-shadow-v1,c17e0de5d818d2124ec9,51.5,52.22563401292889,WIN,51.784647873428376,WIN
ncaa,401860898,1,2,2026,5,Boise State,Utah State,2026-10-03T23:30:00+00:00,4e3618fe3c272fb852e11f45,ncaa-d05e246769f11b1972c1,2026-10-03T21:26:17.457520Z,2026-10-04T17:18:53.776047+00:00,unknown,19.0,55.0,developing,False,2.061817355555556,True,10.82409569106276,19.5,WIN,0.0,,,,,59.97117130594238,51.5,WIN,0.0,,,,,T1-shadow-v1,c17e0de5d818d2124ec9,51.5,52.22563401292889,WIN,51.784647873428376,WIN
ncaa,401856821,24,2,2026,5,Colorado,Texas Tech,2026-10-03T23:30:00+00:00,c147f6a43c93cee8e60cc81d,ncaa-d05e246769f11b1972c1,2026-10-02T19:24:27.273964Z,2026-10-04T17:18:53.776047+00:00,unknown,-22.0,36.0,developing,False,28.092423898888885,True,-11.893552270310057,-13.5,LOSS,0.0,,,,,56.27084997914084,50.5,LOSS,-1.0,,,,,T1-shadow-v1,c17e0de5d818d2124ec9,50.5,51.22563401292889,LOSS,50.9545195639252,LOSS
ncaa,401856821,1,2,2026,5,Colorado,Texas Tech,2026-10-03T23:30:00+00:00,f2b7056ab54bd06479dfe6ac,ncaa-d05e246769f11b1972c1,2026-10-03T21:26:17.457520Z,2026-10-04T17:18:53.776047+00:00,unknown,-22.0,36.0,developing,False,2.061817355555556,True,-11.92460909187843,-13.5,LOSS,0.0,,,,,59.657081483445445,49.5,LOSS,0.0,,,,,T1-shadow-v1,c17e0de5d818d2124ec9,49.5,50.22563401292889,LOSS,49.9545195639252,LOSS
ncaa,401869842,24,2,2026,5,Louisiana Tech,Army,2026-10-03T23:30:00+00:00,adc16234eae5590fc6f1aaa8,ncaa-d05e246769f11b1972c1,2026-10-02T19:24:27.273964Z,2026-10-04T17:18:53.776047+00:00,unknown,2.0,60.0,developing,False,28.092423898888885,True,13.826573383048956,-1.5,WIN,0.5,,,,,51.54941214740236,47.5,WIN,-0.5,,,,,T1-shadow-v1,c17e0de5d818d2124ec9,47.5,48.22563401292889,WIN,49.074281722977375,WIN
ncaa,401869842,1,2,2026,5,Louisiana Tech,Army,2026-10-03T23:30:00+00:00,2875e4be1f5aac5150d37fcf,ncaa-d05e246769f11b1972c1,2026-10-03T21:26:17.457520Z,2026-10-04T17:18:53.776047+00:00,unknown,2.0,60.0,developing,False,2.061817355555556,True,14.004357804768258,-1.0,WIN,0.0,,,,,50.4304214700599,47.0,WIN,0.0,,,,,T1-shadow-v1,c17e0de5d818d2124ec9,47.0,47.72563401292889,WIN,48.574281722977375,WIN
ncaa,401856706,24,2,2026,5,LSU,McNeese,2026-10-03T23:45:00+00:00,8ba472c23cbfa7a803420b24,ncaa-d05e246769f11b1972c1,2026-10-02T19:24:27.273964Z,2026-10-04T17:18:53.776047+00:00,unknown,49.0,77.0,incomplete,True,28.342423898888885,False,24.54028006720271,53.0,WIN,0.0,,,,,48.89728662181318,61.5,LOSS,0.0,,,,,T1-shadow-v1,c17e0de5d818d2124ec9,61.5,62.22563401292889,WIN,63.69408417453191,WIN
ncaa,401856706,1,2,2026,5,LSU,McNeese,2026-10-03T23:45:00+00:00,9d3ff677b6bf3079c344c690,ncaa-d05e246769f11b1972c1,2026-10-03T21:26:17.457520Z,2026-10-04T17:18:53.776047+00:00,unknown,49.0,77.0,incomplete,True,2.311817355555556,False,24.552230099554087,53.0,WIN,0.0,,,,,49.25720875035981,61.5,LOSS,0.0,,,,,T1-shadow-v1,c17e0de5d818d2124ec9,61.5,62.22563401292889,WIN,63.69408417453191,WIN
ncaa,401869932,24,2,2026,5,Louisiana,Arkansas State,2026-10-04T00:00:00+00:00,e3372b2b5b9e68898a8016dd,ncaa-d05e246769f11b1972c1,2026-10-02T23:51:27.687779Z,2026-10-04T17:18:53.776047+00:00,unknown,3.0,43.0,developing,False,24.142308950277776,True,8.220038747684846,6.5,LOSS,-0.5,,,,,55.865848045082885,48.5,LOSS,0.0,,,,,T1-shadow-v1,c17e0de5d818d2124ec9,48.5,49.22563401292889,LOSS,49.11158517367481,LOSS
ncaa,401869932,1,2,2026,5,Louisiana,Arkansas State,2026-10-04T00:00:00+00:00,b605112cd2b7f7ebfae837f3,ncaa-d05e246769f11b1972c1,2026-10-03T21:26:17.457520Z,2026-10-04T17:18:53.776047+00:00,unknown,3.0,43.0,developing,False,2.561817355555556,True,7.737047265887558,6.0,LOSS,0.0,,,,,56.44504379929526,48.5,LOSS,0.0,,,,,T1-shadow-v1,c17e0de5d818d2124ec9,48.5,49.22563401292889,LOSS,49.11158517367481,LOSS
ncaa,401860921,24,2,2026,5,Washington State,Fresno State,2026-10-04T01:30:00+00:00,3f7799a3f72cee4fc8aa975f,ncaa-d05e246769f11b1972c1,2026-10-02T23:51:27.687779Z,2026-10-04T17:18:53.776047+00:00,unknown,-20.0,32.0,developing,False,25.642308950277776,False,2.156821566247669,2.0,LOSS,0.0,,,,,45.49515152401431,45.5,WIN,0.0,,,,,T1-shadow-v1,c17e0de5d818d2124ec9,45.5,46.22563401292889,LOSS,48.06030569974218,LOSS
ncaa,401860921,1,2,2026,5,Washington State,Fresno State,2026-10-04T01:30:00+00:00,3c1e77c11390c7943f40ba3e,ncaa-d05e246769f11b1972c1,2026-10-03T21:26:17.457520Z,2026-10-04T17:18:53.776047+00:00,unknown,-20.0,32.0,developing,False,4.061817355555555,False,1.5581380367841384,2.0,WIN,0.0,,,,,47.402894705935225,45.5,LOSS,0.0,,,,,T1-shadow-v1,c17e0de5d818d2124ec9,45.5,46.22563401292889,LOSS,48.06030569974218,LOSS
ncaa,401856817,24,2,2026,5,Arizona State,Baylor,2026-10-04T02:30:00+00:00,54d759a705ea5f36780cf0b1,ncaa-d05e246769f11b1972c1,2026-10-02T23:51:27.687779Z,2026-10-04T17:18:53.776047+00:00,unknown,-36.0,74.0,developing,False,26.642308950277776,False,7.712977111591595,3.5,LOSS,0.0,,,,,52.72866673814087,48.5,WIN,0.0,,,,,T1-shadow-v1,c17e0de5d818d2124ec9,48.5,49.22563401292889,WIN,49.24615222385977,WIN
ncaa,401856817,1,2,2026,5,Arizona State,Baylor,2026-10-04T02:30:00+00:00,37b7b5145147808325e33303,ncaa-d05e246769f11b1972c1,2026-10-04T00:45:02.253075Z,2026-10-04T17:18:53.776047+00:00,unknown,-36.0,74.0,developing,False,1.7493741458333334,False,7.940119438656523,3.5,LOSS,0.0,,,,,56.34365882729644,48.5,WIN,0.0,,,,,T1-shadow-v1,c17e0de5d818d2124ec9,48.5,49.22563401292889,WIN,49.24615222385977,WIN
ncaa,401860900,24,2,2026,5,San Diego State,Texas State,2026-10-04T02:30:00+00:00,afb96a3591fdfc632f97075b,ncaa-d05e246769f11b1972c1,2026-10-02T23:51:27.687779Z,2026-10-04T17:18:53.776047+00:00,unknown,2.0,60.0,developing,False,26.642308950277776,True,-4.731523391417932,-9.5,WIN,0.0,,,,,54.73131847283405,57.5,LOSS,0.0,,,,,T1-shadow-v1,c17e0de5d818d2124ec9,57.5,58.22563401292889,WIN,58.209120138338506,WIN
ncaa,401860900,1,2,2026,5,San Diego State,Texas State,2026-10-04T02:30:00+00:00,570fe52aeb0db6ce837c5a3e,ncaa-d05e246769f11b1972c1,2026-10-04T00:45:02.253075Z,2026-10-04T17:18:53.776047+00:00,unknown,2.0,60.0,developing,False,1.7493741458333334,True,-4.943554596395764,-9.5,WIN,0.0,,,,,56.05659679843352,57.5,LOSS,0.0,,,,,T1-shadow-v1,c17e0de5d818d2124ec9,57.5,58.22563401292889,WIN,58.209120138338506,WIN
ncaa,401864513,24,2,2026,5,Hawai'i,San José State,2026-10-04T03:59:00+00:00,73a6585829ee42dcaaf2f89d,ncaa-d05e246769f11b1972c1,2026-10-02T23:51:27.687779Z,2026-10-04T17:18:53.776047+00:00,unknown,-4.0,36.0,developing,False,28.12564228361111,True,2.842683782064102,3.0,WIN,0.0,,,,,53.18784023749327,51.0,LOSS,0.0,,,,,T1-shadow-v1,c17e0de5d818d2124ec9,51.0,51.72563401292889,LOSS,52.00185519482485,LOSS
ncaa,401864513,1,2,2026,5,Hawai'i,San José State,2026-10-04T03:59:00+00:00,55528b1c41e88d022b186465,ncaa-d05e246769f11b1972c1,2026-10-04T00:45:02.253075Z,2026-10-04T17:18:53.776047+00:00,unknown,-4.0,36.0,developing,False,3.2327074791666663,True,2.898176718602868,3.0,WIN,0.0,,,,,54.855389521939365,51.0,LOSS,0.0,,,,,T1-shadow-v1,c17e0de5d818d2124ec9,51.0,51.72563401292889,LOSS,52.00185519482485,LOSS
nfl,2026_04_IND_WAS,24,2,2026,4,WAS,IND,2026-10-04T09:30:00+00:00,01601a9819f7519b5b336476,nfl-f6b86a58964932e2e1c2,2026-10-03T05:26:20.373990Z,2026-10-04T17:18:53.776047+00:00,unknown,-17.0,43.0,incomplete,False,28.061007225,True,0.1596,-4.5,LOSS,0.0,,,,,49.116600000000005,47.5,LOSS,-1.0,,,,,,,,,,,
ncaa,401866654,1,2,2026,5,Rhode Island,Brown,2026-10-03T16:00:00+00:00,11729577fb37e0ed7eeae0bc,ncaa-d05e246769f11b1972c1,2026-10-03T11:49:56.742722Z,2026-10-04T17:18:53.776047+00:00,unknown,3.0,23.0,incomplete,False,4.167571466111111,True,14.96044835594552,3.5,LOSS,0.0,,,,,59.37398291875045,42.5,LOSS,0.0,,,,,T1-shadow-v1,c17e0de5d818d2124ec9,42.5,43.22563401292889,LOSS,43.14753234725677,LOSS
ncaa,401868010,1,2,2026,5,Lehigh,Fordham,2026-10-03T16:00:00+00:00,dfe23169fad29f186241c900,ncaa-d05e246769f11b1972c1,2026-10-03T11:49:56.742722Z,2026-10-04T17:18:53.776047+00:00,unknown,34.0,34.0,incomplete,False,4.167571466111111,True,31.44097832513509,21.5,WIN,0.0,,,,,52.28167603628394,44.5,LOSS,0.0,,,,,T1-shadow-v1,c17e0de5d818d2124ec9,44.5,45.22563401292889,LOSS,46.68284800011973,LOSS
ncaa,401867819,1,2,2026,5,Columbia,Princeton,2026-10-03T16:00:00+00:00,3d0bdf0c86df75ab888fa4a6,ncaa-d05e246769f11b1972c1,2026-10-03T11:49:56.742722Z,2026-10-04T17:18:53.776047+00:00,unknown,-28.0,42.0,incomplete,False,4.167571466111111,False,6.12465198494982,-1.5,LOSS,0.0,,,,,49.07723713902386,42.5,LOSS,0.0,,,,,T1-shadow-v1,c17e0de5d818d2124ec9,42.5,43.22563401292889,LOSS,44.99676213425555,LOSS
ncaa,401870840,1,2,2026,5,Yale,Merrimack,2026-10-03T16:00:00+00:00,29578bde02a7bed947162de9,ncaa-d05e246769f11b1972c1,2026-10-03T11:49:56.742722Z,2026-10-04T17:18:53.776047+00:00,unknown,17.0,65.0,incomplete,False,4.167571466111111,True,17.054853227264655,12.5,WIN,0.0,,,,,56.51918193924023,51.5,WIN,0.0,,,,,T1-shadow-v1,c17e0de5d818d2124ec9,51.5,52.22563401292889,WIN,52.86440424122025,WIN
ncaa,401867899,1,2,2026,5,Central Connecticut,Wagner,2026-10-03T16:00:00+00:00,7fa6cd2d65d7e16572bbe67a,ncaa-d05e246769f11b1972c1,2026-10-03T11:49:56.742722Z,2026-10-04T17:18:53.776047+00:00,unknown,31.0,59.0,incomplete,False,4.167571466111111,False,8.91476400437366,14.5,LOSS,0.0,,,,,49.48767657011953,45.5,WIN,0.0,,,,,T1-shadow-v1,c17e0de5d818d2124ec9,45.5,46.22563401292889,WIN,47.48064123052109,WIN
ncaa,401868276,1,2,2026,5,Presbyterian,St. Thomas (MN),2026-10-03T16:00:00+00:00,18c71f5bbd801036fcb3833b,ncaa-d05e246769f11b1972c1,2026-10-03T11:49:56.742722Z,2026-10-04T17:18:53.776047+00:00,unknown,34.0,76.0,incomplete,True,4.167571466111111,False,6.516220960294552,-26.5,WIN,0.0,,,,,53.13390038746024,54.5,LOSS,0.0,,,,,T1-shadow-v1,c17e0de5d818d2124ec9,54.5,55.22563401292889,WIN,55.637745289042726,WIN
ncaa,401867910,1,2,2026,5,Long Island University,Mercyhurst,2026-10-03T16:00:00+00:00,d9368a16e0bd49dd0945eb7c,ncaa-d05e246769f11b1972c1,2026-10-03T11:49:56.742722Z,2026-10-04T17:18:53.776047+00:00,unknown,3.0,51.0,incomplete,False,4.167571466111111,True,6.0023127699639565,9.5,WIN,0.0,,,,,44.1598608139842,42.5,WIN,0.0,,,,,T1-shadow-v1,c17e0de5d818d2124ec9,42.5,43.22563401292889,WIN,45.49555984018978,WIN
ncaa,401867828,1,2,2026,5,Georgetown,Cornell,2026-10-03T16:30:00+00:00,ef5aa13d3ff2c707c5ba0376,ncaa-d05e246769f11b1972c1,2026-10-03T11:49:56.742722Z,2026-10-04T17:18:53.776047+00:00,unknown,-21.0,49.0,incomplete,False,4.667571466111111,True,-6.137339546636341,-8.5,LOSS,0.0,,,,,49.77517037901284,45.5,WIN,0.0,,,,,T1-shadow-v1,c17e0de5d818d2124ec9,45.5,46.22563401292889,WIN,47.68904863912626,WIN
ncaa,401868029,1,2,2026,5,Lafayette,Richmond,2026-10-03T16:30:00+00:00,06fb2b4c5568882ef96e67cc,ncaa-d05e246769f11b1972c1,2026-10-03T11:49:56.742722Z,2026-10-04T17:18:53.776047+00:00,unknown,-9.0,71.0,incomplete,False,4.667571466111111,True,7.293820032487674,-6.5,LOSS,0.0,,,,,55.88749805973277,42.5,WIN,0.0,,,,,T1-shadow-v1,c17e0de5d818d2124ec9,42.5,43.22563401292889,WIN,43.74618036765847,WIN
ncaa,401866650,1,2,2026,5,New Hampshire,Elon,2026-10-03T17:00:00+00:00,b605acd5a8307f7c3c12198b,ncaa-d05e246769f11b1972c1,2026-10-03T11:49:56.742722Z,2026-10-04T17:18:53.776047+00:00,unknown,7.0,53.0,incomplete,False,5.167571466111111,True,2.0551076545574065,-10.5,WIN,0.0,,,,,53.05286343944646,44.5,WIN,0.0,,,,,T1-shadow-v1,c17e0de5d818d2124ec9,44.5,45.22563401292889,WIN,45.82256266405732,WIN
ncaa,401867967,1,2,2026,5,Villanova,Morgan State,2026-10-03T17:00:00+00:00,c3b46e987ccc0e6c1e27dd75,ncaa-d05e246769f11b1972c1,2026-10-03T11:49:56.742722Z,2026-10-04T17:18:53.776047+00:00,unknown,-3.0,73.0,incomplete,False,5.167571466111111,True,14.476417734373086,10.5,LOSS,0.0,,,,,53.03127634366722,45.5,WIN,0.0,,,,,T1-shadow-v1,c17e0de5d818d2124ec9,45.5,46.22563401292889,WIN,46.8769954112487,WIN
ncaa,401868228,1,2,2026,5,Drake,Dayton,2026-10-03T17:00:00+00:00,2656015ac02c34e45c20b2df,ncaa-d05e246769f11b1972c1,2026-10-03T11:49:56.742722Z,2026-10-04T17:18:53.776047+00:00,unknown,8.0,52.0,incomplete,False,5.167571466111111,True,-4.377894525655833,-4.5,WIN,0.0,,,,,45.83487452926887,53.5,WIN,0.0,,,,,T1-shadow-v1,c17e0de5d818d2124ec9,53.5,54.22563401292889,LOSS,56.251135057833245,LOSS
ncaa,401866651,1,2,2026,5,Monmouth,Towson,2026-10-03T17:00:00+00:00,740b632cb492fe7d6ab13f37,ncaa-d05e246769f11b1972c1,2026-10-03T11:49:56.742722Z,2026-10-04T17:18:53.776047+00:00,unknown,1.0,81.0,incomplete,False,5.167571466111111,True,10.69594782607497,10.5,LOSS,0.0,,,,,58.97945254244413,55.5,WIN,0.0,,,,,T1-shadow-v1,c17e0de5d818d2124ec9,55.5,56.22563401292889,WIN,55.42920303629578,LOSS
ncaa,401868264,1,2,2026,5,Stetson,Marist,2026-10-03T17:00:00+00:00,4fc30ed96f07dfc64e94fc78,ncaa-d05e246769f11b1972c1,2026-10-03T11:49:56.742722Z,2026-10-04T17:18:53.776047+00:00,unknown,-14.0,42.0,incomplete,False,5.167571466111111,True,-9.097383798831782,-14.5,WIN,0.0,,,,,47.25437305800202,49.5,WIN,0.0,,,,,T1-shadow-v1,c17e0de5d818d2124ec9,49.5,50.22563401292889,LOSS,52.13955600069514,LOSS
ncaa,401868270,1,2,2026,5,Morehead State,Valparaiso,2026-10-03T17:00:00+00:00,4047748829a8c665dfb9a54e,ncaa-d05e246769f11b1972c1,2026-10-03T11:49:56.742722Z,2026-10-04T17:18:53.776047+00:00,unknown,-34.0,40.0,incomplete,False,5.167571466111111,False,7.499138471263856,-2.5,LOSS,0.0,,,,,53.70895879901369,51.5,LOSS,0.0,,,,,T1-shadow-v1,c17e0de5d818d2124ec9,51.5,52.22563401292889,LOSS,52.78612171165452,LOSS
ncaa,401867835,1,2,2026,5,Dartmouth,Pennsylvania,2026-10-03T17:30:00+00:00,e958eeab79745ba23aab0ba1,ncaa-d05e246769f11b1972c1,2026-10-03T16:29:24.705789Z,2026-10-04T17:18:53.776047+00:00,unknown,4.0,24.0,incomplete,False,1.0098039475,True,3.729292965028654,7.5,WIN,0.0,,,,,58.99647936121484,39.5,LOSS,0.0,,,,,T1-shadow-v1,c17e0de5d818d2124ec9,39.5,40.22563401292889,LOSS,39.323266829472175,WIN
ncaa,401868381,1,2,2026,5,VMI,Mercer,2026-10-03T17:30:00+00:00,9254572c4cd27bbabd2c5462,ncaa-d05e246769f11b1972c1,2026-10-03T16:29:24.705789Z,2026-10-04T17:18:53.776047+00:00,unknown,-51.0,57.0,incomplete,False,1.0098039475,False,-15.859378755590903,-35.5,LOSS,0.0,,,,,58.53729520115175,50.5,WIN,0.0,,,,,T1-shadow-v1,c17e0de5d818d2124ec9,50.5,51.22563401292889,WIN,51.323470277167935,WIN
ncaa,401867986,1,2,2026,5,South Carolina State,The Citadel,2026-10-03T18:00:00+00:00,3034883395c9315be2325408,ncaa-d05e246769f11b1972c1,2026-10-03T16:29:24.705789Z,2026-10-04T17:18:53.776047+00:00,unknown,-3.0,65.0,incomplete,False,1.5098039475,True,12.2399813218042,20.5,WIN,0.0,,,,,53.75669959852644,47.5,WIN,0.0,,,,,T1-shadow-v1,c17e0de5d818d2124ec9,47.5,48.22563401292889,WIN,48.730099890717646,WIN
ncaa,401867869,1,2,2026,5,North Dakota,Murray State,2026-10-03T18:00:00+00:00,dd5604e242a3c7c3a57fcb87,ncaa-d05e246769f11b1972c1,2026-10-03T16:29:24.705789Z,2026-10-04T17:18:53.776047+00:00,unknown,27.0,83.0,incomplete,False,1.5098039475,True,23.83088343676628,35.5,WIN,0.0,,,,,58.05960523340763,60.5,LOSS,0.0,,,,,T1-shadow-v1,c17e0de5d818d2124ec9,60.5,61.22563401292889,WIN,61.532685407589945,WIN
ncaa,401867918,1,2,2026,5,Robert Morris,Norfolk State,2026-10-03T18:00:00+00:00,1adb6bf7242ce91d07cc18f8,ncaa-d05e246769f11b1972c1,2026-10-03T16:29:24.705789Z,2026-10-04T17:18:53.776047+00:00,unknown,2.0,64.0,incomplete,False,1.5098039475,True,4.387508321735896,3.5,LOSS,0.0,,,,,46.14659492334889,43.5,WIN,0.0,,,,,T1-shadow-v1,c17e0de5d818d2124ec9,43.5,44.22563401292889,WIN,46.19639723205058,WIN
ncaa,401868375,1,2,2026,5,Furman,Wofford,2026-10-03T18:00:00+00:00,584124f12a19da07fd09f5d4,ncaa-d05e246769f11b1972c1,2026-10-03T16:29:24.705789Z,2026-10-04T17:18:53.776047+00:00,unknown,-7.0,57.0,incomplete,False,1.5098039475,True,6.653538876756005,4.5,LOSS,0.0,,,,,46.99413217135896,44.5,WIN,0.0,,,,,T1-shadow-v1,c17e0de5d818d2124ec9,44.5,45.22563401292889,WIN,47.26047068882416,WIN
ncaa,401868359,1,2,2026,5,Grambling,Alcorn State,2026-10-03T19:00:00+00:00,f5a3b23996963f8af3e21b6e,ncaa-d05e246769f11b1972c1,2026-10-03T16:29:24.705789Z,2026-10-04T17:18:53.776047+00:00,unknown,4.0,122.0,incomplete,False,2.5098039475,True,2.479220521235321,7.5,WIN,0.0,,,,,53.07616036737963,57.5,LOSS,0.0,,,,,T1-shadow-v1,c17e0de5d818d2124ec9,57.5,58.22563401292889,WIN,58.86375272016579,WIN
ncaa,401866656,1,2,2026,5,Hampton,Howard,2026-10-03T19:00:00+00:00,78eca0bdbd1bc202b1a77378,ncaa-d05e246769f11b1972c1,2026-10-03T16:29:24.705789Z,2026-10-04T17:18:53.776047+00:00,unknown,-14.0,40.0,incomplete,False,2.5098039475,True,-2.8336394156873954,-9.5,LOSS,0.0,,,,,51.89085791966792,50.5,LOSS,0.0,,,,,T1-shadow-v1,c17e0de5d818d2124ec9,50.5,51.22563401292889,LOSS,52.65383532990454,LOSS
ncaa,401867859,1,2,2026,5,South Dakota,Indiana State,2026-10-03T19:00:00+00:00,43e939972ea9e8157df60453,ncaa-d05e246769f11b1972c1,2026-10-03T16:29:24.705789Z,2026-10-04T17:18:53.776047+00:00,unknown,30.0,58.0,incomplete,False,2.5098039475,True,18.978087324803823,18.5,WIN,0.0,,,,,63.02495755350258,60.5,LOSS,0.0,,,,,T1-shadow-v1,c17e0de5d818d2124ec9,60.5,61.22563401292889,LOSS,59.77933886154845,WIN
ncaa,401868965,1,2,2026,5,Mississippi Valley State,Prairie View A&M,2026-10-03T19:00:00+00:00,7ef5d3415d5af1a6469b17e1,ncaa-d05e246769f11b1972c1,2026-10-03T16:29:24.705789Z,2026-10-04T17:18:53.776047+00:00,unknown,1.0,55.0,incomplete,False,2.5098039475,True,-11.134288813496704,-28.5,WIN,0.0,,,,,56.29069262469629,59.5,WIN,0.0,,,,,T1-shadow-v1,c17e0de5d818d2124ec9,59.5,60.22563401292889,LOSS,60.79380105247064,LOSS
ncaa,401866655,24,2,2026,5,UAlbany,Delaware State,2026-10-03T19:30:00+00:00,f42958990125d87351f64905,ncaa-d05e246769f11b1972c1,2026-10-02T19:24:27.273964Z,2026-10-04T17:18:53.776047+00:00,unknown,25.0,31.0,incomplete,False,24.092423898888885,False,3.2654378519004728,2.5,WIN,0.0,-1.0,1.5,DraftKings,2026-10-03T19:26:25.196642+00:00,46.875160904464295,45.5,LOSS,0.0,0.0,45.5,DraftKings,2026-10-03T19:26:25.196642+00:00,T1-shadow-v1,c17e0de5d818d2124ec9,45.5,46.22563401292889,LOSS,48.042046988077786,LOSS
ncaa,401866655,1,2,2026,5,UAlbany,Delaware State,2026-10-03T19:30:00+00:00,47bf6152614b837f7f20622f,ncaa-d05e246769f11b1972c1,2026-10-03T16:29:24.705789Z,2026-10-04T17:18:53.776047+00:00,unknown,25.0,31.0,incomplete,False,3.0098039475,False,3.2674709321008137,2.5,WIN,0.0,,,,,46.85363269138988,45.5,LOSS,0.0,,,,,T1-shadow-v1,c17e0de5d818d2124ec9,45.5,46.22563401292889,LOSS,48.042046988077786,LOSS
ncaa,401866652,24,2,2026,5,Maine,Sacred Heart,2026-10-03T19:30:00+00:00,5f5d2edf8816d46bf45205c6,ncaa-d05e246769f11b1972c1,2026-10-02T19:24:27.273964Z,2026-10-04T17:18:53.776047+00:00,unknown,-8.0,40.0,incomplete,False,24.092423898888885,True,1.7497003840019871,2.5,WIN,0.0,0.0,2.5,DraftKings,2026-10-03T19:26:25.196642+00:00,52.76737232403267,43.5,LOSS,0.0,1.0,44.5,DraftKings,2026-10-03T19:26:25.196642+00:00,T1-shadow-v1,c17e0de5d818d2124ec9,43.5,44.22563401292889,LOSS,44.63627901154308,LOSS
ncaa,401866652,1,2,2026,5,Maine,Sacred Heart,2026-10-03T19:30:00+00:00,28439a97de0ae4ae72bb01e5,ncaa-d05e246769f11b1972c1,2026-10-03T16:29:24.705789Z,2026-10-04T17:18:53.776047+00:00,unknown,-8.0,40.0,incomplete,False,3.0098039475,True,1.764400151233105,2.5,WIN,0.0,,,,,52.74998023131315,43.5,LOSS,0.0,,,,,T1-shadow-v1,c17e0de5d818d2124ec9,43.5,44.22563401292889,LOSS,44.63627901154308,LOSS
ncaa,401868025,24,2,2026,5,William & Mary,Holy Cross,2026-10-03T19:30:00+00:00,960dfd669aa7d1dcc1f4ab2a,ncaa-d05e246769f11b1972c1,2026-10-02T19:24:27.273964Z,2026-10-04T17:18:53.776047+00:00,unknown,-27.0,55.0,incomplete,False,24.092423898888885,False,9.083131946800108,6.5,LOSS,0.0,-0.5,6.0,DraftKings,2026-10-03T19:26:25.196642+00:00,50.7477356700677,49.5,WIN,0.0,5.0,54.5,DraftKings,2026-10-03T19:26:25.196642+00:00,T1-shadow-v1,c17e0de5d818d2124ec9,49.5,50.22563401292889,WIN,51.263897454044326,WIN
ncaa,401868025,1,2,2026,5,William & Mary,Holy Cross,2026-10-03T19:30:00+00:00,45c12038c814264c7f3f0a38,ncaa-d05e246769f11b1972c1,2026-10-03T16:29:24.705789Z,2026-10-04T17:18:53.776047+00:00,unknown,-27.0,55.0,incomplete,False,3.0098039475,False,9.061627026749074,6.5,LOSS,0.0,,,,,50.74358249759605,49.5,WIN,0.0,,,,,T1-shadow-v1,c17e0de5d818d2124ec9,49.5,50.22563401292889,WIN,51.263897454044326,WIN
ncaa,401868339,24,2,2026,5,East Tennessee State,Chattanooga,2026-10-03T19:30:00+00:00,3fbbaa03ced7bf1c61daa185,ncaa-d05e246769f11b1972c1,2026-10-02T19:24:27.273964Z,2026-10-04T17:18:53.776047+00:00,unknown,11.0,17.0,incomplete,False,24.092423898888885,True,4.952525907185334,3.0,WIN,0.0,,,,,55.75604688370421,53.5,LOSS,0.0,,,,,T1-shadow-v1,c17e0de5d818d2124ec9,53.5,54.22563401292889,LOSS,54.74770240277143,LOSS
ncaa,401868339,1,2,2026,5,East Tennessee State,Chattanooga,2026-10-03T19:30:00+00:00,a78213e675b49ffe5ef2131d,ncaa-d05e246769f11b1972c1,2026-10-03T16:29:24.705789Z,2026-10-04T17:18:53.776047+00:00,unknown,11.0,17.0,incomplete,False,3.0098039475,True,4.95212434572302,3.0,WIN,0.0,,,,,55.74423127405689,53.5,LOSS,0.0,,,,,T1-shadow-v1,c17e0de5d818d2124ec9,53.5,54.22563401292889,LOSS,54.74770240277143,LOSS
ncaa,401868220,24,2,2026,5,San Diego,Davidson,2026-10-03T20:00:00+00:00,5909da32c25eab6915b16055,ncaa-d05e246769f11b1972c1,2026-10-02T19:24:27.273964Z,2026-10-04T17:18:53.776047+00:00,unknown,49.0,77.0,incomplete,False,24.592423898888885,False,10.949222845784718,14.5,LOSS,0.0,-4.0,18.5,DraftKings,2026-10-03T19:26:25.196642+00:00,52.98645056768656,63.5,LOSS,0.0,1.0,62.5,DraftKings,2026-10-03T19:26:25.196642+00:00,T1-shadow-v1,c17e0de5d818d2124ec9,63.5,64.2256340129289,WIN,64.87441198344503,WIN
ncaa,401868220,1,2,2026,5,San Diego,Davidson,2026-10-03T20:00:00+00:00,2877a98b284b5203fba9e22f,ncaa-d05e246769f11b1972c1,2026-10-03T16:29:24.705789Z,2026-10-04T17:18:53.776047+00:00,unknown,49.0,77.0,incomplete,False,3.5098039475,False,10.94553813602914,14.5,LOSS,0.0,,,,,52.9819717083147,63.5,LOSS,0.0,,,,,T1-shadow-v1,c17e0de5d818d2124ec9,63.5,64.2256340129289,WIN,64.87441198344503,WIN
ncaa,401868114,24,2,2026,5,Montana,Northern Colorado,2026-10-03T20:00:00+00:00,0050520732889cb9a98706d8,ncaa-d05e246769f11b1972c1,2026-10-02T19:24:27.273964Z,2026-10-04T17:18:53.776047+00:00,unknown,22.0,50.0,incomplete,False,24.592423898888885,True,23.343776536179835,26.5,WIN,0.0,5.0,21.5,DraftKings,2026-10-03T19:26:25.196642+00:00,58.48273758430075,57.5,LOSS,0.0,1.0,58.5,DraftKings,2026-10-03T19:26:25.196642+00:00,T1-shadow-v1,c17e0de5d818d2124ec9,57.5,58.22563401292889,LOSS,58.44640085055076,LOSS
ncaa,401868114,1,2,2026,5,Montana,Northern Colorado,2026-10-03T20:00:00+00:00,406fa0bb415b505ec770487c,ncaa-d05e246769f11b1972c1,2026-10-03T16:29:24.705789Z,2026-10-04T17:18:53.776047+00:00,unknown,22.0,50.0,incomplete,False,3.5098039475,True,23.260206334956987,26.5,WIN,0.0,,,,,58.467541072504176,57.5,LOSS,0.0,,,,,T1-shadow-v1,c17e0de5d818d2124ec9,57.5,58.22563401292889,LOSS,58.44640085055076,LOSS
ncaa,401868328,24,2,2026,5,Bethune-Cookman,Alabama State,2026-10-03T20:00:00+00:00,4f5c30b54bc7deca9ea1364a,ncaa-d05e246769f11b1972c1,2026-10-02T19:24:27.273964Z,2026-10-04T17:18:53.776047+00:00,unknown,6.0,26.0,incomplete,False,24.592423898888885,True,-4.326359048301643,-7.5,WIN,0.0,0.5,-7.0,DraftKings,2026-10-03T19:26:25.196642+00:00,58.09033357269619,54.5,LOSS,-2.0,-2.0,52.5,DraftKings,2026-10-03T19:26:25.196642+00:00,T1-shadow-v1,c17e0de5d818d2124ec9,54.5,55.22563401292889,LOSS,55.24836706199342,LOSS
ncaa,401868328,1,2,2026,5,Bethune-Cookman,Alabama State,2026-10-03T20:00:00+00:00,db49eeafb02dcb3acae8628a,ncaa-d05e246769f11b1972c1,2026-10-03T16:29:24.705789Z,2026-10-04T17:18:53.776047+00:00,unknown,6.0,26.0,incomplete,False,3.5098039475,True,-4.333386287585943,-7.5,WIN,0.0,,,,,58.07028815015878,52.5,LOSS,0.0,,,,,T1-shadow-v1,c17e0de5d818d2124ec9,52.5,53.22563401292889,LOSS,53.24836706199342,LOSS
ncaa,401868197,24,2,2026,5,Western Illinois,Tennessee State,2026-10-03T20:00:00+00:00,a94ebbd0b8e96bfdb21bc233,ncaa-d05e246769f11b1972c1,2026-10-02T19:24:27.273964Z,2026-10-04T17:18:53.776047+00:00,unknown,7.0,49.0,incomplete,False,24.592423898888885,True,12.313984074644104,12.5,WIN,0.0,,,,,53.95978659262805,51.5,LOSS,0.0,,,,,T1-shadow-v1,c17e0de5d818d2124ec9,51.5,52.22563401292889,LOSS,53.30009563241841,LOSS
ncaa,401868197,1,2,2026,5,Western Illinois,Tennessee State,2026-10-03T20:00:00+00:00,6f0ec51d28f50c03059aef1b,ncaa-d05e246769f11b1972c1,2026-10-03T16:29:24.705789Z,2026-10-04T17:18:53.776047+00:00,unknown,7.0,49.0,incomplete,False,3.5098039475,True,12.273776070916302,12.5,WIN,0.0,,,,,53.95691198911825,51.5,LOSS,0.0,,,,,T1-shadow-v1,c17e0de5d818d2124ec9,51.5,52.22563401292889,LOSS,53.30009563241841,LOSS
ncaa,401868064,24,2,2026,5,Austin Peay,New Haven,2026-10-03T21:00:00+00:00,ad3772bae452e9fab9fa95dc,ncaa-d05e246769f11b1972c1,2026-10-02T19:24:27.273964Z,2026-10-04T17:18:53.776047+00:00,unknown,25.0,59.0,incomplete,False,25.592423898888885,True,23.79614634581255,35.5,WIN,0.0,,,,,59.85356587206077,50.5,WIN,0.0,,,,,T1-shadow-v1,c17e0de5d818d2124ec9,50.5,51.22563401292889,WIN,50.87611764648139,WIN
ncaa,401868064,1,2,2026,5,Austin Peay,New Haven,2026-10-03T21:00:00+00:00,9c06678bb7837a3630d046c3,ncaa-d05e246769f11b1972c1,2026-10-03T16:29:24.705789Z,2026-10-04T17:18:53.776047+00:00,unknown,25.0,59.0,incomplete,False,4.5098039475,True,23.72584968571268,35.5,WIN,0.0,,,,,59.88460878138269,50.5,WIN,0.0,,,,,T1-shadow-v1,c17e0de5d818d2124ec9,50.5,51.22563401292889,WIN,50.87611764648139,WIN
ncaa,401868295,24,2,2026,5,Jackson State,Alabama A&M,2026-10-03T21:00:00+00:00,49d4378cad895db0c7d8d51b,ncaa-d05e246769f11b1972c1,2026-10-02T19:24:27.273964Z,2026-10-04T17:18:53.776047+00:00,unknown,3.0,59.0,incomplete,False,25.592423898888885,True,14.64081045700162,9.5,LOSS,0.0,,,,,62.17576362629081,49.5,WIN,0.0,,,,,T1-shadow-v1,c17e0de5d818d2124ec9,49.5,50.22563401292889,WIN,49.58070724278382,WIN
ncaa,401868295,1,2,2026,5,Jackson State,Alabama A&M,2026-10-03T21:00:00+00:00,7a92ed582ebe5ec850e71ee1,ncaa-d05e246769f11b1972c1,2026-10-03T16:29:24.705789Z,2026-10-04T17:18:53.776047+00:00,unknown,3.0,59.0,incomplete,False,4.5098039475,True,14.594312718062248,9.5,LOSS,0.0,,,,,62.16942999244739,49.5,WIN,0.0,,,,,T1-shadow-v1,c17e0de5d818d2124ec9,49.5,50.22563401292889,WIN,49.58070724278382,WIN
ncaa,401867891,24,2,2026,5,Southern Illinois,Youngstown State,2026-10-03T21:00:00+00:00,ae0de8fe5f2448791a3c0372,ncaa-d05e246769f11b1972c1,2026-10-02T19:24:27.273964Z,2026-10-04T17:18:53.776047+00:00,unknown,-12.0,44.0,incomplete,False,25.592423898888885,True,1.1757082062590636,-3.5,LOSS,0.0,,,,,69.75072676913565,63.5,LOSS,0.0,,,,,T1-shadow-v1,c17e0de5d818d2124ec9,63.5,64.2256340129289,LOSS,61.36985818219047,WIN
ncaa,401867891,1,2,2026,5,Southern Illinois,Youngstown State,2026-10-03T21:00:00+00:00,f92d5dcc3100fe49811e2880,ncaa-d05e246769f11b1972c1,2026-10-03T16:29:24.705789Z,2026-10-04T17:18:53.776047+00:00,unknown,-12.0,44.0,incomplete,False,4.5098039475,True,1.196286460025991,-3.5,LOSS,0.0,,,,,69.74573337331348,63.5,LOSS,0.0,,,,,T1-shadow-v1,c17e0de5d818d2124ec9,63.5,64.2256340129289,LOSS,61.36985818219047,WIN
ncaa,401866657,24,2,2026,5,North Carolina Central,Campbell,2026-10-03T22:00:00+00:00,24b0c66b93d7d1750245b25b,ncaa-d05e246769f11b1972c1,2026-10-02T19:24:27.273964Z,2026-10-04T17:18:53.776047+00:00,unknown,-7.0,69.0,incomplete,True,26.592423898888885,True,12.140719454442682,-8.5,WIN,-5.0,-5.0,-13.5,DraftKings,2026-10-03T21:25:25.967919+00:00,56.33495305931497,60.5,LOSS,3.0,3.0,57.5,DraftKings,2026-10-03T21:25:25.967919+00:00,T1-shadow-v1,c17e0de5d818d2124ec9,60.5,61.22563401292889,WIN,61.300440381776845,WIN
ncaa,401866657,1,2,2026,5,North Carolina Central,Campbell,2026-10-03T22:00:00+00:00,7eceb7f5151ae3fe424dbde5,ncaa-d05e246769f11b1972c1,2026-10-03T16:29:24.705789Z,2026-10-04T17:18:53.776047+00:00,unknown,-7.0,69.0,incomplete,True,5.5098039475,True,12.128878971482136,-10.5,WIN,-3.0,,,,,56.345679901617146,60.5,LOSS,3.0,,,,,T1-shadow-v1,c17e0de5d818d2124ec9,60.5,61.22563401292889,WIN,61.300440381776845,WIN
ncaa,401868309,24,2,2026,5,Stephen F. Austin,Incarnate Word,2026-10-03T22:00:00+00:00,9e1f9c64da80c7652071ce22,ncaa-d05e246769f11b1972c1,2026-10-02T19:24:27.273964Z,2026-10-04T17:18:53.776047+00:00,unknown,2.0,54.0,incomplete,False,26.592423898888885,True,12.819568659048702,17.5,WIN,-1.0,,,,,55.83095560174129,56.5,WIN,1.0,,,,,T1-shadow-v1,c17e0de5d818d2124ec9,56.5,57.22563401292889,LOSS,57.350483668179486,LOSS
ncaa,401868309,1,2,2026,5,Stephen F. Austin,Incarnate Word,2026-10-03T22:00:00+00:00,9bdcf78ab019acfaa298b17f,ncaa-d05e246769f11b1972c1,2026-10-03T16:29:24.705789Z,2026-10-04T17:18:53.776047+00:00,unknown,2.0,54.0,incomplete,False,5.5098039475,True,12.792185820399464,17.5,WIN,-1.0,,,,,55.86137258916085,56.5,WIN,1.0,,,,,T1-shadow-v1,c17e0de5d818d2124ec9,56.5,57.22563401292889,LOSS,57.350483668179486,LOSS
ncaa,401866653,24,2,2026,5,Bryant,North Carolina A&T,2026-10-03T22:00:00+00:00,4ddf20fcaf5b2751f89d90da,ncaa-d05e246769f11b1972c1,2026-10-02T19:24:27.273964Z,2026-10-04T17:18:53.776047+00:00,unknown,1.0,61.0,incomplete,False,26.592423898888885,True,11.633735436998776,15.5,WIN,2.0,2.0,13.5,DraftKings,2026-10-03T21:25:25.967919+00:00,56.98443050131165,45.5,WIN,2.0,2.0,47.5,DraftKings,2026-10-03T21:25:25.967919+00:00,T1-shadow-v1,c17e0de5d818d2124ec9,45.5,46.22563401292889,WIN,46.67985662608452,WIN
ncaa,401866653,1,2,2026,5,Bryant,North Carolina A&T,2026-10-03T22:00:00+00:00,edf21f0968dadb8775d3e217,ncaa-d05e246769f11b1972c1,2026-10-03T16:29:24.705789Z,2026-10-04T17:18:53.776047+00:00,unknown,1.0,61.0,incomplete,False,5.5098039475,True,11.593331604774226,15.5,WIN,2.0,,,,,56.94802030710613,45.5,WIN,2.0,,,,,T1-shadow-v1,c17e0de5d818d2124ec9,45.5,46.22563401292889,WIN,46.67985662608452,WIN
ncaa,401868173,24,2,2026,5,Charleston Southern,Gardner-Webb,2026-10-03T22:00:00+00:00,87e61ae9693b9983d6d7c141,ncaa-d05e246769f11b1972c1,2026-10-02T19:24:27.273964Z,2026-10-04T17:18:53.776047+00:00,unknown,-2.0,22.0,incomplete,False,26.592423898888885,True,-0.6894460466541947,-7.5,WIN,0.5,,,,,49.1282670165773,48.5,LOSS,-4.0,,,,,T1-shadow-v1,c17e0de5d818d2124ec9,48.5,49.22563401292889,LOSS,50.72598841929155,LOSS
ncaa,401868173,1,2,2026,5,Charleston Southern,Gardner-Webb,2026-10-03T22:00:00+00:00,d4deec428e61f120d9171575,ncaa-d05e246769f11b1972c1,2026-10-03T16:29:24.705789Z,2026-10-04T17:18:53.776047+00:00,unknown,-2.0,22.0,incomplete,False,5.5098039475,True,-0.645109376346196,-7.5,WIN,0.5,,,,,49.1710874300619,48.5,LOSS,-4.0,,,,,T1-shadow-v1,c17e0de5d818d2124ec9,48.5,49.22563401292889,LOSS,50.72598841929155,LOSS
ncaa,401868143,24,2,2026,5,Eastern Kentucky,North Alabama,2026-10-03T22:00:00+00:00,f2779b792e08020cdca9c1bd,ncaa-d05e246769f11b1972c1,2026-10-02T19:24:27.273964Z,2026-10-04T17:18:53.776047+00:00,unknown,-4.0,36.0,incomplete,False,26.592423898888885,True,2.9624304822537444,1.5,LOSS,0.0,,,,,55.30753656553255,47.5,LOSS,2.0,,,,,T1-shadow-v1,c17e0de5d818d2124ec9,47.5,48.22563401292889,LOSS,48.97085745179824,LOSS
ncaa,401868143,1,2,2026,5,Eastern Kentucky,North Alabama,2026-10-03T22:00:00+00:00,5d6f3b735710e7706a923e40,ncaa-d05e246769f11b1972c1,2026-10-03T16:29:24.705789Z,2026-10-04T17:18:53.776047+00:00,unknown,-4.0,36.0,incomplete,False,5.5098039475,True,2.9789615573288635,1.5,LOSS,0.0,,,,,55.31261997280823,47.5,LOSS,2.0,,,,,T1-shadow-v1,c17e0de5d818d2124ec9,47.5,48.22563401292889,LOSS,48.97085745179824,LOSS
ncaa,401868391,24,2,2026,5,Western Carolina,Tennessee Tech,2026-10-03T22:00:00+00:00,80c20e7da12a3d6da2ad6e03,ncaa-d05e246769f11b1972c1,2026-10-02T19:24:27.273964Z,2026-10-04T17:18:53.776047+00:00,unknown,24.0,64.0,incomplete,False,26.592423898888885,True,3.1872576149174074,-9.5,WIN,-4.0,-4.0,-13.5,DraftKings,2026-10-03T21:25:25.967919+00:00,60.91251187882929,63.5,LOSS,0.0,0.0,63.5,DraftKings,2026-10-03T21:25:25.967919+00:00,T1-shadow-v1,c17e0de5d818d2124ec9,63.5,64.2256340129289,WIN,63.52887045139571,WIN
ncaa,401868391,1,2,2026,5,Western Carolina,Tennessee Tech,2026-10-03T22:00:00+00:00,232e34d6e84ec461611c6f21,ncaa-d05e246769f11b1972c1,2026-10-03T16:29:24.705789Z,2026-10-04T17:18:53.776047+00:00,unknown,24.0,64.0,incomplete,False,5.5098039475,True,3.154652591478858,-9.5,WIN,-4.0,,,,,60.94915049724946,63.5,LOSS,0.0,,,,,T1-shadow-v1,c17e0de5d818d2124ec9,63.5,64.2256340129289,WIN,63.52887045139571,WIN
ncaa,401867688,24,2,2026,5,Tarleton State,Chicago State,2026-10-03T23:00:00+00:00,9628f53030e8898167b2d6a8,ncaa-d05e246769f11b1972c1,2026-10-02T19:24:27.273964Z,2026-10-04T17:18:53.776047+00:00,unknown,35.0,77.0,incomplete,True,27.592423898888885,True,15.876179554462276,49.5,WIN,-1.0,,,,,59.78593813493123,60.5,LOSS,-4.0,,,,,T1-shadow-v1,c17e0de5d818d2124ec9,60.5,61.22563401292889,WIN,60.69211205771767,WIN
ncaa,401867688,1,2,2026,5,Tarleton State,Chicago State,2026-10-03T23:00:00+00:00,968c45d47a51539f68aedb13,ncaa-d05e246769f11b1972c1,2026-10-03T21:26:17.457520Z,2026-10-04T17:18:53.776047+00:00,unknown,35.0,77.0,incomplete,True,1.5618173555555557,True,15.904594682391163,50.5,WIN,0.0,,,,,60.31889940845177,64.5,LOSS,0.0,,,,,T1-shadow-v1,c17e0de5d818d2124ec9,64.5,65.2256340129289,WIN,64.69211205771767,WIN
ncaa,401867848,24,2,2026,5,Illinois State,South Dakota State,2026-10-03T23:00:00+00:00,e8ca80e79769b009471f7951,ncaa-d05e246769f11b1972c1,2026-10-02T19:24:27.273964Z,2026-10-04T17:18:53.776047+00:00,unknown,-17.0,45.0,incomplete,False,27.592423898888885,True,2.6307064156146724,-1.5,LOSS,-1.0,,,,,56.42556649056331,55.5,LOSS,-4.0,,,,,T1-shadow-v1,c17e0de5d818d2124ec9,55.5,56.22563401292889,LOSS,56.43122164837079,LOSS
ncaa,401867848,1,2,2026,5,Illinois State,South Dakota State,2026-10-03T23:00:00+00:00,d3ce6c5516b42fff6b3cdc35,ncaa-d05e246769f11b1972c1,2026-10-03T21:26:17.457520Z,2026-10-04T17:18:53.776047+00:00,unknown,-17.0,45.0,incomplete,False,1.5618173555555557,True,2.366849938528776,-2.5,LOSS,0.0,,,,,54.50031231223417,51.5,LOSS,0.0,,,,,T1-shadow-v1,c17e0de5d818d2124ec9,51.5,52.22563401292889,LOSS,52.43122164837079,LOSS
ncaa,401868248,24,2,2026,5,East Texas A&M,UT Rio Grande Valley,2026-10-03T23:00:00+00:00,66fae5d614c90be7ae5debcb,ncaa-d05e246769f11b1972c1,2026-10-02T19:24:27.273964Z,2026-10-04T17:18:53.776047+00:00,unknown,3.0,37.0,incomplete,False,27.592423898888885,True,-1.1085370128581358,-10.5,WIN,0.0,,,,,51.73973062512274,51.5,LOSS,-1.0,,,,,T1-shadow-v1,c17e0de5d818d2124ec9,51.5,52.22563401292889,LOSS,53.06877005996907,LOSS
ncaa,401868248,1,2,2026,5,East Texas A&M,UT Rio Grande Valley,2026-10-03T23:00:00+00:00,456fb568d1a592c4bc196612,ncaa-d05e246769f11b1972c1,2026-10-03T21:26:17.457520Z,2026-10-04T17:18:53.776047+00:00,unknown,3.0,37.0,incomplete,False,1.5618173555555557,True,-1.3215877795672406,-10.5,WIN,0.0,,,,,52.4486133761831,50.5,LOSS,0.0,,,,,T1-shadow-v1,c17e0de5d818d2124ec9,50.5,51.22563401292889,LOSS,52.06877005996907,LOSS
ncaa,401868936,24,2,2026,5,Southern,Arkansas-Pine Bluff,2026-10-03T23:00:00+00:00,d38fdb68cd1171db030c5d70,ncaa-d05e246769f11b1972c1,2026-10-02T19:24:27.273964Z,2026-10-04T17:18:53.776047+00:00,unknown,-31.0,51.0,incomplete,False,27.592423898888885,False,5.836356769575226,4.5,LOSS,-1.5,-1.5,3.0,DraftKings,2026-10-03T22:26:42.857489+00:00,56.223382169803365,56.5,WIN,1.0,1.0,55.5,DraftKings,2026-10-03T22:26:42.857489+00:00,T1-shadow-v1,c17e0de5d818d2124ec9,56.5,57.22563401292889,LOSS,57.3409685639381,LOSS
ncaa,401868936,1,2,2026,5,Southern,Arkansas-Pine Bluff,2026-10-03T23:00:00+00:00,2930abf5f365534781058e90,ncaa-d05e246769f11b1972c1,2026-10-03T21:26:17.457520Z,2026-10-04T17:18:53.776047+00:00,unknown,-31.0,51.0,incomplete,False,1.5618173555555557,False,5.961803122261522,3.0,LOSS,0.0,0.0,3.0,DraftKings,2026-10-03T22:26:42.857489+00:00,55.96386479234627,55.5,LOSS,0.0,0.0,55.5,DraftKings,2026-10-03T22:26:42.857489+00:00,T1-shadow-v1,c17e0de5d818d2124ec9,55.5,56.22563401292889,LOSS,56.3409685639381,LOSS
ncaa,401869151,24,2,2026,5,Houston Christian,Nicholls,2026-10-03T23:00:00+00:00,b0a9163b867483e1de3a20d6,ncaa-d05e246769f11b1972c1,2026-10-02T19:24:27.273964Z,2026-10-04T17:18:53.776047+00:00,unknown,14.0,18.0,incomplete,False,27.592423898888885,True,2.729592590376812,1.5,WIN,0.0,0.0,1.5,DraftKings,2026-10-03T22:26:42.857489+00:00,51.763500809042014,51.5,LOSS,0.0,2.0,53.5,DraftKings,2026-10-03T22:26:42.857489+00:00,T1-shadow-v1,c17e0de5d818d2124ec9,51.5,52.22563401292889,LOSS,53.17449704205831,LOSS
ncaa,401869151,1,2,2026,5,Houston Christian,Nicholls,2026-10-03T23:00:00+00:00,60cf4d4e7884a7d43e714714,ncaa-d05e246769f11b1972c1,2026-10-03T21:26:17.457520Z,2026-10-04T17:18:53.776047+00:00,unknown,14.0,18.0,incomplete,False,1.5618173555555557,True,2.594483843714582,1.5,WIN,0.0,,,,,51.51993200931111,51.5,LOSS,0.0,,,,,T1-shadow-v1,c17e0de5d818d2124ec9,51.5,52.22563401292889,LOSS,53.17449704205831,LOSS
ncaa,401868160,24,2,2026,5,Utah Tech,Southern Utah,2026-10-04T00:00:00+00:00,1009a5b119107dec06df867e,ncaa-d05e246769f11b1972c1,2026-10-02T23:51:27.687779Z,2026-10-04T17:18:53.776047+00:00,unknown,-13.0,79.0,incomplete,False,24.142308950277776,True,-9.44926096877004,-14.5,WIN,2.0,,,,,54.5346108053022,56.5,LOSS,1.0,,,,,T1-shadow-v1,c17e0de5d818d2124ec9,56.5,57.22563401292889,WIN,57.59803152611086,WIN
ncaa,401868160,1,2,2026,5,Utah Tech,Southern Utah,2026-10-04T00:00:00+00:00,53842a6cfcd623b8e6635a4f,ncaa-d05e246769f11b1972c1,2026-10-03T21:26:17.457520Z,2026-10-04T17:18:53.776047+00:00,unknown,-13.0,79.0,incomplete,False,2.561817355555556,True,-9.526536596123885,-12.5,LOSS,0.0,,,,,54.36251230256099,55.5,LOSS,0.0,,,,,T1-shadow-v1,c17e0de5d818d2124ec9,55.5,56.22563401292889,WIN,56.59803152611086,WIN
ncaa,401868104,24,2,2026,5,Idaho State,Northern Arizona,2026-10-04T00:00:00+00:00,c799fa44eee7eaf8a67521ab,ncaa-d05e246769f11b1972c1,2026-10-02T23:51:27.687779Z,2026-10-04T17:18:53.776047+00:00,unknown,-7.0,69.0,incomplete,False,24.142308950277776,True,10.449347245691955,6.5,LOSS,1.0,,,,,59.52048109470248,55.5,WIN,0.0,,,,,T1-shadow-v1,c17e0de5d818d2124ec9,55.5,56.22563401292889,WIN,55.955797337233946,WIN
ncaa,401868104,1,2,2026,5,Idaho State,Northern Arizona,2026-10-04T00:00:00+00:00,55a79fc5d5aaf67550dac611,ncaa-d05e246769f11b1972c1,2026-10-03T21:26:17.457520Z,2026-10-04T17:18:53.776047+00:00,unknown,-7.0,69.0,incomplete,False,2.561817355555556,True,10.226278491150664,7.5,LOSS,0.0,,,,,57.71018413154267,55.5,WIN,0.0,,,,,T1-shadow-v1,c17e0de5d818d2124ec9,55.5,56.22563401292889,WIN,55.955797337233946,WIN
ncaa,401868077,24,2,2026,5,Cal Poly,Weber State,2026-10-04T00:00:00+00:00,548295875499571027350b44,ncaa-d05e246769f11b1972c1,2026-10-02T23:51:27.687779Z,2026-10-04T17:18:53.776047+00:00,unknown,-8.0,76.0,incomplete,False,24.142308950277776,False,14.441256122711122,4.5,LOSS,1.5,,,,,61.01494251515722,65.5,LOSS,-2.0,,,,,T1-shadow-v1,c17e0de5d818d2124ec9,65.5,66.2256340129289,WIN,65.97764068888767,WIN
ncaa,401868077,1,2,2026,5,Cal Poly,Weber State,2026-10-04T00:00:00+00:00,4d09a9b0cc8211ab990d9989,ncaa-d05e246769f11b1972c1,2026-10-03T21:26:17.457520Z,2026-10-04T17:18:53.776047+00:00,unknown,-8.0,76.0,incomplete,False,2.561817355555556,False,14.488239045670374,6.0,LOSS,0.0,,,,,58.739350541594014,67.5,LOSS,0.0,,,,,T1-shadow-v1,c17e0de5d818d2124ec9,67.5,68.2256340129289,WIN,67.97764068888767,WIN
ncaa,401868053,24,2,2026,5,Abilene Christian,West Florida,2026-10-04T00:00:00+00:00,a778cb2713fb13e5fe123d56,ncaa-d05e246769f11b1972c1,2026-10-02T23:51:27.687779Z,2026-10-04T17:18:53.776047+00:00,unknown,28.0,42.0,incomplete,False,24.142308950277776,False,3.1906915667170552,3.0,WIN,1.5,,,,,54.866519867587314,48.5,LOSS,0.0,,,,,T1-shadow-v1,c17e0de5d818d2124ec9,48.5,49.22563401292889,LOSS,49.907867569444754,LOSS
ncaa,401868053,1,2,2026,5,Abilene Christian,West Florida,2026-10-04T00:00:00+00:00,083f7525e507d140e8f26ea4,ncaa-d05e246769f11b1972c1,2026-10-03T21:26:17.457520Z,2026-10-04T17:18:53.776047+00:00,unknown,28.0,42.0,incomplete,False,2.561817355555556,False,3.375425497571823,4.5,LOSS,0.0,,,,,52.76857007644256,48.5,LOSS,0.0,,,,,T1-shadow-v1,c17e0de5d818d2124ec9,48.5,49.22563401292889,LOSS,49.907867569444754,LOSS
ncaa,401868086,24,2,2026,5,UC Davis,Eastern Washington,2026-10-04T02:30:00+00:00,b2d9d84895b674aea3948b54,ncaa-d05e246769f11b1972c1,2026-10-02T23:51:27.687779Z,2026-10-04T17:18:53.776047+00:00,unknown,11.0,87.0,incomplete,False,26.642308950277776,True,8.257404111691516,9.5,LOSS,-0.5,,,,,62.81026421775651,60.5,WIN,1.0,,,,,T1-shadow-v1,c17e0de5d818d2124ec9,60.5,61.22563401292889,WIN,60.52095053850975,WIN
ncaa,401868086,1,2,2026,5,UC Davis,Eastern Washington,2026-10-04T02:30:00+00:00,0c3e20fa8ebcf146387546d0,ncaa-d05e246769f11b1972c1,2026-10-04T00:45:02.253075Z,2026-10-04T17:18:53.776047+00:00,unknown,11.0,87.0,incomplete,False,1.7493741458333334,True,8.315191749946285,10.0,LOSS,0.0,,,,,61.19224303962824,61.5,LOSS,0.0,,,,,T1-shadow-v1,c17e0de5d818d2124ec9,61.5,62.22563401292889,WIN,61.52095053850975,WIN
ncaa,401867840,24,2,2026,5,Harvard,Colgate,2026-10-03T23:00:00+00:00,036b3706ba5e798f5c67fbf1,ncaa-d05e246769f11b1972c1,2026-10-02T19:24:27.273964Z,2026-10-04T17:18:53.776047+00:00,unknown,3.0,37.0,incomplete,False,27.592423898888885,True,16.480582429213175,,,,,,,,59.92326289995278,,,,,,,,,,,,,,
ncaa,401867840,1,2,2026,5,Harvard,Colgate,2026-10-03T23:00:00+00:00,b6b3a6e227cbd6ca9627902b,ncaa-d05e246769f11b1972c1,2026-10-03T21:26:17.457520Z,2026-10-04T17:18:53.776047+00:00,unknown,3.0,37.0,incomplete,False,1.5618173555555557,True,16.443529728867,4.5,LOSS,0.0,,,,,57.80040456156779,40.5,LOSS,0.0,,,,,T1-shadow-v1,c17e0de5d818d2124ec9,40.5,41.22563401292889,LOSS,40.69183511398525,LOSS
ncaa,401869131,24,2,2026,5,Lamar,Northwestern State,2026-10-03T23:00:00+00:00,c4314ddcf80cf63afd5a1dab,ncaa-d05e246769f11b1972c1,2026-10-02T19:24:27.273964Z,2026-10-04T17:18:53.776047+00:00,unknown,28.0,56.0,incomplete,False,27.592423898888885,True,16.941208313957546,,,,,,,,50.24517201439926,,,,,,,,,,,,,,
ncaa,401869131,1,2,2026,5,Lamar,Northwestern State,2026-10-03T23:00:00+00:00,2af51ff980360ac5796895ed,ncaa-d05e246769f11b1972c1,2026-10-03T21:26:17.457520Z,2026-10-04T17:18:53.776047+00:00,unknown,28.0,56.0,incomplete,True,1.5618173555555557,True,17.039100211877578,40.5,WIN,0.0,,,,,47.879883344692416,54.5,LOSS,0.0,,,,,T1-shadow-v1,c17e0de5d818d2124ec9,54.5,55.22563401292889,WIN,57.08021378276202,WIN
nfl,2026_04_GB_TB,24,2,2026,4,TB,GB,2026-10-04T13:00:00+00:00,fb812c4c4ecb93fc64a9872d,nfl-f6b86a58964932e2e1c2,2026-10-03T11:49:56.742722Z,2026-10-05T20:59:06.622210+00:00,unknown,-3.0,31.0,incomplete,False,25.167571466111113,True,-1.6297500000000005,-3.0,PUSH,0.0,,,,,47.55735,39.5,LOSS,-1.0,,,,,,,,,,,
nfl,2026_04_GB_TB,1,2,2026,4,TB,GB,2026-10-04T13:00:00+00:00,5798e633faf419b14bbdce4c,nfl-f6b86a58964932e2e1c2,2026-10-04T08:32:32.324509Z,2026-10-05T20:59:06.622210+00:00,unknown,-3.0,31.0,incomplete,False,4.457687636388889,True,-1.6297500000000005,-3.0,PUSH,0.0,,,,,47.55735,38.5,LOSS,0.0,,,,,,,,,,,
nfl,2026_04_LA_PHI,24,2,2026,4,PHI,LA,2026-10-04T13:00:00+00:00,a28691902f97b16500a798a7,nfl-f6b86a58964932e2e1c2,2026-10-03T11:49:56.742722Z,2026-10-05T20:59:06.622210+00:00,unknown,-4.0,44.0,incomplete,False,25.167571466111113,True,0.82745,-3.5,LOSS,0.0,,,,,47.01245,42.5,WIN,0.0,,,,,,,,,,,
nfl,2026_04_LA_PHI,1,2,2026,4,PHI,LA,2026-10-04T13:00:00+00:00,e89e6b01602a5f88909b6d05,nfl-f6b86a58964932e2e1c2,2026-10-04T08:32:32.324509Z,2026-10-05T20:59:06.622210+00:00,unknown,-4.0,44.0,incomplete,False,4.457687636388889,True,0.82745,-3.5,LOSS,0.0,,,,,47.01245,42.5,WIN,0.0,,,,,,,,,,,
nfl,2026_04_ARI_NYG,24,2,2026,4,NYG,ARI,2026-10-04T13:00:00+00:00,beee0519bb810411fbf180fa,nfl-f6b86a58964932e2e1c2,2026-10-03T11:49:56.742722Z,2026-10-05T20:59:06.622210+00:00,unknown,12.0,60.0,incomplete,False,25.167571466111113,True,-0.9218000000000003,-2.5,WIN,0.0,,,,,45.7239,44.5,WIN,0.0,,,,,,,,,,,
nfl,2026_04_ARI_NYG,1,2,2026,4,NYG,ARI,2026-10-04T13:00:00+00:00,3c82c547a87caa10475eb137,nfl-f6b86a58964932e2e1c2,2026-10-04T08:32:32.324509Z,2026-10-05T20:59:06.622210+00:00,unknown,12.0,60.0,incomplete,False,4.457687636388889,True,-0.9218000000000003,-2.5,WIN,0.0,,,,,45.7239,44.5,WIN,0.0,,,,,,,,,,,
nfl,2026_04_DAL_HOU,24,2,2026,4,HOU,DAL,2026-10-04T13:00:00+00:00,a881202b9d738c686d7c3322,nfl-f6b86a58964932e2e1c2,2026-10-03T11:49:56.742722Z,2026-10-05T20:59:06.622210+00:00,unknown,-4.0,64.0,incomplete,False,25.167571466111113,True,3.5126500000000003,3.0,LOSS,0.0,,,,,48.421549999999996,48.5,LOSS,0.0,,,,,,,,,,,
nfl,2026_04_DAL_HOU,1,2,2026,4,HOU,DAL,2026-10-04T13:00:00+00:00,498cded0d299a066c76d9c13,nfl-f6b86a58964932e2e1c2,2026-10-04T08:32:32.324509Z,2026-10-05T20:59:06.622210+00:00,unknown,-4.0,64.0,incomplete,False,4.457687636388889,True,3.5126500000000003,3.0,LOSS,0.0,,,,,48.421549999999996,48.5,LOSS,0.0,,,,,,,,,,,
nfl,2026_04_NYJ_CHI,24,2,2026,4,CHI,NYJ,2026-10-04T13:00:00+00:00,ece35ea65b640f876e02f41d,nfl-f6b86a58964932e2e1c2,2026-10-03T11:49:56.742722Z,2026-10-05T20:59:06.622210+00:00,unknown,11.0,35.0,incomplete,False,25.167571466111113,True,9.020900000000005,3.5,WIN,0.0,,,,,48.9014,43.5,LOSS,0.0,,,,,,,,,,,
nfl,2026_04_NYJ_CHI,1,2,2026,4,CHI,NYJ,2026-10-04T13:00:00+00:00,a4a68c49d45676f1182af3ae,nfl-f6b86a58964932e2e1c2,2026-10-04T08:32:32.324509Z,2026-10-05T20:59:06.622210+00:00,unknown,11.0,35.0,incomplete,False,4.457687636388889,True,9.020900000000005,3.5,WIN,0.0,,,,,48.9014,43.5,LOSS,0.0,,,,,,,,,,,
nfl,2026_04_NE_BUF,24,2,2026,4,BUF,NE,2026-10-04T13:00:00+00:00,1c3892423b2bec0db1e25fae,nfl-f6b86a58964932e2e1c2,2026-10-03T11:49:56.742722Z,2026-10-05T20:59:06.622210+00:00,unknown,-3.0,55.0,incomplete,False,25.167571466111113,True,5.211850000000003,7.0,WIN,0.0,,,,,47.49555,49.5,LOSS,-1.0,,,,,,,,,,,
nfl,2026_04_NE_BUF,1,2,2026,4,BUF,NE,2026-10-04T13:00:00+00:00,f3a14484f2f426ee45078fe6,nfl-f6b86a58964932e2e1c2,2026-10-04T08:32:32.324509Z,2026-10-05T20:59:06.622210+00:00,unknown,-3.0,55.0,incomplete,False,4.457687636388889,True,5.211850000000003,7.0,WIN,0.0,,,,,47.49555,50.5,LOSS,0.0,,,,,,,,,,,
nfl,2026_04_TEN_BAL,24,2,2026,4,BAL,TEN,2026-10-04T13:00:00+00:00,7d37fb3a8e05fa02a2a33348,nfl-f6b86a58964932e2e1c2,2026-10-03T11:49:56.742722Z,2026-10-05T20:59:06.622210+00:00,unknown,6.0,42.0,incomplete,False,25.167571466111113,True,13.218400000000008,11.5,LOSS,0.0,,,,,48.8663,42.5,LOSS,-1.0,,,,,,,,,,,
nfl,2026_04_TEN_BAL,1,2,2026,4,BAL,TEN,2026-10-04T13:00:00+00:00,8541946831ee0729069537dc,nfl-f6b86a58964932e2e1c2,2026-10-04T08:32:32.324509Z,2026-10-05T20:59:06.622210+00:00,unknown,6.0,42.0,incomplete,False,4.457687636388889,True,13.218400000000008,11.5,LOSS,0.0,,,,,48.8663,41.5,WIN,0.0,,,,,,,,,,,
nfl,2026_04_JAX_CIN,24,2,2026,4,CIN,JAX,2026-10-04T13:00:00+00:00,afbcd15e5dcc52b3e7ee1443,nfl-f6b86a58964932e2e1c2,2026-10-03T11:49:56.742722Z,2026-10-05T20:59:06.622210+00:00,unknown,-5.0,39.0,incomplete,False,25.167571466111113,True,-1.1978000000000002,2.5,WIN,0.0,,,,,48.416799999999995,51.5,WIN,0.0,,,,,,,,,,,
nfl,2026_04_JAX_CIN,1,2,2026,4,CIN,JAX,2026-10-04T13:00:00+00:00,df62a376818d3fb375a0e0c6,nfl-f6b86a58964932e2e1c2,2026-10-04T08:32:32.324509Z,2026-10-05T20:59:06.622210+00:00,unknown,-5.0,39.0,incomplete,False,4.457687636388889,True,-1.1978000000000002,2.5,WIN,0.0,,,,,48.416799999999995,51.5,WIN,0.0,,,,,,,,,,,
nfl,2026_04_MIA_MIN,24,2,2026,4,MIN,MIA,2026-10-04T16:05:00+00:00,55043497b6ca3b20de82d804,nfl-f6b86a58964932e2e1c2,2026-10-03T11:49:56.742722Z,2026-10-05T20:59:06.622210+00:00,unknown,5.0,25.0,incomplete,False,28.250904799444445,True,3.4492000000000007,10.0,WIN,0.0,,,,,43.7149,38.5,LOSS,0.0,,,,,,,,,,,
nfl,2026_04_KC_LV,24,2,2026,4,LV,KC,2026-10-04T16:25:00+00:00,a80b2b530b6698b451d572d2,nfl-f6b86a58964932e2e1c2,2026-10-03T11:49:56.742722Z,2026-10-05T20:59:06.622210+00:00,unknown,-3.0,57.0,incomplete,False,28.58423813277778,True,-4.177650000000002,-4.5,WIN,0.0,,,,,40.60964999999999,47.5,LOSS,0.0,,,,,,,,,,,
nfl,2026_04_LAC_SEA,24,2,2026,4,SEA,LAC,2026-10-04T16:25:00+00:00,7c82ef6edaca0a61b425e997,nfl-f6b86a58964932e2e1c2,2026-10-03T11:49:56.742722Z,2026-10-05T20:59:06.622210+00:00,unknown,7.0,53.0,incomplete,False,28.58423813277778,True,5.925050000000003,7.0,PUSH,0.0,,,,,42.15875,42.5,LOSS,0.0,,,,,,,,,,,
nfl,2026_04_DEN_SF,24,2,2026,4,SF,DEN,2026-10-04T16:25:00+00:00,5d9d9f1293ad4ab1d4b73a24,nfl-f6b86a58964932e2e1c2,2026-10-03T11:49:56.742722Z,2026-10-05T20:59:06.622210+00:00,unknown,10.0,38.0,incomplete,False,28.58423813277778,True,1.9064,3.0,LOSS,0.0,,,,,48.093,47.5,LOSS,1.0,,,,,,,,,,,
nfl,2026_04_DET_CAR,24,2,2026,4,CAR,DET,2026-10-04T20:20:00+00:00,a8ee1c607dad5a3045bfe98d,nfl-f6b86a58964932e2e1c2,2026-10-03T16:29:24.705789Z,2026-10-05T20:59:06.622210+00:00,unknown,6.0,58.0,incomplete,False,27.843137280833332,True,-5.156150000000001,-3.5,LOSS,0.0,,,,,48.75125000000001,50.5,LOSS,-1.0,,,,,,,,,,,
nfl,2026_04_DET_CAR,1,2,2026,4,CAR,DET,2026-10-04T20:20:00+00:00,b2575d2ed0740337e5dc5d82,nfl-f6b86a58964932e2e1c2,2026-10-04T15:25:59.285800Z,2026-10-05T20:59:06.622210+00:00,unknown,6.0,58.0,incomplete,False,4.900198388888889,True,-5.156150000000001,-3.5,LOSS,0.0,,,,,48.75125000000001,51.5,LOSS,0.0,,,,,,,,,,,
